timestamp,open,high,low,close,volume,ADX_14,ADXR_14_2,DMP_14,DMN_14,EMA_20,EMA_50,BBL_20_2.0_2.0,BBM_20_2.0_2.0,BBU_20_2.0_2.0,BBB_20_2.0_2.0,BBP_20_2.0_2.0,regime_label
2026-05-28 02:00:00,74313.0,74373.6,74081.9,74256.6,3652.024,34.315340316044725,33.24291117033948,10.311360388343926,29.301186880385874,74987.70410069168,75859.164,73942.17837759812,75100.47,76258.76162240189,3.0846454686685303,0.13572645105983355,2
2026-05-28 03:00:00,74256.6,74355.6,73036.0,73224.5,31055.812,36.50895408826861,34.88816345098729,8.28769484198878,39.10567735076191,74819.77990062581,75755.84384313726,73601.64635723368,74964.945,76328.24364276633,3.6371630573898965,-0.13832125456693628,1
2026-05-28 04:00:00,73224.4,73240.0,72667.9,73145.1,15398.619,38.82226420617591,36.56880226111032,7.592037400902079,41.22397021768876,74660.28657675668,75653.46173164168,73307.50627785931,74830.28000000001,76353.05372214071,4.069939928437259,-0.05332580786559603,1
2026-05-28 05:00:00,73145.1,73145.1,72872.5,72959.9,5389.586,40.970337887089826,38.73964598767922,7.278532665069153,39.52167224276764,74498.34499801794,75547.8318598126,73030.46953023488,74684.49500000001,76338.52046976514,4.429367755020972,-0.021332661293574702,1
2026-05-28 06:00:00,72960.0,73182.2,72729.2,73170.9,7675.794,43.07067703059871,40.94647061838731,6.777665102726886,38.97885644520066,74371.92166487339,75454.61884570231,72861.94517392883,74549.855,76237.76482607116,4.528271251690997,0.09151994416381058,1
2026-05-28 07:00:00,73171.0,73485.0,73113.2,73467.0,6114.88,43.832202954445435,42.40127042076763,11.058640016073355,36.7439430568657,74285.73864917117,75376.67300861595,72779.6670598472,74436.31,76092.9529401528,4.4511688990300575,0.2074475203719537,1
2026-05-28 08:00:00,73467.0,73474.8,73167.4,73294.0,3701.156,44.539334169445965,43.80500560002234,10.521498921803275,34.95921349222885,74191.2873492501,75294.99955729768,72691.04646514963,74318.26000000001,75945.47353485039,4.379040991676553,0.18527179191199736,1
2026-05-28 09:00:00,73293.9,73535.7,73230.0,73514.1,3180.086,44.951326230138974,44.391764592292205,10.98629965734047,33.23058788578797,74126.79331598818,75225.16035897227,72614.92245546737,74241.25,75867.57754453263,4.381196557257937,0.2764441725024828,1
2026-05-28 10:00:00,73514.0,73592.1,73316.5,73375.2,4263.274,45.100529734021265,44.819931951733615,11.420476452168769,31.7083538017741,74055.21300017978,75152.61289391453,72530.98520147931,74159.975,75788.9647985207,4.393177852394615,0.2591221870411117,1
2026-05-28 11:00:00,73375.3,73510.0,73280.7,73479.1,2762.54,45.294458962707395,45.122892596423185,10.970211699830886,31.073766434956884,74000.34509540076,75086.98493729044,72506.01862749159,74068.93,75631.8413725084,4.220153774351547,0.31130407956103856,1
2026-05-28 12:00:00,73479.0,73555.0,73221.6,73496.5,4128.714,45.56909487197434,45.334812302997804,10.332346492519992,30.297684259512977,73952.35984821974,75024.61297896532,72506.03560057317,73980.06,75454.08439942682,3.9849235035138495,0.3359728644288281,1
2026-05-28 13:00:00,73496.4,73549.9,72739.2,72988.5,13507.443,46.486517390625586,45.890488176666494,8.967006938003667,34.15709012552969,73860.56367219881,74944.76541116276,72408.15333935,73887.575,75366.99666065,4.004520815982924,0.19613970651038726,1
2026-05-28 14:00:00,72988.5,73557.3,72556.0,72997.5,27209.387,47.5445514476356,46.55682315980497,7.626535057983406,31.786058481224046,73778.3671319894,74868.40206170539,72354.71144082469,73787.45000000001,75220.18855917534,3.8834207149734166,0.22432165137835722,1
2026-05-28 15:00:00,72997.4,73155.4,72662.2,72899.1,6242.022,48.527011643430605,47.506764517028095,7.066209721977195,29.45072090480249,73694.62740513327,74791.17452987381,72323.79676822315,73680.41,75037.02323177685,3.6824258490875654,0.21203656956203273,1
2026-05-28 16:00:00,72899.0,73415.0,72704.0,73415.0,7672.331,48.25983122036517,47.902191334000385,10.080999716436008,26.435421482210952,73667.99622369201,74737.20690125131,72444.82833428477,73589.28000000001,74733.73166571526,3.1103760376925593,0.42385873286702125,1
2026-05-28 17:00:00,73414.9,73722.5,73280.0,73518.2,7308.713,46.81719220296442,47.672101923197516,13.89606688580583,24.737861876323528,73653.72991667374,74689.40270904537,72471.01796144691,73543.195,74615.3720385531,2.9157749770134354,0.4883438093238125,1
2026-05-28 18:00:00,73518.2,73723.0,73474.9,73626.4,3740.6,45.47574905534693,46.86779013785605,13.384899273534721,23.814486707946248,73651.12706746672,74647.7163282985,72508.05992784518,73505.01500000001,74501.97007215484,2.712617832007324,0.5608778687176029,1
2026-05-28 19:00:00,73626.4,73626.5,73336.0,73393.5,3831.301,44.52335563848883,45.67027392072663,12.783226220513722,24.893309079841117,73626.59115627942,74598.53137424758,72553.80390715739,73453.78500000002,74353.76609284265,2.450468938646607,0.46650762972719506,1
2026-05-28 20:00:00,73393.4,73698.6,73212.3,73553.5,4473.723,43.890422191134256,44.68308562324059,11.824956384681796,24.93406379902106,73619.63009377662,74557.54975172807,72660.97066004162,73404.38000000002,74147.78933995841,2.0255176597320057,0.6002946774978146,1
2026-05-28 21:00:00,73553.5,73900.0,73535.0,73796.3,3755.034,42.49481646030378,43.5090860493963,14.301764636156658,23.509555327936244,73636.45579913123,74527.69682028776,72739.50214508211,73378.545,74017.58785491789,1.741770308795004,0.8268599255786071,1
2026-05-28 22:00:00,73796.3,73932.2,73423.4,73448.7,3684.541,41.45498494877229,42.67270356995327,13.172060765157552,23.385098407510043,73618.57429445206,74485.38321949216,72848.0177020699,73338.15000000001,73828.28229793011,1.3366366561744574,0.6127756734935202,1
2026-05-28 23:00:00,73448.7,73695.0,73448.7,73591.4,1818.155,40.48942711663591,41.492121788469845,12.651099706506795,22.46020701502163,73615.98626640902,74450.32505402187,72856.8995026745,73356.49500000001,73856.09049732552,1.3621029666848554,0.7350951932688564,1
2026-05-29 00:00:00,73591.4,73834.6,73591.4,73693.8,2940.584,39.00494182598492,40.229963387378604,14.457188745630566,21.5537279573323,73623.39709817959,74420.65740484455,72873.07671546878,73383.93000000001,73894.78328453124,1.392275623644657,0.8032866865917669,1
2026-05-29 01:00:00,73693.9,73844.0,73430.5,73558.5,3074.38,38.050597093038725,39.27001210483732,13.462331158375747,22.748202172303067,73617.21642216248,74386.84731053692,72938.71575198516,73413.86000000002,73889.00424801487,1.2944265511031685,0.652206409531725,1
2026-05-29 02:00:00,73558.5,73616.9,73158.8,73201.9,3531.777,37.79397444065622,38.39945813332057,12.440923420714457,25.522216657945762,73577.66247719464,74340.37878855508,72943.41107091946,73415.41,73887.40892908054,1.2858306698295052,0.2738236393714599,1
2026-05-29 03:00:00,73201.9,73434.2,73201.9,73269.2,2273.527,37.55568197772961,37.80313953538417,11.94595953252315,24.506811678340775,73548.2850984142,74298.3717772392,72929.79810158444,73405.52000000002,73881.2418984156,1.296147478869646,0.35672301353580294,1
2026-05-29 04:00:00,73269.1,73485.7,73171.8,73466.4,2687.266,37.09050604303159,37.442240241843905,12.190073222245152,23.165617766710767,73540.48651761285,74265.74543303375,72940.68409019757,73414.14000000001,73887.59590980246,1.289822123646609,0.555189933125754,1
2026-05-29 05:00:00,73466.3,73682.3,73459.1,73663.0,2586.277,35.773685133497615,36.664683555613614,15.242612157957447,22.23385142783857,73552.15446831638,74242.10835722851,72936.95967418469,73421.585,73906.21032581532,1.3201167635248288,0.7490738588556489,1
2026-05-29 06:00:00,73663.0,73908.6,73599.6,73752.5,3791.082,33.66190242488309,35.37620423395734,18.523565792045463,20.975985161040754,73571.23499514339,74222.90802949406,72934.52125319601,73440.45,73946.37874680398,1.3777931556900422,0.8083932292553669,1
2026-05-29 07:00:00,73752.5,73797.3,73333.0,73488.0,6589.026,32.48780353890436,34.13074433620099,16.970010319285105,24.03249407839983,73563.30785274878,74194.0881067688,72934.80748322832,73440.89499999999,73946.98251677166,1.3782171820527873,0.5465383934981175,1
2026-05-29 08:00:00,73488.1,73799.8,73480.1,73625.2,3720.672,31.38764927618838,32.52477585053573,16.022198923572763,22.625387983306503,73569.20234296318,74171.77876924846,72935.03075315659,73447.33,73959.62924684341,1.395011219178177,0.673599708662429,1
2026-05-29 09:00:00,73625.1,73866.8,73615.0,73707.8,3377.656,30.089576290491493,31.288689914697926,16.523059856107377,21.554923508244155,73582.40211982383,74153.58352339557,73006.88518316213,73483.29499999998,73959.70481683784,1.2966479438295606,0.7356217190172101,1
2026-05-29 10:00:00,73707.8,73709.3,73556.1,73601.9,2012.414,29.072362287660056,30.23000578192422,16.026243723403997,22.06281947048498,73584.259060793,74131.94887541929,73093.51615651726,73513.515,73933.51384348274,1.1426438893113442,0.6052205278317953,1
2026-05-29 11:00:00,73601.9,73662.3,73305.1,73447.6,2660.912,28.862668052132296,29.476122171311893,14.901213428884995,25.446840145019973,73571.24391214605,74105.11166461854,73233.25192555056,73540.94000000002,73848.62807444947,0.8367803687291882,0.3483204131862703,1
2026-05-29 12:00:00,73447.5,73447.5,73166.0,73260.0,4671.173,29.02673013291227,29.049546210286163,14.063069723636,26.793918007636954,73541.6016347988,74071.97003071193,73205.01901824861,73533.19,73861.3609817514,0.8925792060738588,0.08376880469133023,1
2026-05-29 13:00:00,73260.1,73320.0,72866.0,73114.6,10431.33,29.849779035017427,29.356223543574863,12.811894614459728,30.289092745891388,73500.93481243702,74034.42610793893,73135.09183620413,73513.01,73890.92816379586,1.028166752513244,-0.027111473021430906,1
2026-05-29 14:00:00,73114.6,73206.8,72436.0,73065.8,17958.003,31.352613816256298,30.189671974584286,11.01936950222024,33.85641823007672,73459.49340172873,73996.44077037269,73062.00033593675,73484.98,73907.95966406324,1.1512003243744267,0.004491544613218213,1
2026-05-29 15:00:00,73065.8,74177.0,72970.1,73775.4,26414.41,29.54635037151901,29.69806470326822,24.26087031651951,27.393680380083353,73489.57974442124,73987.77250486787,73064.33492426087,73504.075,73943.81507573913,1.1965052978059507,0.8085061095966123,1
2026-05-29 16:00:00,73775.4,74124.0,73528.5,74022.0,10671.356,27.869105744262963,29.61085978025963,22.02668201689844,24.87099098805986,73540.28643542874,73989.11475957894,73030.48942084702,73527.50000000001,74024.51057915301,1.3519039247981859,0.9974743202073422,1
2026-05-29 17:00:00,74022.1,74293.1,73876.1,73954.3,9236.416,25.882497342908785,27.714423857213898,23.229634581451553,23.25593989658567,73579.71629872124,73987.74947488957,73015.88619895694,73535.4,74054.91380104305,1.412962467173777,0.9031654203978442,1
2026-05-29 18:00:00,73954.7,74040.3,73057.8,73343.0,11357.399,25.664914623808908,26.767010184035936,19.943562397386337,31.74802975917094,73557.17188931922,73962.46518175665,73004.76969090321,73530.11499999999,74055.46030909677,1.4289255744990512,0.32191237195807954,1
2026-05-29 19:00:00,73342.9,73693.6,73207.3,73489.0,5063.897,25.46287352750188,25.67268543520533,18.545191319344223,29.52197176033202,73550.67932843167,73943.89791972698,73000.1688434185,73524.995,74049.82115658149,1.4276128997533155,0.4657076923962284,1
2026-05-29 20:00:00,73489.0,73735.2,73474.2,73644.9,2733.462,25.158919277067007,25.411916950437956,18.443673064536863,28.372144041549504,73559.65272572389,73932.17251111024,73000.58723262398,73522.55,74044.51276737603,1.4198712296459413,0.6172018462303934,1
2026-05-29 21:00:00,73644.9,73829.2,73369.9,73385.3,2960.778,25.071213288624115,25.267043408062996,17.175883641478503,27.982831849317908,73543.04770422638,73910.7265302824,72988.7013886667,73513.89,74039.0786113333,1.4288146398818022,0.37757731486832546,1
2026-05-29 22:00:00,73385.2,73537.6,73344.6,73446.5,2819.48,25.03839509358287,25.09865718532494,16.657727084384298,27.534117070012766,73533.85268477626,73892.52156831053,73020.49442353114,73526.12,74031.74557646885,1.3753631402523456,0.4212658499634859,1
2026-05-29 23:00:00,73446.5,73478.3,73279.3,73428.2,2593.905,25.13861202168087,25.104912655152493,16.117808409912133,27.70525358598009,73523.79052432138,73874.31287935718,73040.59932641876,73534.07,74027.54067358126,1.3421552039245224,0.3927291877026019,1
2026-05-30 00:00:00,73428.2,73545.3,73367.3,73463.3,2044.48,24.99579421582969,25.01709465470628,16.769448061013335,26.866423362648863,73518.02952200506,73858.19472722553,73040.3528916057,73533.915,74027.47710839429,1.342406720475299,0.42846391690224955,1
2026-05-30 01:00:00,73463.3,73625.9,73430.9,73623.6,1904.226,24.57531532311926,24.856963672400063,17.616609028804145,25.93985230254743,73528.08385324267,73848.994934001,73040.24125318482,73531.945,74023.64874681519,1.3373881156419374,0.5932014455794347,3
2026-05-30 02:00:00,73623.6,73747.6,73575.0,73747.4,1656.896,23.754982345083267,24.375388280456477,19.300106003363222,25.11423332749158,73548.97110531479,73845.01081894214,73040.46279819823,73531.69,74022.91720180177,1.3360965912840257,0.7195623524194007,3
2026-05-30 03:00:00,73747.4,73757.9,73485.0,73492.4,2342.889,23.233392919027246,23.904354121073254,18.307908071441723,25.51855844213203,73543.58338099909,73831.18294368952,73040.76125031583,73531.90999999999,74023.05874968415,1.3358792113088271,0.45977796947930505,3
2026-05-30 04:00:00,73492.4,73549.7,73130.1,73365.9,5392.981,23.591105168187806,23.673043756635536,16.871709960128936,30.151787130552744,73526.66115423727,73812.9365537409,73024.48662124976,73518.94499999999,74013.40337875023,1.3451182650954372,0.34523975467174167,3
2026-05-30 05:00:00,73365.9,73671.2,73309.4,73567.5,3787.971,23.470304822757047,23.351848870892148,18.006310954503572,28.104541736040524,73530.55056811943,73803.3115908491,73024.82678128274,73511.93000000001,73999.03321871728,1.3252358323805882,0.5570412982964164,3
2026-05-30 06:00:00,73567.5,73685.0,73492.0,73550.7,1817.693,23.30578444732872,23.448444807758264,17.598757881567167,27.049453526527053,73532.46956163188,73793.40525395305,73023.72170143895,73509.37000000001,73995.01829856107,1.321323522596,0.542551369089982,3
2026-05-30 07:00:00,73550.7,73555.0,73448.4,73513.9,1146.127,23.26589309936036,23.368098961058703,17.214354167958604,27.351998620792166,73530.70103195265,73782.44426360195,73027.90768041971,73512.68500000001,73997.46231958031,1.3188943366176924,0.5012531526856845,3
2026-05-30 08:00:00,73514.0,73527.7,73471.0,73491.6,936.345,23.22885113338974,23.26731779035923,17.001634923365415,27.014007637920525,73526.97712414763,73771.0386062058,73054.05655227038,73524.26500000001,73994.47344772964,1.2790565066638346,0.46526540499460517,3
2026-05-30 09:00:00,73491.7,73590.3,73470.5,73576.8,1025.741,22.91124482650876,23.08856896293456,17.965723764190294,26.27521796167234,73531.72215994309,73763.42140596244,73118.31016684172,73547.37500000001,73976.4398331583,1.1667713039609975,0.5342896897228732,3
2026-05-30 10:00:00,73576.8,73648.0,73558.0,73615.4,1539.798,22.352734875775198,22.79079300458247,18.964633050464514,25.706438269273743,73539.69147804375,73757.6166449443,73210.07131225803,73574.855,73939.63868774196,0.9915987948381586,0.5555740310798639,3
2026-05-30 11:00:00,73615.4,73619.8,73529.1,73567.9,983.089,21.934075678354375,22.42266025243157,18.529315093467815,25.847763765823235,73542.37800394434,73750.1767765151,73212.12068219697,73564.48000000001,73916.83931780305,0.957960466255025,0.5048530006547115,3
2026-05-30 12:00:00,73568.0,73697.2,73556.4,73661.5,1208.698,21.16773192102542,21.76023339840031,19.87608587569459,24.892526688922793,73553.72295594963,73746.69925586745,73262.37328844042,73546.455,73830.53671155959,0.7725231938360198,0.7024857555391555,3
2026-05-30 13:00:00,73661.5,73814.2,73638.2,73805.0,3299.249,19.9097064093441,20.921891043849236,22.084570951905643,23.71284056039644,73577.65410300205,73748.98555955893,73295.01850123212,73538.98999999999,73782.96149876787,0.6635160443946115,1.0451661389617959,3
2026-05-30 14:00:00,73804.9,74078.6,73783.5,73901.0,6239.784,19.294371727411747,20.231051824218582,27.406408756789848,21.843608978865483,73608.44895033518,73754.94691016446,73291.66725843563,73566.89,73842.11274156437,0.7482244840426773,1.1069810912080016,3
2026-05-30 15:00:00,73901.0,74011.2,73803.1,73888.0,2752.922,18.722989522760276,19.316347966052188,25.858415742474094,20.609818940674092,73635.07285982707,73760.16467839331,73279.42783779069,73586.84,73894.2521622093,0.8355085289959673,0.9898309777915559,3
2026-05-30 16:00:00,73888.0,73949.4,73844.3,73899.9,1681.044,18.19242033272677,18.743396030069256,25.087702061383904,19.995540417946255,73660.2944922245,73765.64449492692,73262.3348325073,73599.59,73936.84516749269,0.9164593647673702,0.9452266843420611,3
2026-05-30 17:00:00,73900.0,73989.9,73772.5,73982.0,2549.851,17.331022553944848,18.02700603835256,23.525721539014647,20.80686959009462,73690.93311201264,73774.12902453763,73267.33032279019,73629.425,73991.51967720981,0.9835597037728068,0.9868547125807412,3
2026-05-30 18:00:00,73982.0,74108.8,73899.0,74007.5,2577.946,17.04338783927654,17.617904086001655,25.540205303801784,19.54235934351682,73721.08233944,73783.28082749694,73269.08351613692,73657.475,74045.8664838631,1.054588102193533,0.9506084898135685,3
2026-05-30 19:00:00,74007.5,74045.0,73934.9,73980.1,1515.724,16.776298461370253,17.05366050765755,24.692118173304777,18.89343646832296,73745.75068806477,73790.99922641863,73286.96450697149,73685.07,74083.17549302852,1.0805594485518362,0.8705424883183729,3
2026-05-30 20:00:00,73980.0,73986.2,73888.5,73944.5,1402.262,16.257801566077386,16.650594702676962,23.93266825807533,19.77304599121478,73764.67919396335,73797.0188645983,73309.29786627583,73709.13,74108.96213372418,1.0848917460406318,0.7943360227299329,3
2026-05-30 21:00:00,73944.4,74028.3,73888.1,73954.8,1396.51,15.98072847364604,16.378513467508146,24.209265029819235,18.875853712467087,73782.78593739541,73803.20636010425,73313.52857582318,73725.69000000002,74137.85142417686,1.1180944503248194,0.7779372189640983,3
2026-05-30 22:00:00,73954.8,73954.8,73755.6,73849.8,1581.454,14.946353359275435,15.60207746267641,22.637571755784265,21.968710864234033,73789.16822907203,73805.03356166878,73314.98523478159,73730.81000000001,74146.63476521843,1.1279538776758908,0.6430770963551057,3
2026-05-30 23:00:00,73849.8,73971.5,73750.0,73856.8,1760.006,14.07711429512326,15.02892138438465,21.548486493317824,20.38401813059193,73795.60935011279,73807.06361807394,73345.43603989639,73749.03,74152.6239601036,1.094506490739222,0.6335128999110121,3
2026-05-31 00:00:00,73856.9,74013.8,73821.4,74003.7,1656.714,13.507255555144377,14.226804457209905,21.576107538749923,19.095508297289495,73815.42750724491,73814.77484873771,73404.94486868284,73780.92,74156.89513131716,1.0191662866691231,0.7962695953047891,3
2026-05-31 01:00:00,74003.7,74250.0,73991.1,74021.1,3923.269,14.121369864250818,14.09924207968704,27.421364423613173,17.49308918332643,73835.01536369778,73822.86603114016,73427.10708121498,73803.6,74180.09291878503,1.0202562443702505,0.7888500542080491,3
2026-05-31 02:00:00,74021.2,74211.4,73839.0,74060.9,3386.507,13.76963443970044,13.638444997422408,24.266926576339515,20.179184853343536,73856.52818620275,73832.20069658566,73455.64048091615,73829.11000000002,74202.57951908388,1.0117134530915197,0.8103198362326418,3
2026-05-31 03:00:00,74061.0,74200.0,74030.7,74107.6,1568.561,13.443022974046517,13.782196419148669,22.973076256057684,19.103282443395127,73880.43978751678,73843.00066926857,73496.60781678568,73858.79500000001,74220.98218321435,0.9807557331915229,0.8434757102555365,3
2026-05-31 04:00:00,74107.5,74194.6,74061.8,74144.3,1527.358,13.139740898796445,13.454687669248443,21.982970819306285,18.279959367452456,73905.5693315628,73854.81632929726,73551.62108713326,73891.43000000001,74231.23891286676,0.91975189238251,0.87207676200529,3
2026-05-31 05:00:00,74144.3,74180.1,74018.1,74027.9,1185.69,12.573060490616074,13.008041732331296,20.80500743957881,18.745901987470404,73917.21987141397,73861.60392422679,73603.48780092713,73913.985,74224.48219907287,0.8401581894762307,0.6834396579745965,3
2026-05-31 06:00:00,74027.8,74077.5,73958.1,74020.0,1375.184,11.688383300395046,12.414062099595746,19.95622236130984,20.031230756899284,73927.00845508883,73867.81553504143,73654.4250240679,73934.21500000001,74214.00497593213,0.7568619641991609,0.6533024900448948,3
2026-05-31 07:00:00,74020.1,74020.1,73793.2,73833.3,2630.692,11.806205942052296,12.189633216334185,18.418431236543203,24.087880742548975,73918.08384031846,73866.46198464766,73720.69186657456,73947.485,74174.27813342544,0.6133897141341291,0.24826177875103664,3
2026-05-31 08:00:00,73833.2,73952.9,73816.8,73913.4,2101.272,11.915612680734029,11.801997990564537,17.545091988416896,22.945715517591296,73917.63776028813,73868.30269113206,73776.25025496836,73960.08,74143.90974503165,0.49710531689972715,0.373034693074367,3
2026-05-31 09:00:00,73913.4,73998.9,73779.8,73814.5,1278.977,11.686243107715955,11.746224524884125,17.807148280006704,21.202740083335765,73907.81511645117,73866.19278167591,73778.37073844485,73960.55500000001,74142.73926155517,0.49265249984983944,0.09915582511558424,3
2026-05-31 10:00:00,73814.6,73875.6,73701.0,73871.5,1881.903,11.93058446249335,11.92309857161369,16.717355834296836,22.667187487972228,73904.356533932,73866.4009078847,73774.4049043648,73959.08,74143.7550956352,0.49939803371054464,0.262880859222616,3
2026-05-31 11:00:00,73871.5,73949.0,73868.4,73913.6,1037.673,11.617081574198902,11.65166234095743,18.912623923998733,21.997909839171626,73905.23686403371,73868.25185267354,73777.41247919439,73960.36000000002,74143.30752080564,0.4947177672083387,0.3722037888403796,3
2026-05-31 12:00:00,73913.6,73975.1,73841.6,73892.1,1075.096,11.492349518572412,11.71146699053288,17.96638606618012,21.90169798124187,73903.98573412573,73869.18707413733,73776.44744896787,73959.97000000002,74143.49255103216,0.4962753528216601,0.31509084409980403,3
2026-05-31 13:00:00,73892.2,73997.8,73770.1,73841.0,1208.222,11.811057426021872,11.714069500110387,16.45424298213198,22.701205053101802,73897.98709278041,73868.08169868097,73762.26628138545,73952.92000000001,74143.57371861457,0.5156083589790852,0.20648356398890913,3
2026-05-31 14:00:00,73841.0,73841.1,73388.0,73570.3,10243.792,13.786558806636966,12.63945416260469,13.939983314570455,32.11830318019225,73866.7787982299,73856.40398500721,73677.0318672843,73931.06000000001,74185.08813271573,0.6872027337785054,-0.2100788328900186,3
2026-05-31 15:00:00,73570.2,73745.6,73550.2,73613.5,1798.301,15.620952945779555,13.716005185900713,13.016276458383928,29.990044043353013,73842.6570079223,73846.87833853635,73623.17915290552,73912.73000000001,74202.2808470945,0.7834938503678364,-0.016714081486282662,3
2026-05-31 16:00:00,73613.4,73697.3,73340.7,73499.9,3882.979,17.977345138514842,15.881951972575905,11.516477524865868,33.30382582666423,73810.01348335827,73833.27134486826,73547.82496289759,73890.5,74233.17503710241,0.9275212296639216,-0.06992771242229885,3
2026-05-31 17:00:00,73500.0,73704.0,73431.3,73681.3,1743.969,20.110492579823436,17.865722762801497,10.731295439193374,30.417421574194403,73797.75505637177,73827.31168428519,73523.29709668604,73876.825,74230.35290331395,0.9570738951327491,0.22346595817875625,3
2026-05-31 18:00:00,73681.3,73681.3,73540.2,73573.8,1074.422,22.091272346752845,20.034308742633844,10.23691781627647,29.016128257994183,73776.42600338398,73817.37004960734,73484.3988415069,73863.02500000001,74241.65115849311,1.0252116224406063,0.11805993390539533,3
2026-05-31 19:00:00,73573.7,73623.4,73417.2,73521.9,1267.919,24.300311856057835,22.205402217940637,9.544889464460777,31.087071747946307,73752.18543163313,73805.78298883843,73438.03110481282,73846.28000000001,74254.5288951872,1.1056722022753014,0.1027178470975623,3
2026-05-31 20:00:00,73521.9,73732.7,73521.9,73710.9,1887.159,25.40355178421642,23.74741206548463,12.475369942842855,28.93367109666032,73748.25348576331,73802.06208731535,73426.16974461683,73831.64000000001,74237.1102553832,1.098364482715509,0.35111115008187865,3
2026-05-31 21:00:00,73710.9,73897.6,73590.2,73860.6,2408.604,25.195059366286205,24.74768561117202,16.514398732041073,26.094969405193346,73758.95315378586,73804.35769173436,73427.69244364322,73823.615,74219.5375563568,1.072617634226633,0.5467073666379736,1
2026-05-31 22:00:00,73860.5,73975.0,73645.6,73918.5,2766.503,24.4873162838589,24.94543403403766,17.224587474231843,23.44099531140146,73774.14809152055,73808.83386068595,73433.63325787963,73816.49500000001,74199.35674212039,1.0373338428501153,0.6332138847760833,1
2026-05-31 23:00:00,73918.6,74179.9,73470.8,73653.2,5330.693,22.827986432131105,24.011522899208657,19.451393420529005,18.968570365839987,73762.62922566145,73802.7305720316,73430.2052839598,73793.77500000001,74157.34471604021,0.9853668986041304,0.30667394202812776,3
2026-06-01 00:00:00,73653.2,74070.5,73620.0,73855.0,3770.449,21.28718014124101,22.887248212549956,17.20542149735417,16.778348023234972,73771.42644226513,73804.78035352056,73453.38945495151,73779.31000000001,74105.23054504851,0.8835012012134631,0.6161172579481355,3
2026-06-01 01:00:00,73854.9,73890.0,73235.0,73257.8,5614.578,21.399809857135043,22.113898144633076,14.571057075893226,23.209113923960874,73722.50963823988,73783.33014357858,73361.03001135476,73740.80500000001,74120.57998864526,1.0300266959256847,-0.13590943906416775,3
2026-06-01 02:00:00,73257.9,73865.0,73171.0,73766.3,5651.739,21.729747172668265,21.50846365695464,12.403979621683542,21.128868721960714,73726.6801488837,73782.6622948108,73371.35974967631,73728.12000000001,74084.88025032371,0.9677725413958728,0.5535093244908186,3
2026-06-01 03:00:00,73766.2,73998.8,73692.9,73731.3,3361.378,21.277111689707414,21.33846077342123,14.47032433366944,19.735589478578323,73727.1201347043,73780.64808717117,73369.69087298033,73723.02000000002,74076.34912701971,0.9585313434519995,0.511717120620405,3
2026-06-01 04:00:00,73731.4,73815.9,73307.7,73497.6,4968.162,22.109281398306027,21.919514285487146,12.943297329367782,25.651640800054402,73705.26107425627,73769.54816218406,73347.1400508315,73702.23000000001,74057.31994916852,0.9635799328419566,0.2118617402728921,3
2026-06-01 05:00:00,73497.5,73507.9,73283.5,73319.5,2267.135,22.948258408944152,22.112685049325783,12.324822539240367,24.941229321571697,73668.5219243271,73751.89921464742,73288.00029523794,73677.48000000001,74066.95970476208,1.0572557714027861,0.04043818506704929,3
2026-06-01 06:00:00,73319.5,73339.3,72917.0,73106.6,7954.82,24.596760650176517,23.353021024241272,11.236652106245616,30.401620501276696,73615.00555058167,73726.59336309263,73185.11811138343,73639.23500000002,74093.3518886166,1.2333558017450432,-0.08645143282671419,3
2026-06-01 07:00:00,73106.6,73177.8,72668.0,72776.1,6817.045,26.584993795138317,24.766626102041236,10.079671550057716,32.30040236384622,73535.1097838596,73689.31911355958,73004.78143063482,73582.36000000002,74159.93856936521,1.5698832420302897,-0.19796564724185228,3
2026-06-01 08:00:00,72776.1,72907.8,72573.5,72875.7,6995.32,28.588377576682383,26.592569113429448,9.396431513984393,32.027071711153155,73472.30885206346,73657.4124816553,72893.0612474372,73531.54000000001,74170.01875256281,1.7366119424747672,-0.013595791063930489,1
2026-06-01 09:00:00,72875.8,73084.0,72801.1,72855.2,5876.471,29.509948781373986,28.04747128825615,12.473416545787472,30.16372709308428,73413.53658043838,73625.95316864921,72794.088141744,73482.25000000001,74170.41185825603,1.873001597681123,0.044402241654946197,1
2026-06-01 10:00:00,72855.2,72878.1,72551.0,72725.9,4945.966,30.84620905580305,29.717293316242717,11.63082200565805,33.291083308885625,73348.04738230139,73590.6569659571,72675.26598658736,73440.03,74204.79401341264,2.0826898175630957,0.03310433841329055,1
2026-06-01 11:00:00,72725.9,72742.0,72188.0,72452.8,9571.993,32.650481641003495,31.08021521118874,10.354981342735986,36.82680796381527,73262.78572684411,73546.03512415486,72504.76563078634,73381.995,74259.22436921365,2.3908572374290427,-0.029619180917822494,1
2026-06-01 12:00:00,72452.7,72583.7,71862.6,72193.1,22210.026,34.72784758095009,32.78702831837657,8.974951288655625,37.93279239510599,73160.91089571611,73492.97884477625,72293.81505167221,73316.655,74339.49494832779,2.790198075260771,-0.049233045618162996,1
2026-06-01 13:00:00,72193.2,72288.0,71350.0,71698.7,32500.86,37.145125426563744,34.897803533783616,7.562984558522594,40.562509392805374,73021.65271517172,73422.61496851052,71981.42462275224,73217.525,74453.62537724775,3.3765150549619265,-0.11436151462947634,1
2026-06-01 14:00:00,71698.8,71884.9,71387.6,71548.5,14314.072,39.38974056891928,37.05879407493468,6.939638107849708,37.2193191397064,72881.35245658393,73349.12026386305,71686.40132107938,73116.26000000001,74546.11867892064,3.911192062943676,-0.048222010717687475,1
2026-06-01 15:00:00,71548.5,71662.6,71035.3,71099.4,17524.364,41.75385963025636,39.44949252841005,6.240884686897202,39.12659328147593,72711.64269881403,73260.89593978999,71320.48748733215,72995.13500000001,74669.78251266787,4.588381164492279,-0.06601015606560329,1
2026-06-01 16:00:00,71099.5,71600.0,70650.9,71537.7,20585.239,44.20017318192054,41.79495687541991,5.361298359726647,39.32037567475909,72599.83863226032,73193.31962842567,71127.48200354454,72886.475,74645.46799645547,4.8266650196911325,0.11660592091102151,1
2026-06-01 17:00:00,71537.7,71788.5,71438.9,71617.9,9208.61,45.67719691441699,43.71552827233667,7.932323052350117,37.2384371958628,72506.32066728314,73131.53846652663,70991.04644338826,72774.34000000001,74557.63355661176,4.900885550076447,0.1757572538429269,1
2026-06-01 18:00:00,71617.5,71670.7,71350.1,71470.1,5092.421,47.1266584023048,45.66341579211267,7.538145811917879,36.764351973136066,72407.63298468475,73066.38401685892,70863.19200078989,72651.92000000001,74440.64799921014,4.924103861839094,0.16964792843800713,1
2026-06-01 19:00:00,71470.1,71645.2,71358.0,71571.0,3402.005,48.47258692677205,47.074891920594524,7.193300022827663,35.0825017830638,72327.95365281001,73007.74150639387,70762.08291069604,72547.81000000001,74333.53708930398,4.9228972984958945,0.2264951610324877,1
2026-06-01 20:00:00,71571.0,71670.0,71383.8,71419.8,2339.282,49.60427148803523,48.36546494517002,7.262183403011514,33.44075438511232,72241.46282873287,72945.46929045685,70684.05768688617,72426.05,74168.04231311384,4.810402646875909,0.21117840405354185,1
2026-06-01 21:00:00,71419.7,71419.8,70911.0,71004.6,6654.354,51.08793813540713,49.78026253108959,6.665037402136038,38.331913935923595,72123.66636885355,72869.35676926246,70507.61456848783,72313.39,74119.16543151217,4.9943044614895555,0.13760997708779263,1
2026-06-01 22:00:00,71004.6,71439.5,70806.0,71376.6,7396.047,52.54821139861829,51.076241443326765,6.003160164096103,36.171283845822295,72052.5171908675,72810.81728811491,70478.95445294555,72193.90500000001,73908.85554705448,4.750956599603437,0.26171178772362313,1
2026-06-01 23:00:00,71376.7,71564.0,71199.0,71391.5,4448.792,53.322574003573486,52.205256069490304,7.634495653844455,34.07185316732232,71989.56317268964,72755.15778662021,70489.02992889035,72076.915,73664.80007110964,4.4060850026937075,0.2841736116578601,1
2026-06-02 00:00:00,71391.5,71397.0,71071.5,71266.6,3758.49,54.17171871935025,53.35996505898427,7.231404662513595,34.341055153381255,71920.70953719539,72696.78297145864,70488.10247296233,71965.365,73442.62752703768,4.105481927417928,0.2634932900514239,1
2026-06-02 01:00:00,71266.5,71357.2,70555.7,70615.2,8460.939,55.40285407035931,54.362714036966395,6.343280163158017,38.02713426706219,71796.37529555774,72615.15226669557,70379.95591280803,71830.15,73280.34408719196,4.037842290993309,0.08110779421514365,1
2026-06-02 02:00:00,70612.2,70855.9,70038.0,70820.0,18148.055,56.87578771873533,55.52375321904279,5.58894800947617,41.03209437455025,71703.38717217128,72544.75413858987,70330.24011592327,71715.81999999999,73101.39988407672,3.8640843375331246,0.1767346255907436,1
2026-06-02 03:00:00,70820.0,71022.4,70768.5,70920.7,4366.617,57.57765906735574,56.490256568857525,7.882610315814219,39.46321912443198,71628.8455367264,72481.0657409981,70288.87595233088,71623.05000000002,72957.22404766915,3.7255437953818875,0.23678471664658013,1
2026-06-02 04:00:00,70920.8,71022.7,70690.1,70782.3,4111.213,58.29159845710039,57.583693087917865,7.479184927397857,38.649912587407144,71548.22215227627,72414.44747664523,70272.44266846789,71518.38,72764.31733153212,3.4842437189771736,0.20460793598067514,1
2026-06-02 05:00:00,70782.3,70820.8,70222.2,70235.1,9508.479,59.2878456493423,58.43275235834902,6.804234902352098,42.21596897867934,71423.16289967853,72328.98286971798,70182.98103949318,71387.37500000001,72591.76896050684,3.3742491876380933,0.021637006750220088,1
2026-06-02 06:00:00,70235.1,70414.9,69889.1,70076.7,12658.956,60.40995752347802,59.3507779902892,6.269068416613654,43.87828743583786,71294.92833780438,72240.65805129767,70088.22922121419,71254.91500000001,72421.60077878583,3.274681553646698,-0.004941013863301118,1
2026-06-02 07:00:00,70076.6,70249.6,69666.8,70079.4,12331.391,61.570951161594614,60.42939840546846,5.731015672312473,43.3860855214255,71179.16373420396,72155.90283359971,70000.16260218216,71136.24500000001,72272.32739781786,3.1941028031992755,0.03487308577706734,1
2026-06-02 08:00:00,70079.5,70146.2,69677.6,69794.4,6528.391,62.64901668270288,61.529487103090446,5.334565749067996,40.38480071288002,71047.28147380358,72063.29487934092,69844.11792861814,71016.31,72188.50207138185,3.3011911527981517,-0.021207244884167475,1
2026-06-02 09:00:00,69794.4,69820.4,69277.8,69393.2,13831.28,63.853524230162364,62.712237695878486,4.91093891445728,43.02900877232223,70889.74990486991,71958.58527622951,69568.86414439391,70901.035,72233.2058556061,3.7578319007785743,-0.06593153710527398,1
2026-06-02 10:00:00,69393.1,69732.2,69316.5,69620.8,7571.511,64.97199552423189,63.81050610346738,4.60896285285127,40.38313375122917,70768.89753297754,71866.90742225973,69393.13975915869,70804.65000000001,72216.16024084133,3.9870552028470505,0.08064420443227563,1
2026-06-02 11:00:00,69620.9,69635.0,69364.1,69430.2,3599.617,66.01057601158216,64.93205012087226,4.418295470535437,38.71253091760172,70641.40252983682,71771.35026844562,69190.6834228378,70721.19,72251.6965771622,4.328282872961281,0.07824748378615227,1
2026-06-02 12:00:00,69430.2,69514.6,68955.0,68985.5,12233.401,67.17244451651675,66.07222002037432,4.045949201730718,41.61097936245444,70483.69752699521,71662.1012383105,68929.91984543279,70593.58,72257.24015456722,4.713346892358247,0.01670417916021838,1
2026-06-02 13:00:00,68985.4,69171.0,68736.0,68788.9,18381.657,68.34269528366826,67.1766356476252,3.779323189427701,42.18653555652696,70322.28823870995,71549.42667994539,68677.7888673094,70452.13,72226.47113269061,5.037012032682634,0.03131053286300901,1
2026-06-02 14:00:00,68788.9,68818.4,67573.5,67990.0,44046.045,69.77243623270833,68.47244037461255,3.141318394890121,50.8289057893441,70100.16554930901,71409.84131994753,68258.5040310009,70278.12500000001,72297.74596899912,5.747509538705274,-0.06647386690928757,1
2026-06-02 15:00:00,67989.9,68075.0,67035.5,67274.0,32842.651,71.20571612884459,69.77420570625642,2.7273017418930268,50.951048219660436,69831.00692556529,71247.65146426331,67732.4898204612,70063.27500000001,72394.06017953882,6.653372054157651,-0.09835522906317706,1
2026-06-02 16:00:00,67274.0,68121.9,67196.2,67393.0,26315.425,72.37675690850779,71.07459657060807,2.9897840650262406,45.23365587534321,69598.81578979717,71096.48866174319,67336.93951420939,69861.935,72386.93048579061,7.2285300594397,0.011101106141792027,1
2026-06-02 17:00:00,67393.1,67821.9,67345.0,67466.0,9351.26,73.46415191819504,72.33493402351982,2.814558718242159,42.58260052663553,69395.69047648316,70954.1165573611,67005.93025046823,69685.005,72364.07974953178,7.689099683731894,0.08586355226038005,1
2026-06-02 18:00:00,67466.0,67641.6,67088.0,67315.5,7382.764,74.5356099230486,73.45618341577818,2.6224208628036627,42.84479614839345,69197.57709777047,70811.4257119744,66728.1476208962,69481.95,72235.7523791038,7.9266698159847255,0.10664388693261115,1
2026-06-02 19:00:00,67315.5,67474.2,66388.0,67286.7,27447.846,75.67039970010651,74.56727580915077,2.2918349361646473,45.56772865528741,69015.5888027447,70673.20117424992,66510.3118843421,69276.71,72043.10811565792,7.986517014615474,0.14032472608760052,1
2026-06-02 20:00:00,67286.7,67687.4,66880.1,67556.0,12855.437,76.0067767997968,75.27119336142269,4.502232797464117,41.391336624160964,68876.58034534045,70550.957990946,66389.7454449612,69091.18000000001,71792.61455503882,7.819911470722629,0.21585837659170082,1
2026-06-02 21:00:00,67556.0,67899.9,67373.5,67532.1,8980.536,75.62881538409131,75.64960754209892,6.670975425780143,38.8885098601349,68748.53459816518,70432.57140306577,66249.93601287347,68937.025,71624.11398712652,7.795778791227282,0.23857862416712067,1
2026-06-02 22:00:00,67532.1,67532.1,66210.0,66354.2,21317.088,75.7800325637836,75.8934046817902,5.733287789535301,45.79228662677755,68520.50273167326,70272.6352696122,65944.53044138152,68713.73500000002,71482.93955861851,8.060119446624455,0.07396881486119895,1
2026-06-02 23:00:00,66354.3,66844.8,66150.7,66730.0,20673.103,75.94112223288988,75.78496880849059,5.311198975115261,43.04999928231071,68349.9786619901,70133.70839629408,65804.8138054424,68504.20000000001,71203.58619455762,7.880936335458573,0.17136973516848344,1
2026-06-03 00:00:00,66730.1,67195.7,66620.4,66900.2,14643.212,75.11740525646155,75.44871891012258,8.744719304890618,40.39545704344476,68211.90450370533,70006.90414545903,65745.50622412028,68310.095,70874.68377587972,7.508666986569754,0.2251225979657548,1
2026-06-03 01:00:00,66900.3,67010.0,66442.0,66890.8,10585.483,74.45477159554964,75.19794691421976,8.206669962434542,39.84250014650219,68086.08502716197,69884.70398289202,65672.38735907957,68142.87999999999,70613.37264092041,7.250919365076499,0.2465930520777618,1
2026-06-03 02:00:00,66890.8,66913.0,66547.4,66588.0,4630.414,73.83946891041715,74.47843708343936,7.870973165249742,38.21272829601486,67943.41026267035,69755.42147375901,65581.62696360887,67968.44499999999,70355.26303639112,7.0233121749103535,0.21081896924006202,1
2026-06-03 03:00:00,66588.0,66635.0,65359.1,65818.4,29211.393,73.84650285811921,74.15063722683442,6.822161813337437,45.53105130228262,67741.02833289222,69601.02847478807,65401.494181559996,67755.395,70109.29581844002,6.94823140929224,0.08855636889499278,1
2026-06-03 04:00:00,65818.3,66594.7,65791.4,66439.2,13975.579,73.85303438098539,73.84625164570127,6.256870959575061,41.758304837511425,67617.04468214058,69477.03520126696,65371.379619242456,67587.63500000001,69803.89038075756,6.55816816421391,0.24090643840705395,1
2026-06-03 05:00:00,66439.1,67380.0,66439.1,67290.2,22670.597,71.94889735615723,72.89770010713822,13.562816339784911,37.80673632644691,67585.91661717481,69391.27695808002,65433.69769524988,67482.485,69531.27230475012,6.072056489176768,0.45307345971097385,1
2026-06-03 06:00:00,67290.2,67493.8,66913.1,66949.3,10542.247,69.93440894670353,71.89372166384446,13.919883890465737,35.569569816696436,67525.28646315816,69295.51315580237,65554.57304062211,67348.91,69143.2469593779,5.328481067853634,0.38864689045402373,1
2026-06-03 07:00:00,66949.4,67299.9,66828.5,67186.7,6907.108,68.13780255362296,70.04334995489009,13.235212059142444,34.70275291817351,67493.04013333358,69212.81460067286,65733.32177841317,67236.73500000002,68740.14822158686,4.471999485361223,0.48335953173698765,1
2026-06-03 08:00:00,67186.7,67226.7,66933.6,66987.7,7143.703,66.46952518861957,68.20196706766154,12.81320892254056,33.596259836328755,67444.91250158752,69125.55520456805,65876.89738960208,67136.845,68396.79261039793,3.7533715216969905,0.44081301525191985,1
2026-06-03 09:00:00,66987.7,67313.9,66620.0,67040.9,18551.588,65.20973768821652,66.67377012091974,11.849900759536961,34.4681753704778,67406.43512048395,69043.80402007519,66058.15477965711,67049.445,68040.7352203429,2.956893141599894,0.4956899605056847,1
2026-06-03 10:00:00,67041.0,67448.0,67032.6,67260.0,6922.156,63.69254721022946,65.08103619942452,12.794444459679967,32.87477676225408,67392.4889185331,68973.85092124871,66118.4398878378,67012.945,67907.45011216222,2.669648713878219,0.6380959128354272,1
2026-06-03 11:00:00,67260.0,67340.0,67026.6,67040.1,3936.714,62.290019187664626,63.74987843794057,12.331283849293875,31.754010082395062,67358.928069149,68898.01755178797,66115.03815055011,67001.25,67887.46184944989,2.645359152105032,0.5219191381971037,1
2026-06-03 12:00:00,67040.1,67142.1,66760.0,67050.8,8318.896,61.26723457214502,62.47989089118724,11.771765276674218,33.47904907057731,67329.58253875385,68825.57764779628,66116.76083225863,66984.14,67851.51916774137,2.589804594763382,0.5384261015707723,1
2026-06-03 13:00:00,67050.7,67220.2,66605.1,66884.8,10450.216,60.473371001655735,61.38169509466018,10.913312927677591,32.87405474831076,67287.22229696777,68749.46872043172,66117.23361890385,66955.08,67792.92638109616,2.5027119110190137,0.4580591373396806,1
2026-06-03 14:00:00,66884.8,66975.0,66611.9,66840.9,7494.408,59.73621197191569,60.501723272030354,10.429791812473084,31.41754931146173,67244.71541154226,68674.62288825792,66109.7586827189,66931.35,67752.94131728112,2.4550268813675875,0.4449543841947251,1
2026-06-03 15:00:00,66841.0,66880.0,66036.2,66046.5,19094.974,59.59682086241586,60.0350959320358,9.388757781926902,35.091636226946946,67130.59965806204,68571.55924558114,65976.55140735443,66869.34,67762.12859264556,2.670247957122244,0.03917421953067941,1
2026-06-03 16:00:00,66046.6,66359.4,65508.3,66037.4,24860.392,59.86340221220074,59.79980709205822,8.470386552380845,37.72621161776809,67026.48540491327,68472.18045163678,65888.28954881239,66793.41,67698.53045118762,2.7102088400266227,0.08237050162326748,1
2026-06-03 17:00:00,66037.4,66159.0,65674.9,65934.0,9175.749,60.11094203700098,59.853881449708425,7.991557243978701,35.59355619456414,66922.43917587391,68372.6439633373,65800.83040536926,66713.505,67626.17959463075,2.736101467403786,0.07295568180279108,1
2026-06-03 18:00:00,65934.0,66141.7,65711.4,66006.6,5382.664,60.340800445744065,60.1021013289724,7.581312666111867,33.76636995413266,66835.21639721925,68279.85792555936,65742.32880004279,66696.125,67649.92119995721,2.860124782233494,0.13853651333957662,1
2026-06-03 19:00:00,66006.5,66030.7,65199.0,65428.6,13312.575,60.914001407336286,60.512471722168634,6.849423233808338,36.45423509479814,66701.25293081741,68168.04388926292,65522.04936008259,66631.05500000001,67740.06063991743,3.3287950788635143,-0.04213204907125024,1
2026-06-03 20:00:00,65428.5,65581.6,64711.1,64971.7,18176.176,61.72521306648264,61.03300675611335,6.177247502673339,38.37711525425231,66536.5336040729,68042.69707007614,65209.801626447916,66534.63,67859.4583735521,3.9823724083295953,-0.08986131003879662,1
2026-06-03 21:00:00,64971.8,65829.4,64919.1,65738.6,12497.286,61.70015357956946,61.30707749345287,8.271570388291854,34.557880332571756,66460.53992749452,67952.34032223003,65117.64808682979,66477.02,67836.39191317023,4.089749850911549,0.2283966246301511,1
2026-06-03 22:00:00,65738.6,65814.2,64733.9,64882.1,13287.809,61.810538863900646,61.76787596519164,7.3382303370180555,32.59287922876062,66310.21231535218,67831.9387409661,64858.68979269314,66391.725,67924.76020730687,4.618151455793216,0.007635247773592415,1
2026-06-03 23:00:00,64882.1,64957.7,64050.8,64117.7,19130.199,62.33669748015288,62.01842552986117,6.658938145023776,36.54831738784435,66101.40161865197,67686.28231975174,64479.33616867931,66306.69,68134.0438313207,5.511823411244613,-0.09895077857415881,1
2026-06-04 00:00:00,64117.7,64412.9,62911.9,63314.4,32017.216,63.319885841221534,62.56521235256109,5.7158503832599,42.11820454887119,65835.97289306606,67514.83595427129,63888.20489205494,66150.45000000001,68412.69510794508,6.839696806129267,-0.1268219986507478,1
2026-06-04 01:00:00,63314.5,63478.5,62066.6,62140.3,33187.939,64.49271162067883,63.414704550415856,4.998697261947548,44.34543664359196,65484.00404610739,67304.06983841752,63073.267601518,65892.95500000002,68712.64239848203,8.558388065862323,-0.16543812658457438,1
2026-06-04 02:00:00,62140.4,63598.7,61344.8,63198.4,48264.122,65.75947575283801,64.53968079702977,4.111791437132196,42.159363354865654,65266.32747028764,67143.06317808742,62689.42363893905,65705.41,68721.39636106095,9.180328868082398,0.08437975178407409,1
2026-06-04 03:00:00,63198.4,64495.9,63186.7,64336.2,25029.44,65.09820119754848,64.79545640911365,10.547236890976167,37.94762565573803,65177.74390168881,67032.99011228008,62572.33589831661,65562.88500000001,68553.43410168341,9.122689160745132,0.29490639372724164,1
2026-06-04 04:00:00,64336.2,64739.8,64233.0,64364.0,12138.136,64.04048588917983,64.89998082100892,12.049682190358277,36.4304123188048,65100.24448248035,66928.32383336713,62474.31456012232,65431.7,68389.08543987767,9.039610585932124,0.3194858225777699,1
2026-06-04 05:00:00,64363.9,64363.9,63607.4,63927.6,15516.364,63.409136489852735,64.25366884370061,11.32190889774261,39.22412603576796,64988.564055577466,66810.64838892136,62347.68819261596,65276.034999999996,68204.38180738402,8.972195714350697,0.26976173098763073,1
2026-06-04 06:00:00,63927.6,64480.0,63858.6,64007.2,7456.889,62.608219073471076,63.324352481325455,11.69523372443123,37.23500359534189,64895.100812189135,66700.70923641464,62289.54689354733,65113.395,67937.24310645266,8.673631919984096,0.30413340974815944,1
2026-06-04 07:00:00,64007.4,64041.8,63450.0,63561.7,13651.696,62.097973180354145,62.753554835103444,11.117024267919197,38.80761251020944,64768.11025864731,66577.61083498661,62187.72290752844,64939.47499999999,67691.22709247154,8.47482087735249,0.24965495551553962,1
2026-06-04 08:00:00,63561.8,63875.9,63201.1,63595.5,12293.7,61.76073112543148,62.18447509945128,10.480737454138131,38.697571273191194,64656.43309115709,66460.66531204597,62142.15856412006,64766.71,67391.26143587995,8.104631023808201,0.27687425287450573,1
2026-06-04 09:00:00,63595.5,63616.3,62666.0,63237.4,19123.543,61.72281328060057,61.910393230477354,9.64364057337755,40.10415951695339,64521.28708247546,66334.26275078926,62075.1320676037,64584.340000000004,67093.54793239631,7.7703292544177245,0.23160056155376713,1
2026-06-04 10:00:00,63237.5,63250.0,62256.0,62391.6,29859.942,61.879842867018894,61.820286996225185,8.847626071324854,40.198532962964045,64318.45974128732,66179.64852526812,61906.684010430414,64361.87500000001,66817.0659895696,7.629333326816825,0.09875321138552093,1
2026-06-04 11:00:00,62391.6,62800.0,62150.8,62520.7,21741.816,62.074158212841844,61.89848574672121,8.362142710616203,38.88194534950265,64147.24452783139,66036.16034780662,61733.379806151526,64185.58500000001,66637.79019384849,7.6409841675462795,0.16053309809136607,1
2026-06-04 12:00:00,62520.7,63947.8,62344.1,63738.1,25027.312,60.12543247669645,61.00263767185767,16.4138261238864,33.92915509620425,64108.27838232364,65946.04033416715,61773.2572560556,64070.62000000001,66367.98274394442,7.171345443338645,0.42763006171391593,1
2026-06-04 13:00:00,63738.2,64223.1,63038.0,64202.7,28666.685,57.88565947925599,59.979908846048914,17.041207923019293,30.8062594523488,64117.27091734044,65877.67404655275,61858.25859892046,63984.05500000001,66109.85140107955,6.644769235333846,0.551426608843857,1
2026-06-04 14:00:00,64202.7,64463.7,63733.0,63923.9,16138.466,55.43464222551383,57.780037351105136,17.9561810710547,29.031949766888815,64098.85463949849,65801.05545649187,61979.15298074848,63879.920000000006,65780.68701925153,5.951062616395038,0.5115690138650749,1
2026-06-04 15:00:00,63923.8,64380.0,63650.0,63864.8,13018.872,53.23934498630746,55.562502232781725,16.908420774188443,28.00135015405515,64076.56372145101,65725.12386996279,62046.08389958699,63801.73,65557.376100413,5.503443559956782,0.5179620482696274,1
2026-06-04 16:00:00,63864.8,63898.9,63412.9,63529.4,8547.533,51.43466456808269,53.434653396798254,16.229451837720813,28.83597198997006,64024.452890836634,65639.01705153288,62059.93395857145,63729.615000000005,65399.29604142856,5.239890563997781,0.44004393802402453,1
2026-06-04 17:00:00,63529.4,63698.7,62910.0,63511.2,14376.367,50.22359880369767,51.731471895002564,15.165175162451643,31.126387347916317,63975.571663137904,65555.57324559042,62241.30452813734,63618.244999999995,64995.18547186265,4.328759687924915,0.4611294016744263,1
2026-06-04 18:00:00,63511.1,64091.7,63117.6,63791.1,15695.29,48.42042235111873,49.92754345960071,17.18521682277679,28.62927845498904,63958.00293331525,65486.378216351586,62317.32178652664,63563.69499999999,64810.06821347334,3.9216512302293034,0.5912266877776848,1
2026-06-04 19:00:00,63791.2,64150.8,63508.6,63600.3,9010.124,46.6450623808877,48.43433059229268,16.7550471249314,27.086467967765103,63923.93598728522,65412.41436472996,62318.6878903581,63537.825,64756.96210964189,3.837516029678055,0.5256226307549431,1
2026-06-04 20:00:00,63600.2,63628.0,63140.8,63600.8,10580.497,45.3812544840034,46.90083841756106,16.048473267952545,29.12779407170671,63893.16113135329,65341.37066415232,62337.337368748005,63552.145000000004,64766.952631252,3.8230263707133685,0.5200258043941716,1
2026-06-04 21:00:00,63600.8,63847.9,63040.0,63250.2,6186.469,43.80792865952185,45.22649552020478,16.830778469945436,27.08783603060554,63831.92673789107,65259.36397144046,62576.94079041833,63607.64000000001,64638.33920958168,3.2408031789315714,0.3266031463509698,1
2026-06-04 22:00:00,63250.1,63740.2,63150.7,63702.2,6948.656,42.3469832510747,43.86411886753905,15.952842962819963,25.674866743122642,63819.57181047288,65198.29871765849,62619.76871105515,63632.83,64645.891288944855,3.184083715732439,0.5342378100698365,1
2026-06-04 23:00:00,63702.3,63897.0,63335.1,63853.4,6697.537,40.68508524382139,42.24650695167162,16.560310702968337,24.369978089204146,63822.793542808795,65145.5575914758,62644.36208481725,63608.69,64573.017915182754,3.0320634340457313,0.6268811138551473,1
2026-06-05 00:00:00,63853.4,63955.0,63366.0,63398.3,6077.139,39.02608777282762,40.68653551195116,16.196058693133235,23.0476683440813,63782.36558635082,65077.03768592773,62660.779172575545,63560.405000000006,64460.03082742447,2.8307743710080544,0.4099042095845038,1
2026-06-05 01:00:00,63398.3,63547.5,63011.0,63347.0,8705.901,37.97112687841136,39.32810606111637,15.377583951618627,25.22685447695446,63740.902197174546,65009.19307079331,62644.25592563287,63531.375,64418.49407436713,2.7926959690928532,0.3960821577804916,1
2026-06-05 02:00:00,63347.0,63416.9,62552.2,62585.5,12937.021,37.5478733969007,38.28698058486416,14.137505548728743,27.471282109814727,63630.86389268173,64914.14628370338,62508.24347990668,63460.29,64412.33652009332,3.0004480600177454,0.04057392073957913,1
2026-06-05 03:00:00,62585.6,62861.0,62300.0,62699.7,11767.388,37.43337826569874,37.70225257205505,13.383437074725556,28.403854672973214,63542.18161718823,64827.30525296992,62408.133567588906,63417.19000000001,64426.24643241111,3.182280490230184,0.14447479003448985,1
2026-06-05 04:00:00,62700.0,63629.9,62456.0,63588.9,12198.337,35.78764142743658,36.66775741216864,18.975465596332917,25.356141530692174,63546.63098697983,64778.74034108875,62408.04481291916,63416.86000000001,64425.67518708086,3.181536225795003,0.5852683435990965,1
2026-06-05 05:00:00,63589.0,63674.9,62229.6,62294.4,17219.625,34.552137246553634,35.99275775612619,16.612090391392904,24.14906575823002,63427.37089298175,64681.315229673506,62244.18214741344,63369.71000000001,64495.23785258657,3.552258176932055,0.02230857835777009,1
2026-06-05 06:00:00,62294.1,62614.2,61067.6,61916.8,43244.607,34.62293686739217,35.205289147414376,14.527016919365925,30.548278953696094,63283.506998412064,64572.90286772553,62118.19168621929,63345.97000000001,64573.74831378073,3.8764212270511287,-0.08201467804034443,1
2026-06-05 07:00:00,61916.7,63084.4,61330.5,63075.6,22919.441,33.879758865069824,34.21594805581173,16.159441391757493,26.487984770314874,63263.706331896625,64514.18510820688,62200.59754229183,63373.71500000001,64546.832457708195,3.70222088986951,0.3729389806446093,1
2026-06-05 08:00:00,63075.5,63088.0,62234.3,62429.9,11546.341,33.183556721361704,33.90324679437694,15.134384444849323,24.76272563484807,63184.29620504932,64432.44843729681,62076.32647408466,63308.30500000001,64540.28352591536,3.891996558477913,0.1434982503662724,1
2026-06-05 09:00:00,62429.9,63231.8,62405.1,62832.5,10276.57,32.28205601871426,33.08090744189204,15.278136725970892,23.18769047953608,63150.791804568435,64369.70536132439,62066.227496996435,63239.79500000001,64413.36250300359,3.7114842102305294,0.3264714219856977,1
2026-06-05 10:00:00,62832.4,62910.5,62342.1,62510.1,6267.222,31.520917390205007,32.352237055783355,14.590962952746134,22.64328412745536,63089.77353746668,64296.7796608803,61998.72477662643,63169.105,64339.48522337357,3.7055463216506537,0.21846542395408405,1
2026-06-05 11:00:00,62510.0,62621.9,61928.3,61929.5,9661.694,31.2984528539584,31.790254436336326,13.77667095328861,24.709097676115707,62979.271295803184,64203.94516437518,61826.55877497195,63072.340000000004,64318.12122502806,3.9503250554143223,0.04131593210747453,1
2026-06-05 12:00:00,61929.6,62437.5,61578.4,61939.7,18065.956,31.465325502302033,31.493121446253518,12.822168578151592,25.81899711717701,62880.26450572669,64115.15123636047,61669.42454454648,62992.854999999996,64316.285455453515,4.201843067609872,0.1021116955332954,1
2026-06-05 13:00:00,61939.7,62310.0,60690.8,60700.4,26689.674,32.408692247923796,31.853572550941095,11.241316090546592,29.394201333725185,62672.65836232415,63981.23942316986,61203.640102073325,62852.314999999995,64500.989897926665,5.246186709039025,-0.152619568207833,1
2026-06-05 14:00:00,60700.4,61217.8,60300.0,60832.7,38987.144,33.57355108547136,32.519438293886694,10.454513242704374,30.317108314606234,62497.424232579,63857.76728892791,60888.03465379551,62704.395,64520.75534620448,5.7934068136834265,-0.015232289647575623,1
2026-06-05 15:00:00,60832.6,61105.6,60005.8,60400.8,31939.718,34.860140102000855,33.634416174962325,9.58845382264783,30.021632851326302,62297.74573423814,63722.19994426407,60509.819433898665,62544.420000000006,64579.020566101346,6.506097797697509,-0.02679136035717391,1
2026-06-05 16:00:00,60400.8,61550.0,59739.1,61358.1,58804.844,35.151626956703694,34.36258902108753,11.503502012839238,26.176426371301115,62208.255664310695,63629.49014252823,60395.61957645232,62432.285,64468.950423547685,6.52439814928344,0.236288300576912,1
2026-06-05 17:00:00,61358.1,61487.9,60621.2,60786.5,12594.401,35.422293321784906,35.14121671189288,10.791123163630454,24.55539544750303,62072.85036294777,63518.00033301732,60184.59826720885,62309.1,64433.60173279115,6.819234213914656,0.14165715271043283,1
2026-06-05 18:00:00,60786.5,60933.0,59105.4,59362.2,32030.644,36.75572746140672,35.95367720905521,9.460669238694212,31.75364462853833,61814.69318552417,63355.02777093821,59697.33056114701,62092.1,64486.869438852984,7.713604271245409,-0.06997136252655965,1
2026-06-05 19:00:00,59362.1,60435.2,59080.0,60267.7,23692.266,38.00853329557961,36.71541330868226,8.612701175278414,29.075529423553103,61667.36050118854,63233.95609364652,59536.428153700705,61912.815,64289.2018462993,7.676558871694972,0.15386212211999245,1
2026-06-05 20:00:00,60267.4,61800.0,59903.8,61586.2,22351.565,36.91205566324789,36.83389156232731,16.152143890157525,25.615878196892766,61659.63092964677,63169.33820762117,59548.32647023236,61822.21,64096.09352976764,7.3562026649246,0.44810420214791763,1
2026-06-05 21:00:00,61586.1,61985.1,61400.0,61639.5,12170.417,35.63914460706479,36.8238389513222,16.741072402401763,24.64155414776972,61657.71369825184,63109.34455242034,59578.730785868116,61736.83500000001,63894.9392141319,6.991301754072395,0.47744895743156684,1
2026-06-05 22:00:00,61639.4,61942.4,61169.1,61556.6,13850.543,34.67441605848062,35.79323586086426,15.881301282226453,24.909508816639146,61648.083822227854,63048.45260918817,59563.720540253205,61685.39000000001,63807.05945974681,6.879001526120857,0.46964890091424094,1
2026-06-05 23:00:00,61556.7,61745.0,60458.0,61022.0,14163.427,34.395192370326185,35.01716848869549,14.542675707054713,27.46710388439289,61588.45679153949,62968.98387941609,59516.341176598515,61601.505000000005,63686.668823401495,6.769847013969836,0.3610408943661154,1
2026-06-06 00:00:00,61022.0,61500.0,61012.0,61238.4,7564.048,34.13591323132564,34.405164644903124,14.058785539100407,26.553168802598435,61555.118049488105,62901.117844929184,59616.900792027445,61483.979999999996,63351.05920797255,6.073384344905944,0.4342341773848287,1
2026-06-06 01:00:00,61238.4,61349.7,60912.3,61025.6,4623.78,33.98272203506147,34.18895720269383,13.621299049245911,26.43618279562444,61504.68775906067,62827.5681255202,59583.42174016127,61420.54,63257.65825983873,5.9820973890452,0.39251100252123355,1
2026-06-06 02:00:00,61025.6,61164.5,60642.4,60918.4,5765.277,34.07893486473358,34.107424048029614,13.09738385497929,27.407714124283974,61448.85082962632,62752.69878726451,59536.02283543993,61370.62,63205.217164560076,5.978747369865492,0.3767522351130306,1
2026-06-06 03:00:00,60918.3,60940.5,60490.0,60662.6,5489.751,34.302166373745926,34.1424442044037,12.645422204840802,27.62930116851467,61373.96979823334,62670.734128940414,59577.247406079565,61249.969999999994,62922.69259392042,5.461954002329892,0.32442695455456483,1
2026-06-06 04:00:00,60662.6,60847.5,59451.3,60068.4,22031.624,35.296311600026435,34.687623232380005,11.339416001739044,32.45919234116156,61249.62981744921,62568.681810158436,59476.56594004296,61131.895,62787.224059957036,5.415598714736519,0.17876628710076645,1
2026-06-06 05:00:00,60068.5,61070.2,59578.8,60918.9,20702.862,35.80730714406015,35.05473675890303,11.720945736148153,29.012317489409753,61218.13173959691,62503.98448426987,59586.2960065817,61036.215,62486.13399341829,4.751012143915851,0.4595442916009342,1
2026-06-06 06:00:00,60919.0,61250.0,60644.5,60771.8,11698.016,35.948685248825505,35.62249842442597,12.518418335183695,27.72506123057636,61175.623954873394,62436.055680965175,59673.43058579387,60949.30000000001,62225.16941420615,4.186658137849468,0.43043958965406764,1
2026-06-06 07:00:00,60771.8,61212.7,60705.4,60975.2,7336.922,36.079964917536195,35.943636030798174,12.036558935160123,26.657867195956626,61156.53595917116,62378.76722288811,59711.57416718714,60901.585000000014,62091.59583281289,3.9079798426030354,0.5309303907032412,1
2026-06-06 08:00:00,60975.2,61475.0,60850.0,61239.6,8498.1,35.685324957481356,35.817005103153434,13.490900658453231,25.36258547420124,61164.44682020248,62334.09399846113,59767.42608117671,60866.580000000016,61965.73391882332,3.611682860523154,0.6696850612147736,1
2026-06-06 09:00:00,61239.5,61298.2,60854.1,60956.7,5320.274,35.31887356600186,35.69941924176903,13.007273642468013,24.453377716980654,61144.661408754626,62280.07854754109,59782.42470442684,60879.39500000002,61976.365295573196,3.6037490043164095,0.5352356851921801,1
2026-06-06 10:00:00,60956.7,60956.7,60146.0,60555.3,14536.034,35.67865364130821,35.681989299394786,12.15093896479786,28.59380358795168,61088.53175077799,62212.44017312772,59759.09472322252,60865.52500000001,61971.955276777495,3.6356550831607417,0.3598081566858663,1
2026-06-06 11:00:00,60555.2,60938.0,60520.0,60773.5,5694.791,36.01273513980696,35.665804352904416,11.722414976711,27.585393391539732,61058.52872689437,62156.011146730554,59798.32325662435,60884.16,61969.996743375654,3.5668940603784307,0.44904390523018056,1
2026-06-06 12:00:00,60773.5,61173.5,60599.9,61003.6,9784.197,35.805385110382744,35.74201937584547,13.175499792187594,26.21893058060383,61053.2974195711,62110.818552741126,59801.80656612648,60866.435000000005,61931.06343387353,3.4982447513922166,0.5644191887215216,1
2026-06-06 13:00:00,61003.6,61073.6,60668.8,60779.5,5213.726,35.61284579734597,35.812790468576466,12.697473276830932,25.267669207638235,61027.22147485004,62058.6099820454,59801.341321875196,60866.08500000001,61930.82867812482,3.498643548783565,0.4593399792931869,1
2026-06-06 14:00:00,60779.5,60990.8,60733.0,60762.5,3560.698,35.434059292383246,35.619722201383,12.389186586988123,24.654186042111146,61002.0099058167,62007.782139612245,60136.62734749292,60936.100000000006,61735.57265250709,2.623970528166677,0.39142843131931465,1
2026-06-06 15:00:00,60762.5,60900.0,60353.4,60754.1,7524.848,35.71787106151266,35.66535842942932,11.7384295647484,27.00700874244556,60978.39943859606,61958.61813413725,60219.07986611629,60960.42,61701.760133883705,2.4322015297260307,0.3608466002514003,1
2026-06-06 16:00:00,60754.2,60949.9,60417.6,60749.8,6038.819,35.85043844776282,35.64224887007303,11.615002634238015,25.596954288784097,60956.62806349167,61911.213501425984,60233.677937586755,60918.6,61603.52206241324,2.2486467594896897,0.37677430085603575,1
2026-06-06 17:00:00,60749.9,60817.2,60463.0,60553.3,3936.273,35.973536734995115,35.84570389825389,11.196109436104877,24.673804257557272,60918.215866968654,61857.96199156614,60251.605250976754,60864.29000000001,61476.97474902326,2.013281512109166,0.24620716404661,1
2026-06-06 18:00:00,60553.2,60723.5,60363.0,60606.0,3583.649,36.220109202771454,36.03527382526714,10.77035855727824,24.79037302362408,60888.48102249545,61808.86544287728,60288.5443486631,60816.76000000001,61344.97565133692,1.7370726468720523,0.3004981493197177,1
2026-06-06 19:00:00,60606.0,60760.4,60502.1,60563.9,2214.691,36.33304516928792,36.15329095214152,10.870566409116753,24.083704845812765,60857.56854416255,61760.0432686468,60263.387903047835,60793.855,61324.32209695217,1.7451339348431465,0.2832523437162998,1
2026-06-06 20:00:00,60563.9,60729.1,60484.5,60678.5,2440.763,36.46434249982518,36.342225851298316,10.563483008576807,23.606626521823205,60840.51439709945,61717.62980713124,60276.68454164776,60765.86000000001,61255.03545835226,1.6100338524041256,0.4107068859359037,1
2026-06-06 21:00:00,60678.4,60969.2,60673.2,60719.3,3053.205,35.79306447502148,36.0630548221547,13.068602158810217,22.76840889069743,60828.97016880426,61678.47961861629,60276.66916249622,60750.54500000001,61224.42083750381,1.5600710660416102,0.46703250353025255,1
2026-06-06 22:00:00,60719.2,60788.6,60390.0,60513.0,5032.414,35.652304641608225,36.0583235707167,12.428608547411894,25.132782563771485,60798.87777177528,61632.7745355333,60251.969473879624,60730.27500000001,61208.58052612039,1.5751798460335784,0.272870071393109,1
2026-06-06 23:00:00,60513.0,60911.0,60511.0,60849.7,3116.081,35.12650356839127,35.459784021706376,13.341974839271826,23.869509111417123,60803.71798398716,61602.06573021827,60259.58198880307,60739.630000000005,61219.67801119694,1.5806747956710874,0.614644782847394,1
2026-06-07 00:00:00,60849.7,60962.7,60708.0,60748.3,2990.633,34.46914792850319,35.06072628505571,13.573756499534015,23.07419800441025,60798.44008075029,61568.584721190105,60412.04041791512,60773.62500000001,61135.20958208489,1.1899391622102002,0.464980531174779,1
2026-06-07 01:00:00,60748.2,61641.4,60720.9,61452.5,13447.678,32.01650789181028,33.571505730100775,20.479499126371667,20.42542796072844,60860.73150163121,61564.03237918265,60330.91318980816,60800.30500000001,61269.696810191854,1.5440442615932473,1.1947234547332988,1
2026-06-07 02:00:00,61452.5,61540.1,61150.0,61469.2,5320.335,29.739056429166855,32.10410217883502,19.45997666778027,19.40859730467554,60918.680882428234,61560.313462351965,60279.08889581771,60835.175,61391.2611041823,1.82817294166506,1.0700780825411085,1
2026-06-07 03:00:00,61469.3,61763.9,61376.7,61671.1,5046.674,28.14736346471383,30.081935678262056,21.39708021693141,18.427980584370683,60990.3398460065,61564.65803245581,60201.302731314,60869.97,61538.637268686005,2.197034986828493,1.0990498096118086,1
2026-06-07 04:00:00,61671.1,61866.0,61447.2,61854.1,5279.246,26.899229580359336,28.319143004763095,21.562828051579476,17.403736082423844,61072.6027178154,61576.0086978497,60114.39043740396,60900.69500000001,61686.99956259605,2.5822515247027766,1.10625681533136,1
2026-06-07 05:00:00,61854.2,62132.0,61607.9,61709.2,9364.91,26.30742114400843,27.227392304361132,23.597030357305293,16.19093391193761,61133.231030404415,61581.23188616932,60072.715669335805,60938.32,61803.924330664195,2.8409195746262617,0.9452842786775837,1
2026-06-07 06:00:00,61709.3,62254.9,61573.5,62080.1,9917.458,26.004116508780484,26.451673044569908,23.102706094596208,14.751606946849426,61223.40902750876,61600.79534161366,60030.50361864493,61014.560000000005,61998.61638135508,3.225644440786186,1.0414019055151658,1
2026-06-07 07:00:00,62080.1,62380.0,61951.0,62366.0,8886.719,25.96949369566049,26.13845741983446,23.44709428679517,13.913018689888931,61332.22721536506,61630.80336743273,59947.91228463013,61094.185000000005,62240.45771536988,3.752477311449109,1.0547610891137775,1
2026-06-07 08:00:00,62366.0,62942.4,62217.4,62823.0,16219.509,26.878100625282663,26.441108567031574,28.521889228932015,12.608532776063065,61474.20557580648,61677.55617655302,59804.36154012141,61185.155000000006,62565.9484598786,4.513491744455314,1.0930810970613958,1
2026-06-07 09:00:00,62823.0,62887.5,62361.5,62510.0,7994.466,27.721807059931823,26.845650377796154,26.57507319001091,11.747913283480417,61572.85266382492,61710.201032374476,59785.09209957649,61271.68,62758.26790042351,4.852447004630884,0.9164974030957799,1
2026-06-07 10:00:00,62509.9,62547.8,62273.0,62343.7,5250.485,28.195540827584388,27.536820726433525,25.592260093406576,12.50447672345381,61646.266695841594,61735.0441291441,59810.939263198656,61350.740000000005,62890.540736801355,5.0196647564523245,0.8224313303235203,1
2026-06-07 11:00:00,62343.7,62730.0,62333.0,62598.8,5263.381,28.93938440936651,28.330595734649165,26.69683866789968,11.824139145768521,61736.984153380494,61768.91690839335,59834.20210787931,61442.975000000006,63051.7478921207,5.236637360481631,0.8592256575371497,1
2026-06-07 12:00:00,62598.8,62617.7,61509.1,61871.1,21819.579,27.254631749500174,27.72508628854228,22.942980766284347,20.611572114462067,61749.757091153784,61772.924088456355,59914.00157854927,61499.04,63084.07842145073,5.154676955772736,0.6173662401380354,1
2026-06-07 13:00:00,61871.1,61880.0,61612.2,61675.0,5955.28,25.690218565338572,27.31480148735254,22.133352657891525,19.884216401094715,61742.63736818676,61769.08392812473,60032.85007376166,61555.125,63077.39992623834,4.946054211532628,0.539373636763571,1
2026-06-07 14:00:00,61675.1,62283.6,61675.0,61872.0,10111.376,25.048533557593043,26.15158265354661,25.64587241500141,18.30342635935609,61754.957618835644,61773.119852512,60158.30905525227,61618.425,63078.540944747736,4.73921865009608,0.586833857582388,1
2026-06-07 15:00:00,61871.9,62196.0,61640.1,62071.6,6764.069,24.360588457628072,25.025403511483322,23.78578796180649,17.43123499239122,61785.11403608939,61784.82495633506,60309.203283426585,61693.810000000005,63078.416716573425,4.488640648303031,0.6364250207217454,1
2026-06-07 16:00:00,62071.7,62327.0,61912.7,62054.2,5219.03,23.980054274157954,24.5142939158755,24.216729390521877,16.472335043894507,61810.741270747545,61795.38868353761,60455.86796052868,61762.595,63069.32203947132,4.231451218885216,0.6115783905864436,3
2026-06-07 17:00:00,62054.1,62315.6,62012.2,62129.6,4071.011,23.626701103792843,23.993644780710458,23.209793678190678,15.787412561023062,61841.108768771584,61808.495009673396,60614.17389805173,61833.11,63052.04610194827,3.9426647048750016,0.6216183520719862,3
2026-06-07 18:00:00,62129.6,62267.2,61989.0,62001.6,2079.999,23.22458381963069,23.602319046894323,22.29439925533709,15.493659905731986,61856.393647936195,61816.06775439209,60857.981018130806,61907.54000000001,62957.09898186921,3.3907306989397488,0.5448092968688978,3
2026-06-07 19:00:00,62001.6,62009.1,61150.2,61303.8,15448.708,22.413540957353835,23.02012103057334,19.70982028090587,25.019140677168878,61803.76568146608,61795.978822847304,60960.42212420139,61930.24500000001,62900.06787579863,3.131984624955453,0.17703123135544352,3
2026-06-07 20:00:00,61303.7,61949.3,61189.7,61843.0,6748.756,21.66042972809675,22.44250677386372,17.749987080011447,22.53137864493638,61807.50228323122,61797.822790578786,61187.834797350886,61984.98000000001,62782.125202649135,2.5720592396710433,0.4109447064799654,3
2026-06-07 21:00:00,61843.1,61980.0,61618.5,61755.0,3502.586,20.876171683446305,21.64485632040007,17.301080778767368,21.438818574581123,61802.50206578062,61796.143465458044,61234.65050281261,62000.105,62765.559497187394,2.469203873726959,0.33989577375231034,3
2026-06-07 22:00:00,61754.9,64250.0,61690.3,62833.5,32662.168,22.24626702754938,21.953348377823065,36.570182122296686,15.651484585820059,61900.69234523008,61836.82411387146,61260.10635289322,62068.32000000001,62876.53364710679,2.6042710584297626,0.9733773073117218,3
2026-06-07 23:00:00,62833.0,63429.9,62759.5,63298.5,8114.977,23.518498418502233,22.197335050974267,33.9827673125966,14.544110198793078,62033.816883779604,61894.14473685689,61195.37771104878,62149.69,63104.002288951226,3.07101222532638,1.1019046455235972,3
2026-06-08 00:00:00,63299.0,63849.5,63111.3,63599.2,9954.623,25.082979333065992,23.664623180307686,35.75212762919362,13.418309629059754,62182.90099008631,61961.00964913702,61095.63284384347,62236.945,63378.25715615653,3.6676355375622234,1.0967933455591654,3
2026-06-08 01:00:00,63599.3,63619.5,62676.8,63188.0,12067.272,25.59325327440958,24.555875846455905,32.31237409579034,16.561788403054614,62278.624705316186,62009.12691779832,61122.877629341885,62310.88500000001,63498.89237065813,3.8131616030108515,0.8691538544555041,0
2026-06-08 02:00:00,63188.0,63238.3,62881.9,63097.2,4283.889,26.06707907708577,25.57502920507588,31.094350248590683,15.937487224583691,62356.58425719083,62051.796450433685,61129.09012628928,62361.740000000005,63594.38987371073,3.953224761562858,0.7983247780596405,0
2026-06-08 03:00:00,63097.2,63438.2,62944.1,63101.6,4210.952,26.730598796074453,26.16192603524202,31.593220029239276,15.088326612407402,62427.53813745837,62092.96521708334,61122.21023459651,62398.520000000004,63674.8297654035,4.09083345375337,0.7754347020833623,0
2026-06-08 04:00:00,63101.6,63150.0,62616.9,62654.7,5895.229,26.618989062818997,26.34303406995238,29.751365177307196,17.786903892022,62449.17260055757,62114.99403209968,61123.396035004036,62390.105,63656.81396499597,4.060608537190207,0.6044419070645941,0
2026-06-08 05:00:00,62654.7,62800.0,62377.0,62740.8,7325.169,26.013798750537113,26.372198773305783,28.339571731218136,19.634111420361975,62476.94663859971,62139.535442605586,61126.162111092475,62401.645000000004,63677.12788890753,4.087978414375226,0.6329516071714966,0
2026-06-08 06:00:00,62740.8,63119.7,62702.0,62958.8,5677.298,25.887478209702998,26.253233636260997,30.654976058076254,18.69091195526913,62522.837434923546,62171.66346446419,61133.35455936166,62432.4,63731.445440638345,4.161446430501929,0.7026103104373822,0
2026-06-08 07:00:00,62958.9,63320.9,62779.0,63259.9,5891.372,26.030301331817558,26.022050041177337,31.06213931660113,17.51533744088903,62593.033869692736,62214.339407034226,61115.91861570817,62465.455,63814.99138429183,4.32090468016868,0.7943399708400174,0
2026-06-08 08:00:00,63259.9,63259.9,62955.7,63100.8,3576.879,26.162922802352504,26.02520050602775,29.924331608888664,16.873749759490114,62641.39254876962,62249.102567542686,61179.37084755079,62526.94000000001,63874.50915244923,4.3103633488196325,0.712924137865948,0
2026-06-08 09:00:00,63100.9,63554.7,63093.5,63469.9,7425.603,26.67506772998162,26.352684530899587,31.842787089228434,15.921530226091399,62720.29802031537,62296.976976658654,61268.93709717097,62616.685000000005,63964.43290282904,4.304756480893335,0.8165336032833101,0
2026-06-08 10:00:00,63469.9,63525.0,63053.4,63131.5,6189.668,27.0464248044768,26.604673803414652,29.97974527767515,15.487488745371989,62759.46011361867,62329.703369730865,61361.03410692197,62679.66,63998.285893078035,4.2075081232987905,0.6713298678464743,0
2026-06-08 11:00:00,63131.4,63861.3,63020.0,63450.1,11047.181,27.828887386536785,27.251977558259203,30.989592123472676,13.922567013743308,62825.23534089309,62373.64049248652,61419.71485185434,62748.585,64077.45514814566,4.235538213796086,0.763951673900912,0
2026-06-08 12:00:00,63450.1,63948.2,62658.4,63844.5,22904.142,27.625765060505778,27.33609493249129,26.558844956730354,15.940347438740268,62922.308165569935,62431.321257487056,61465.694824289545,62838.1,64210.50517571045,4.368067066669595,0.8666555685637873,0
2026-06-08 13:00:00,63844.6,63920.0,63330.4,63720.6,13790.78,27.437151472048413,27.6330194292926,24.812419666315648,14.892160819541731,62998.33595932518,62481.881208173836,61533.767149010004,62917.649999999994,64301.532850989985,4.399029051434662,0.7901076487166514,0
2026-06-08 14:00:00,63720.5,64075.6,63531.9,63933.7,10811.608,27.50287916079045,27.564322110648114,25.045742924449193,13.979283766264109,63087.41824891326,62538.81527844153,61629.873301075604,63014.255,64398.63669892439,4.393868336376883,0.8320778513304423,0
2026-06-08 15:00:00,63933.7,64179.5,63673.0,63745.4,11587.537,27.7241550117951,27.58065324192176,24.7831578316694,13.169395312672405,63150.08317758819,62586.13232634578,61974.27861532718,63136.335,64298.39138467282,3.6811018082466087,0.7620634454719196,0
2026-06-08 16:00:00,63745.3,64029.5,63430.6,63496.8,7607.381,27.249225761712687,27.376052461251568,23.080435497813387,15.045367119181774,63183.1038273417,62621.84478413614,62220.63173105503,63219.025,64217.41826894497,3.1585215651300285,0.6391110139862689,0
2026-06-08 17:00:00,63496.8,63620.0,63209.6,63519.2,7842.552,26.230283829738422,26.97721942076676,21.966681281790112,16.917893091375767,63215.11298664249,62657.03518475825,62578.01565309836,63307.235,64036.45434690164,2.303747263331409,0.6453369283882883,0
2026-06-08 18:00:00,63519.1,63659.1,63305.0,63438.0,3208.045,25.362267913548617,26.30574683763065,21.497862272346623,16.191877688724382,63236.34032124796,62687.6612559442,62641.567133471595,63337.46000000001,64033.35286652842,2.1974132417953327,0.5722381309220453,0
2026-06-08 19:00:00,63438.0,63572.1,63317.7,63348.2,3103.656,24.556253134229515,25.393268481983966,20.807010142626595,15.671537896622791,63246.99362398625,62713.56473610325,62644.28300562202,63339.945000000014,64035.60699437801,2.196598037393291,0.505933197491523,0
2026-06-08 20:00:00,63348.3,63459.3,63120.4,63459.1,4563.368,23.24935671134965,24.305812312449135,19.890020963935385,17.546599621941418,63267.19423122565,62742.80141311882,62645.49698678221,63332.94000000001,64020.38301321781,2.1708861556649732,0.5917603332743581,3
2026-06-08 21:00:00,63459.1,63832.5,63455.1,63690.8,4030.441,22.856076874905725,23.70616500456762,23.855658026332662,16.66576419253556,63307.53763777559,62779.97782829063,62656.32868822364,63358.080000000016,64059.83131177639,2.2151912172097816,0.7370640385108493,3
2026-06-08 22:00:00,63690.7,63690.7,63171.2,63407.5,6036.812,21.72381179301182,22.486584252180734,22.20306233398919,19.296295533982633,63317.057862749345,62804.58654090669,62682.48902907114,63373.59500000001,64064.700970928876,2.181053389598199,0.5245295232758749,3
2026-06-08 23:00:00,63407.6,63567.6,62939.7,63057.9,5409.596,20.23857615999425,21.54732651744999,20.366919016264685,20.74951273033632,63292.376161535125,62814.52040204761,62676.41783525745,63371.41,64066.402164742554,2.1933934079817723,0.2744506946231998,3
2026-06-09 00:00:00,63057.9,63157.3,62381.2,62522.6,15947.71,20.002544567754487,20.86317818038315,18.347265258578833,25.827956437331775,63219.06414615083,62803.07254314378,62639.29252203348,63364.805,64090.31747796652,2.289954109277288,-0.0804207546922897,3
2026-06-09 01:00:00,62522.6,62846.6,62513.0,62732.9,6038.258,19.783372374960425,20.010974267477337,17.54202699744937,24.69440010416653,63172.762798898366,62800.320678706776,62637.45988109958,63364.409999999996,64091.36011890041,2.2945060765196583,0.06564420062602298,3
2026-06-09 02:00:00,62732.8,62849.5,62506.8,62840.0,4490.164,19.592169603533275,19.79735708564388,16.7297301920654,23.634681898718814,63141.07110376519,62801.8767305222,62615.793621940735,63358.469999999994,64101.14637805925,2.344363359971474,0.1509448695844851,3
2026-06-09 03:00:00,62839.9,62945.8,62664.3,62841.0,3847.384,19.133974195245035,19.45867328510273,17.417569426046434,22.704648116976358,63112.49290340661,62803.410976384075,62560.31890290005,63337.525,64114.73109709995,2.454172615996447,0.1805705707580506,3
2026-06-09 04:00:00,62841.1,63402.0,62715.4,63213.7,9505.94,18.007527468279637,18.799848535906456,22.01024386927134,20.57770452402571,63122.13167451074,62819.50074201608,62571.58368569553,63343.170000000006,64114.75631430448,2.436209979085281,0.41610141496825587,3
2026-06-09 05:00:00,63213.8,63499.9,63088.0,63318.5,5631.349,17.187070772569502,18.16052248390727,22.1105504124516,19.40337201507424,63140.83341979543,62839.06934036838,62566.28138692609,63335.600000000006,64104.91861307392,2.4293402543716716,0.48888626915467404,3
2026-06-09 06:00:00,63318.5,63487.1,63202.6,63279.4,4791.047,16.42521812655295,17.21637279741629,21.210194999010902,18.613254595702465,63154.03023695777,62856.337209373545,62579.112841892755,63342.99500000001,64106.877158107265,2.411891506258127,0.4583738150413253,3
2026-06-09 07:00:00,63279.5,63424.0,62970.6,63170.8,6015.433,15.413135540980054,16.300103156774778,19.824699951775976,20.739861580992887,63155.627357247504,62868.66908351576,62563.18269049595,63329.030000000006,64094.87730950406,2.4186295274191107,0.3966961181188522,3
2026-06-09 08:00:00,63170.9,63183.0,62646.0,62816.9,8266.54,15.24442681439985,15.8348224704764,18.299985504737755,23.793725549266018,63123.36760893822,62866.63892337788,62519.57074987202,63277.65000000001,64035.729250127995,2.3960410986437912,0.19610697039773956,3
2026-06-09 09:00:00,62817.0,62923.7,62555.5,62682.5,5482.787,15.287107248418119,15.350121394699087,17.31656808042275,23.835926957689964,63081.38021761077,62859.417789127765,62453.34396569825,63225.745,63998.14603430175,2.4433117689692727,0.14834006178468212,3
2026-06-09 10:00:00,62682.6,62802.7,62560.9,62750.0,4015.766,15.326739080006512,15.285582947203181,16.682542769294432,22.9632031630446,63049.820196885936,62855.12689543648,62442.690036684464,63166.56,63890.42996331553,2.291940429605582,0.2122687629612145,3
2026-06-09 11:00:00,62750.0,62786.9,62457.5,62679.4,6806.713,15.608771470937292,15.447939359677704,15.832118241442366,23.39279598791472,63014.5420828968,62848.235644635046,62412.22422375179,63113.259999999995,63814.2957762482,2.2215166075978385,0.19055787543260477,3
2026-06-09 12:00:00,62679.5,62868.2,62404.0,62611.6,6095.652,15.58618860611627,15.45646384306139,15.952892217268309,21.71298905718653,62976.166646430436,62838.95581543367,62358.21483295922,63069.0,63779.78516704078,2.253992189636061,0.17824314489826948,3
2026-06-09 13:00:00,62611.6,62717.7,62125.0,62244.4,13535.918,16.229836566402383,15.919304018669838,14.519264686202815,23.991974284301683,62906.47458486563,62815.63990110294,62238.063703427426,63005.26000000001,63772.45629657259,2.4353404670422223,0.00412951457200892,3
2026-06-09 14:00:00,62244.4,62371.6,61075.9,61511.6,35615.599,18.48566015358899,17.03592437985263,11.98385732808389,33.94130526116043,62773.629386306995,62764.50108145185,61919.09591998645,62908.94000000001,63898.78408001357,3.14691069349939,-0.20583843870686785,3
2026-06-09 15:00:00,61511.6,61680.9,61001.0,61100.7,16545.058,20.666552439470408,18.448194502936396,10.907506452987558,31.882258587888707,62614.30277808728,62699.25398021844,61541.82842244531,62796.56500000002,64051.301577554725,3.996194943321207,-0.1757852725171226,3
2026-06-09 16:00:00,61100.6,61490.0,60755.0,61367.5,26909.919,22.966986396385163,20.726323274987077,9.874938549348235,32.03250545173956,62495.55965636468,62647.02833393536,61326.02568446923,62691.98500000001,64057.94431553079,4.357684050140639,0.015181387563749408,3
2026-06-09 17:00:00,61367.5,61860.0,61367.0,61667.1,12632.633,23.911776271784206,22.289164355627307,14.046487123372028,29.982278049896703,62416.6587367109,62608.59977182025,61236.60551657139,62590.80000000001,63944.99448342863,4.327135883959363,0.15894854420712864,3
2026-06-09 18:00:00,61667.2,61939.0,61563.3,61756.1,5648.053,24.55100875205015,23.75899757421766,14.394880304888193,28.485969724027104,62353.74838083368,62575.168408219455,61162.34958597978,62508.23000000001,63854.110414020244,4.306250277828163,0.2205806726344468,3
2026-06-09 19:00:00,61756.2,62079.5,61685.0,62068.8,6032.774,24.71967963105902,24.315727951421614,15.528444179811844,26.96424789007473,62326.6104398019,62555.3108235834,61125.30563520632,62458.77500000001,63792.244364793696,4.26991840552008,0.353774293472298,3
2026-06-09 20:00:00,62068.9,62253.2,61920.9,62132.3,4702.846,24.36631804352475,24.45866339778745,17.226698090944687,25.717986214741924,62308.10468363029,62538.72216383503,61098.32056591064,62439.26000000001,63780.19943408938,4.295180417222658,0.3855429290106371,3
2026-06-09 21:00:00,62132.3,62149.8,61660.0,61732.2,5903.611,24.516176755947182,24.6179281935031,16.04923225825072,27.60097027493319,62253.25661852264,62507.09384368464,61020.03756847985,62389.225000000006,63758.41243152016,4.38917916201125,0.26006754631448126,3
2026-06-09 22:00:00,61732.5,61945.4,61630.2,61688.0,3249.56,24.708674470129953,24.537496256827353,15.323372464829104,26.780250165718282,62199.42265485381,62474.97251648132,60945.46288010464,62331.625,63717.78711989536,4.4477008898624355,0.26783920482238127,3
2026-06-09 23:00:00,61687.9,61850.0,61519.0,61695.0,3688.76,25.091289406921142,24.80373308143416,14.577755780713694,27.111855697084586,62151.38240201059,62444.38535897225,60882.08874830723,62274.325,63666.561251692765,4.471300978991801,0.2919444349708544,3
2026-06-10 00:00:00,61694.9,61908.9,61404.6,61886.5,5067.624,25.654550279281658,25.181612374705807,13.49995329010366,26.78455062959732,62126.15550658101,62422.50750175766,60879.179380642316,62207.965,63536.75061935768,4.2720755110947,0.37903804973619865,1
2026-06-10 01:00:00,61886.5,61947.4,61544.2,61680.7,4252.258,26.03638592855424,25.56383766773769,13.263466614170563,25.181503093387718,62083.731172620915,62393.41701149265,60886.58960104938,62126.075000000004,63365.56039895063,3.9902260007593355,0.3203387468795227,1
2026-06-10 02:00:00,61680.7,61807.9,61201.0,61271.3,6430.764,27.006436133435223,26.33049320635844,12.090495213434677,27.955587270947305,62006.35677522845,62349.412422806665,60856.19888949017,62025.67,63195.14111050982,3.7709261681810933,0.17747386266295556,1
2026-06-10 03:00:00,61271.4,61571.1,61250.0,61518.2,3472.635,27.907197037967563,26.9717914832609,11.51048982095585,26.61450147745186,61959.86565377812,62316.815857206406,60886.12826559779,61943.04000000001,62999.951734402224,3.4125278139471873,0.29901822159241215,1
2026-06-10 04:00:00,61518.3,61535.0,61153.5,61269.6,4116.843,28.912389857037056,27.95941299523614,10.84483394716349,26.53818777766655,61894.12606770401,62275.748568688505,60852.47478208635,61865.67500000001,62878.87521791367,3.2754842419925474,0.2058454047575001,1
2026-06-10 05:00:00,61269.6,61368.0,61045.7,61321.6,4160.181,30.032104756555974,28.96965089726177,10.302758270814241,26.883527570694234,61839.59977554173,62238.33097775955,60833.81719637972,61797.63000000001,62761.4428036203,3.119254908708604,0.2530485182330318,1
2026-06-10 06:00:00,61321.6,61493.0,61108.8,61436.5,4853.421,30.522840884595436,29.717615370816247,11.643343692622826,25.262483594756386,61801.20932072823,62206.88662569055,60867.50093199779,61731.95500000001,62596.40906800223,2.8006696629070573,0.32910890761216777,1
2026-06-10 07:00:00,61436.4,61783.4,61400.7,61654.3,6313.665,29.83065540493517,29.931380080745573,15.54608235234052,23.72769063573288,61787.21795684935,62185.21656193798,60940.085640515215,61680.70000000001,62421.31435948481,2.401446026017202,0.4821769591273023,1
2026-06-10 08:00:00,61654.3,61707.6,61128.7,61228.7,7510.133,29.78658223775146,30.15471156117345,14.146048117989805,25.822234845788824,61734.02577048275,62147.70610852865,60987.89360241032,61611.555,62235.216397589684,2.024494910377391,0.19305860401200473,1
2026-06-10 09:00:00,61228.8,61396.4,60691.9,61302.7,12001.158,30.528130535390872,30.179392970163022,12.652693926965881,29.641558553762422,61692.94712567487,62114.56861407655,61002.87678104132,61564.47,62126.06321895868,1.8244068988450057,0.2669398497319968,1
2026-06-10 10:00:00,61303.2,61426.7,61113.2,61350.1,4009.363,31.1022857471239,30.44443399243768,12.508826946142289,28.2141887886237,61660.29501846775,62084.58945274021,60987.010636340114,61556.395,62125.77936365988,1.8499600688438078,0.31884381345320295,1
2026-06-10 11:00:00,61350.1,61406.0,60824.5,61003.1,9567.514,32.09601473203533,31.3120726337131,11.411179543752333,30.09495493602373,61597.70501670892,62042.17810165236,60964.2924087404,61551.515,62138.737591259596,1.9080686844494301,0.033043339814595146,1
2026-06-10 12:00:00,61003.1,61918.0,60930.0,61531.7,17186.613,31.289055394221332,31.19567057067262,17.001885560860924,25.931401292059746,61591.4188246414,62022.15935256796,60978.777081778724,61559.725,62140.67291822127,1.8874285686665249,0.4758799376665232,1
2026-06-10 13:00:00,61531.8,62445.0,61406.8,62123.9,18689.305,29.19203919415169,30.64402696309351,21.57173037883477,22.421157639691305,61642.131317532694,62026.14918187902,60950.19967828581,61582.564999999995,62214.93032171418,2.053715436225119,0.9280239455039874,1
2026-06-10 14:00:00,62123.9,62230.0,61782.0,62170.8,11613.002,27.24480986551559,29.266932629868464,20.295047534911156,21.09420301913912,61692.48071586291,62031.8217629818,60921.69736224771,61603.3,62284.9026377523,2.2128770301340803,0.9162982715790481,1
2026-06-10 15:00:00,62170.9,62840.2,61814.0,62604.8,18864.285,26.423167206203594,27.807603200177642,25.284753690020494,18.406896050640654,61779.368266733116,62054.29149776683,60838.20521166579,61630.1,62421.99478833421,2.5698312621080013,1.1154226636914306,1
2026-06-10 16:00:00,62604.7,62617.1,61891.2,62194.5,9692.542,25.660213308271025,26.45251158689331,23.04800606069039,16.778579571495122,61818.90462228234,62059.78987040343,60832.57058211259,61633.21,62433.84941788741,2.598077944950168,0.8505260841897069,1
2026-06-10 17:00:00,62194.6,62330.3,61616.0,61944.5,11161.95,24.264365024175454,25.343766115189524,21.072564496733172,18.642653488670774,61830.86608682688,62055.26869901506,60832.10682262863,61643.825,62455.543177371364,2.633574984587239,0.6852089853240048,1
2026-06-10 18:00:00,61944.4,62137.3,61552.0,61856.0,6181.953,22.813598810210628,24.236906059240827,19.590843229350245,18.100657714460052,61833.25979284337,62047.45424023016,60835.12280353062,61652.225,62469.32719646938,2.6506819387925713,0.6246937047045608,3
2026-06-10 19:00:00,61856.0,62038.0,61641.4,61908.7,4545.789,21.466458754386146,22.8654118892808,18.63468441272912,17.21722950987959,61840.44457447733,62042.01289747604,60837.901886737614,61662.91,62487.91811326239,2.6758649997620583,0.6489621714312896,3
2026-06-10 20:00:00,61908.7,61921.2,61644.4,61770.1,3195.626,20.21554298826341,21.51457089923702,17.97528178839627,16.607984616266023,61833.74509119378,62031.34964659462,60837.0961491878,61657.09,62477.083850812196,2.659852584065189,0.5689090533350136,3
2026-06-10 21:00:00,61770.1,61773.1,61150.1,61327.3,7887.368,19.710046401879445,20.588252578132796,16.55533145650375,21.563625177876744,61785.5122253658,62003.73985653209,60806.44037277624,61639.42,62472.39962722376,2.7027497248473726,0.31264847914692606,3
2026-06-10 22:00:00,61327.4,61547.9,61068.6,61353.2,7637.894,19.416656359523213,19.816099673893312,15.538364555071235,21.28353266534945,61744.33963247381,61978.22848960926,60817.37805385192,61643.515,62469.65194614808,2.6803693661793266,0.3242936589668237,3
2026-06-10 23:00:00,61353.1,61582.1,61135.8,61483.7,4642.378,19.039708943967927,19.374877672923688,15.0813995988953,20.0485628957878,61719.51681033345,61958.83521550694,60814.40818423775,61641.79,62469.17181576225,2.6844834186750637,0.40446369681550326,3
2026-06-11 00:00:00,61483.6,61955.8,61483.6,61794.6,6629.261,17.72665247428897,18.571654416906092,19.053967493095907,18.80526325217163,61726.66759030169,61952.39461882039,60857.230472363175,61668.04000000001,62478.84952763684,2.6295939602972074,0.5780454568466032,3
2026-06-11 01:00:00,61794.6,62350.0,61793.5,62180.3,6360.787,17.418226364840287,18.22896765440411,22.832196486468185,17.433143148658072,61769.87067693962,61961.332084749,60886.580003014926,61710.975000000006,62535.369996985086,2.6717937837964154,0.7846481369467183,3
2026-06-11 02:00:00,62180.4,62278.3,61911.5,62113.5,4726.248,17.131830691780795,17.42924158303488,21.70790366608619,16.574708101011908,61802.59727913585,61967.299453974534,60912.326897899235,61744.825000000004,62577.323102100774,2.6965761166244127,0.7214269312264266,3
2026-06-11 03:00:00,62113.5,62922.0,61975.6,62657.5,11223.901,18.075409988203514,17.7468181765219,27.281329005769436,14.579838366140102,61884.01658588482,61994.366142053965,60869.72969577237,61794.98500000001,62720.24030422765,2.9945967434983314,0.9660956797864446,3
2026-06-11 04:00:00,62657.5,62827.0,62512.6,62692.9,6342.014,18.951590763453183,18.041710727616987,26.155122826942844,13.977965046450745,61961.05310151483,62021.7596266793,60900.85016848747,61868.195,62835.53983151253,3.12711509205183,0.9262725003195105,3
2026-06-11 05:00:00,62692.8,62696.7,62527.5,62581.7,3206.604,19.76518719761359,18.92029859290855,25.543978991131834,13.651354185861694,62020.16232994199,62043.718072691874,60953.170902228965,61932.145000000004,62911.11909777104,3.1614409537116432,0.8317529041263306,3
2026-06-11 06:00:00,62581.7,62993.4,62507.9,62734.2,7813.001,21.02413193188358,19.98786134766838,27.939200578936013,12.732051325452781,62088.165917566555,62070.79579533141,61000.18404288522,62001.35,63002.515957114774,3.229497283897127,0.8659982617227481,3
2026-06-11 07:00:00,62734.1,62812.2,62574.3,62693.3,4667.736,22.193152042277145,20.979169619945367,26.980415212620613,12.295127424944901,62145.797734941174,62095.20772492626,61156.736362200856,62085.86,63014.983637799145,2.99302816389801,0.8268886805198885,3
2026-06-11 08:00:00,62693.2,63043.1,62691.7,62927.2,6684.514,23.65291681684309,22.338524374363335,28.98508827919782,11.658699081377321,62220.216998280106,62127.834872968364,61192.75284997155,62155.635,63118.517150028456,3.098293984217051,0.9006539117882675,3
2026-06-11 09:00:00,62927.2,62970.7,62753.3,62899.9,4093.748,25.008412678940033,23.60078236060859,28.018796205404147,11.27002651965993,62284.94871272962,62158.11193677352,61176.00078947917,62194.435000000005,63212.86921052084,3.275001084971137,0.8463478508048237,3
2026-06-11 10:00:00,62900.0,63188.0,62771.0,63120.3,8162.024,26.610051304227227,25.131484060535158,29.5709561901753,10.543925077087383,62364.505978183945,62195.84480199809,61142.78795629937,62241.91,63341.03204370064,3.5317747919388527,0.8995871091087155,0
2026-06-11 11:00:00,63120.2,63235.9,63020.6,63078.0,7361.917,28.170435741955373,26.589424210447703,29.317697557950915,10.179270495153993,62432.457789785476,62230.439123488366,61114.41584762614,62265.57000000001,63416.72415237388,3.6975624004529966,0.8528762843467261,0
2026-06-11 12:00:00,63078.0,63173.8,62455.8,62978.3,20933.227,27.51644325242222,27.063247278324724,26.078568779913642,17.74560360310221,62484.44276218686,62259.76700099863,61111.206576680765,62304.76,63498.31342331924,3.831339446036667,0.7821574580746062,0
2026-06-11 13:00:00,62978.3,63200.0,62644.7,63046.1,13026.119,26.965911622652232,27.5681736823038,24.278601198541583,16.25024239461281,62537.93392769287,62290.60358919477,61135.023964145854,62359.840000000004,63584.656035854154,3.928220585088576,0.7801481936515542,0
2026-06-11 14:00:00,63046.1,63060.0,62697.0,62699.6,7669.427,26.454703680722957,26.98557346657259,22.918990853435055,15.3402230121316,62553.33069648403,62306.64266412831,61192.25037495338,62402.02000000001,63611.789625046644,3.8773412304493737,0.622990358593487,0
2026-06-11 15:00:00,62699.6,62856.7,62494.6,62721.1,8504.57,25.288626414663078,26.127269018657657,21.618455830874115,17.641564219923772,62569.308725390314,62322.895892986024,61248.15488053102,62442.64000000001,63637.12511946899,3.8258636068846017,0.6165606818625682,0
2026-06-11 16:00:00,62721.2,62810.0,62502.4,62546.6,4781.27,24.205840381893193,25.330272031308077,20.55157909012884,16.77094817390067,62567.145989638855,62331.66860306501,61329.29315193439,62481.465000000004,63633.63684806562,3.6880436400318484,0.5282661827353924,0
2026-06-11 17:00:00,62546.6,63643.0,62315.0,63614.2,28276.294,24.986906927323325,25.1377666709932,28.42246564347742,13.641028917156842,62666.865419197056,62381.963951964426,61472.36407944029,62595.810000000005,63719.25592055972,3.5895243485457438,0.9532438906772729,3
2026-06-11 18:00:00,63614.2,63768.7,63283.4,63426.0,9903.762,25.912641940985786,25.059241161439488,28.249977947100117,12.707690693042933,62739.163950702095,62422.90654208347,61681.15091974741,62699.45000000001,63717.749080252615,3.2481914283222695,0.8567468605685852,3
2026-06-11 19:00:00,63426.0,63915.3,63350.4,63567.6,10032.986,27.00071577503989,25.993811351181606,28.068409247509297,11.703846083253184,62818.0626220638,62467.79648160961,61887.82655907516,62803.645000000004,63719.46344092485,2.9164499637715053,0.9170886749280304,0
2026-06-11 20:00:00,63567.7,63633.6,63235.8,63361.9,4935.297,27.59178528487554,26.752213612930664,26.481954190987725,12.670615504029959,62869.856658057724,62502.85936468374,62067.07162996917,62882.01000000001,63696.94837003085,2.591960307982645,0.7944333078720003,0
2026-06-11 21:00:00,63361.9,63571.5,63359.7,63487.2,2172.23,28.140635544008646,27.57067565952427,25.65066068232389,12.27287293777856,62928.651262052226,62541.46095822555,62160.21490954524,62947.35500000001,63734.49509045478,2.5009473089211447,0.842915452119896,0
2026-06-11 22:00:00,63487.3,63640.6,63425.0,63467.1,2216.095,28.780935857598145,28.186360571236843,25.863552839873577,11.864586957779817,62979.93209423773,62577.76052849122,62300.33826114678,63015.03500000001,63729.73173885324,2.2683371955700045,0.816263511097974,0
2026-06-11 23:00:00,63467.1,63712.3,63328.1,63597.9,4271.542,28.974645962154405,28.557640753081525,24.311443667305277,12.666138940283323,63038.78618050081,62617.76599796215,62323.07390779758,63062.05500000001,63801.036092202434,2.343663213012726,0.8625566375473731,0
2026-06-12 00:00:00,63598.0,63777.0,63489.8,63617.7,4243.194,29.294425838790342,29.037680848194242,24.229247725980656,12.082425149286655,63093.92082997692,62656.97909608129,62351.06386522358,63108.295000000006,63865.52613477643,2.3997832132096932,0.8363603110101873,0
2026-06-12 01:00:00,63617.7,63617.7,63271.6,63402.9,4466.191,28.694650253023248,28.834648107588826,22.861927028605916,14.958398847678145,63123.34741759817,62686.23089623496,62423.963410725235,63149.355,63874.74658927477,2.2973840010710105,0.6747642264873014,0
2026-06-12 02:00:00,63402.9,63758.4,63402.9,63589.3,3408.002,28.484182780014855,28.889304309402597,23.844106778267893,14.079497173675234,63167.723854017386,62721.64537089242,62468.95104127789,63192.11,63915.26895872211,2.28876345076026,0.7746215027895628,0
2026-06-12 03:00:00,63589.2,63620.1,63314.7,63490.0,2027.229,27.931708824748736,28.31317953888599,22.614795251606253,14.84256295366082,63198.41682030144,62751.77692497507,62537.266707247065,63231.94500000001,63926.62329275295,2.1972384140735888,0.6857370546136876,0
2026-06-12 04:00:00,63490.1,63843.2,63391.2,63670.4,5901.952,27.971769895662383,28.22797633783862,24.645551993756147,13.715503714888557,63243.36759932036,62787.80135928978,62563.63746118842,63269.105,63974.57253881159,2.2300537958031383,0.7844177640519152,0
2026-06-12 05:00:00,63670.5,63695.4,63265.4,63317.6,6047.081,27.494934237857066,27.713321531302903,22.86663833091969,14.837201870205362,63250.437351766035,62808.57777657253,62606.14377259363,63289.99,63973.83622740637,2.1609933179208003,0.5201872869173507,0
2026-06-12 06:00:00,63317.6,63385.9,62800.0,62955.9,8541.968,25.59044294071894,26.78110641819066,20.67667543157123,21.023645486281733,63222.386175407366,62814.35511866772,62585.496163669064,63281.76999999999,63978.043836330915,2.2005510791841805,0.265990058080318,0
2026-06-12 07:00:00,62956.0,63180.8,62919.9,63066.5,4785.19,23.821986736233537,25.658460487045303,19.768752544058344,20.100486974695926,63207.53987298762,62824.24315322977,62584.19400936335,63281.19499999999,63978.19599063663,2.202869243024376,0.3459865890549952,0
2026-06-12 08:00:00,63066.5,63587.0,63063.9,63440.5,6555.915,23.18366485612019,24.387053898419566,24.781551872387176,18.359760298559358,63229.726551750704,62848.410088397235,62619.038924975095,63304.30499999999,63989.57107502489,2.164990437932769,0.5993738089216357,3
2026-06-12 09:00:00,63440.5,63929.9,63398.3,63729.5,7939.036,23.345539848726336,23.583763292479937,28.220392523638207,16.770299704874322,63277.324023012545,62882.96263395029,62639.40497752953,63338.475,64037.54502247047,2.207410337778011,0.7796751308389274,3
2026-06-12 10:00:00,63729.5,63824.0,63541.9,63665.1,4205.305,23.495852341860616,23.3397585989904,26.89001003448597,15.979704285391357,63314.255068439925,62913.63468752086,62742.22114392228,63386.75,64031.27885607772,2.0336390683469934,0.7159329232316283,3
2026-06-12 11:00:00,63665.2,63855.8,63650.0,63729.4,3381.03,23.705578985334654,23.525559417030493,26.481502116718275,15.408995236789714,63353.792680969455,62945.62548408867,62857.37946333375,63437.165,64016.95053666625,1.8279049407906167,0.7520199121215962,3
2026-06-12 12:00:00,63729.4,63745.1,63331.9,63433.7,5597.36,22.77797564005689,23.136913990958753,24.58312400485979,19.823156151371983,63361.40290182951,62964.765661183235,63080.39600236993,63481.520000000004,63882.643997630075,1.2637504509346065,0.44039249673101327,3
2026-06-12 13:00:00,63433.8,63507.9,63020.6,63200.3,9236.386,21.30120720415389,22.503393094744272,22.53170255119218,23.499846156352916,63346.05976832194,62974.00230192115,63046.04738361541,63460.825000000004,63875.602616384596,1.30719263855959,0.18594616764657293,3
2026-06-12 14:00:00,63200.3,63988.0,63160.4,63971.0,14271.383,20.805961298049375,21.79196846905313,27.22972252071556,20.388105169298463,63405.57788562461,63013.10025086542,63015.365734170526,63488.075000000004,63960.78426582948,1.489127732505604,1.010805515048019,3
2026-06-12 15:00:00,63971.1,64362.6,63504.2,63557.0,26003.214,21.076225904619022,21.188716554386456,29.34410391682843,17.76109334131838,63419.99903937465,63034.42965279227,63015.187519515704,63487.545,63959.90248048429,1.4880319611800827,0.5735195300906335,3
2026-06-12 16:00:00,63557.1,63974.8,63477.5,63951.2,8532.953,21.246385149541652,21.026173223795514,27.1606745447842,16.83902474095013,63470.589607053254,63070.38143111414,63005.73643680502,63517.01,64028.283563194986,1.609879190456174,0.924616126527951,3
2026-06-12 17:00:00,63951.2,64083.3,63708.0,63836.9,4217.505,21.613325262330154,21.344775583474586,27.260441088862503,15.878783587916988,63505.476311143415,63100.440982835156,63003.958114134184,63534.495,64065.03188586582,1.6700750855604296,0.7849990340506523,3
2026-06-12 18:00:00,63836.9,63907.0,63647.9,63661.8,3095.609,21.75284755992206,21.499616354731856,26.1516836036178,16.17638188044194,63520.36428151071,63122.45506193966,63011.75837248704,63544.23,64076.701627512964,1.6759086624008546,0.610400248506328,3
2026-06-12 19:00:00,63661.8,63790.8,63555.0,63555.1,3164.169,21.56664218559033,21.58998372396024,25.14917413046883,17.06656114101159,63523.67244517636,63139.42153009889,63010.182853769045,63542.090000000004,64073.99714623096,1.6741883882980821,0.5122295781248497,3
2026-06-12 20:00:00,63555.0,63664.4,63352.3,63417.9,4000.142,20.733795472027392,21.243321515974728,23.846180450571932,19.547282031671532,63513.59887896909,63150.34225440874,62998.66918960869,63532.1,64065.530810391305,1.6792481608236036,0.39295706418211584,3
2026-06-12 21:00:00,63418.2,63608.1,63413.0,63450.1,2246.705,19.960437809433234,20.76353999751178,23.042476829839753,18.88846703289672,63507.55136668632,63162.0974601182,63003.02202857273,63534.45999999999,64065.89797142726,1.6729125310178619,0.42063043616037593,3
2026-06-12 22:00:00,63450.0,63633.3,63435.6,63482.8,2214.568,19.313475018977268,20.02363524550233,22.677228254521985,18.218395291577817,63505.19409366857,63174.67403030965,62997.876469318275,63529.13499999999,64060.3935306817,1.6724878457158683,0.4563912884932621,3
2026-06-12 23:00:00,63482.8,63554.7,63394.3,63547.0,1641.695,18.561089657963898,19.260763733698568,21.995455063042993,18.44477088671266,63509.17560855728,63189.27504872888,63000.9989489383,63531.98499999999,64062.971051061686,1.6715550476242564,0.5141387894936078,3
2026-06-13 00:00:00,63547.0,63625.2,63480.0,63573.9,1951.164,18.08393291041918,18.698703964698225,22.751679860400955,17.919571153970818,63515.339836313724,63204.35838015128,62999.72790349648,63527.159999999996,64054.59209650351,1.6604932331415885,0.5443090213032701,3
2026-06-13 01:00:00,63573.9,63828.4,63573.9,63801.0,2669.191,18.24159485292327,18.401342255443584,25.663666468866623,17.0055669353452,63542.54556618861,63227.75609073359,63020.04236811826,63551.33,64082.617631881745,1.671995320575489,0.7349668851839289,3
2026-06-13 02:00:00,63801.1,63806.9,63517.8,63612.0,2457.955,18.150902081893502,18.117417496156342,24.15637467855298,17.146494630277488,63549.160274170645,63242.824479332274,63132.61436329615,63584.135,64035.65563670386,1.4202304920995006,0.5308568399037253,3
2026-06-13 03:00:00,63612.1,63695.0,63360.0,63494.4,3026.794,17.422174702065014,17.831884777494142,22.50679362896756,19.192253634596547,63543.945009963914,63252.690186025124,63221.825573731716,63605.53,63989.23442626828,1.2065127867601544,0.3551880140127753,3
2026-06-13 04:00:00,63494.4,63619.1,63444.9,63475.2,1293.536,16.74549927793856,17.44820067991603,21.677811139671462,18.48535408881972,63537.39786615782,63261.416061082964,63226.3992367973,63607.265,63988.1307632027,1.197554283155242,0.32662526701078753,3
2026-06-13 05:00:00,63475.2,63564.8,63456.0,63554.9,1208.298,16.11715781267828,16.769666257371647,21.153746977588902,18.038468029201457,63539.064736047556,63272.925235158145,63221.48121198872,63598.53500000001,63975.5887880113,1.185731048714533,0.44213690276106865,3
2026-06-13 06:00:00,63554.9,63720.2,63516.3,63707.2,1642.636,16.103483113144563,16.424491195541563,23.715220383797682,17.199292834578948,63555.077618328745,63289.95561809312,63221.55690453915,63600.640000000014,63979.723095460875,1.1920732101465044,0.6405496595283884,3
2026-06-13 07:00:00,63707.2,63879.0,63637.1,63823.9,4873.909,16.61362596666906,16.365391889673667,26.067690444092605,16.23437174325077,63580.67974991648,63310.89461346202,63217.2756599045,63605.36500000001,63993.45434009552,1.2203037907117114,0.7815524383460348,3
2026-06-13 08:00:00,63823.9,63896.5,63729.8,63771.6,3461.243,17.14339843746088,16.623440775302722,25.445343540894942,15.585460552792622,63598.862630876814,63328.96149136547,63236.22217038254,63622.26000000001,64008.29782961748,1.2135307033024845,0.6934266392337418,3
2026-06-13 09:00:00,63771.5,63833.0,63708.2,63709.9,1419.807,17.516512939930273,17.065069453299664,24.65092979381906,15.639229313255507,63609.437618412354,63343.90025640997,63315.43840965114,63647.74000000001,63980.04159034888,1.0441897555164419,0.593529495201527,3
2026-06-13 10:00:00,63709.9,63883.2,63683.1,63812.9,2679.471,18.04306778881705,17.593233113138965,24.673258491130625,14.839269551165764,63628.81498808737,63362.29240321743,63333.396488779705,63639.835000000014,63946.27351122032,0.9630399300070748,0.7823812831337728,3
2026-06-13 11:00:00,63813.0,63949.9,63809.4,63936.1,2414.403,18.770262122060043,18.143387530995156,25.522285489849555,14.286685680834651,63658.08022731714,63384.794661914784,63327.99442375362,63658.79,63989.58557624638,1.039276983575662,0.9191561494665397,3
2026-06-13 12:00:00,63936.1,64187.7,63882.6,64103.1,4756.321,20.192316795965,19.117692292391027,29.721471714096456,13.142214652522034,63700.46306281075,63412.96349870244,63302.046746087275,63666.385,64030.72325391273,1.1445231385847554,1.0993263064061982,3
2026-06-13 13:00:00,64103.0,64217.0,64026.6,64071.0,4732.652,21.595850183571393,20.183056152815716,28.989253163251416,12.47082019670588,63735.75229492401,63438.768851694505,63277.452608360174,63678.090000000004,64078.72739163983,1.2583210069266515,0.990356127759063,3
2026-06-13 14:00:00,64071.0,64208.8,64052.3,64189.7,2178.915,22.89913118634876,21.54572399115688,27.735043543070656,11.931274642559607,63778.98540969315,63468.21713202022,63243.37203849907,63704.48500000001,64165.59796150095,1.4476624730611707,1.0261346356656238,3
2026-06-13 15:00:00,64189.8,64323.0,64147.2,64265.0,4558.288,24.448554750837545,23.02220246720447,29.58645575376979,11.337866304450994,63825.2725135319,63499.463518999815,63221.5546895383,63739.98000000001,64258.40531046172,1.6266880236288404,1.0063603082307142,3
2026-06-13 16:00:00,64265.1,64280.0,63862.9,63996.2,8214.293,24.08319730850373,23.491164247426248,26.25056745438172,17.744716908814997,63841.55132176696,63518.94338099982,63261.720280908834,63768.895000000004,64276.069719091174,1.5906649130149428,0.7240894423989739,3
2026-06-13 17:00:00,63996.1,64090.1,63902.0,63939.7,2988.244,23.74393682633662,24.096245788587083,24.887750610942746,16.82348733435287,63850.89881493201,63535.44364056846,63304.03965755127,63793.375,64282.71034244873,1.534125894573625,0.6495140318986142,3
2026-06-13 18:00:00,63939.7,64247.8,63939.6,64122.7,3116.164,24.01099452211854,24.047095915311136,27.093173119739465,15.411674437005887,63876.784642081344,63558.473301722646,63337.861264962536,63825.37,64312.87873503747,1.5276330870857997,0.8049483820809318,3
2026-06-13 19:00:00,64122.7,64298.7,64111.1,64264.2,3087.802,24.43469505816715,24.089315942251886,27.095207866303877,14.608076107387616,63913.6813428355,63586.14885851784,63354.793374982735,63861.23,64367.66662501727,1.5860534631646397,0.8978483980954713,3
2026-06-13 20:00:00,64264.2,64264.3,64195.3,64252.4,1079.311,24.82813127021229,24.419562896165417,26.54692538647521,14.31247578451115,63945.94026256545,63612.276354262234,63378.95265503405,63895.155000000006,64411.35734496596,1.615779302721634,0.8460319422062657,3
2026-06-13 21:00:00,64252.4,64738.0,64189.6,64435.2,7334.893,26.534639279073232,25.48466716862019,35.3798422196989,12.199531386854993,63992.536428035404,63644.54786978137,63359.62216784384,63926.86500000001,64494.10783215619,1.774661817550961,0.9480752961370418,3
2026-06-13 22:00:00,64435.2,64529.0,64349.3,64413.4,2850.59,28.119253858729824,26.473692564471058,33.627943760753055,11.595448980162036,64032.61867298441,63674.69893371151,63380.44763566273,63966.935000000005,64553.42236433728,1.8337203880013244,0.8806262735979791,0
2026-06-13 23:00:00,64413.4,64572.0,64350.5,64418.2,2165.507,29.69119810080191,28.112918689937572,32.75122859657071,10.880288068081187,64069.34070412875,63703.85583827185,63437.93153369047,64013.12500000001,64588.318466309545,1.7971110340560252,0.8521206548111243,0
2026-06-14 00:00:00,64418.3,64548.6,64338.8,64519.3,2060.185,31.06532169689559,29.592287777812707,30.812741235845124,10.566380412765962,64112.1939704022,63735.834040692556,63506.40842146834,64065.33000000001,64624.25157853168,1.7448488239478983,0.9061124292182527,0
2026-06-14 01:00:00,64519.2,64682.2,64466.4,64534.1,2612.929,32.66716588992031,31.179181995361112,32.726102732533626,9.916231733691118,64152.37549703056,63767.13858811638,63572.33773603019,64114.29000000001,64656.24226396983,1.6905818155977983,0.8873127099099724,0
2026-06-14 02:00:00,64534.0,64606.4,64436.7,64450.0,2045.452,33.92503041763429,32.49517605726494,31.105279561614633,10.291905403318331,64180.72068778955,63793.91746701377,63625.36725369156,64151.430000000015,64677.49274630847,1.6400655334057332,0.7837779353272442,0
2026-06-14 03:00:00,64450.1,64518.4,64421.7,64515.0,3269.628,34.97217932020913,33.819672605064724,30.187788255934173,10.445875816039239,64212.55681276198,63822.19521340539,63659.7169383263,64185.98500000001,64712.25306167371,1.6398223433782473,0.812592596778167,0
2026-06-14 04:00:00,64515.0,64532.8,64281.0,64300.0,2599.296,34.86061623501433,34.392823326324304,27.88157685180385,13.916661606734996,64220.88473535608,63840.93265601695,63721.88969426648,64212.405,64702.92030573352,1.5277898584658811,0.5892887530481961,0
2026-06-14 05:00:00,64300.0,64378.5,64260.0,64318.1,2076.942,34.60311859547715,34.78764895784314,26.842291706340966,14.058487579393843,64230.14333198883,63859.64510087903,63811.65016267173,64242.815,64673.979837328276,1.3422974610570015,0.5873041972375369,0
2026-06-14 06:00:00,64318.1,64450.1,64208.5,64258.0,3360.246,34.63890088479745,34.749758559905885,27.05362137521738,12.994944513091179,64232.7963479899,63875.26686162887,63884.34001362217,64265.07,64645.79998637783,1.1848737934241156,0.49071520466871826,0
2026-06-14 07:00:00,64258.0,64412.7,64186.5,64392.0,2472.615,34.49661442058244,34.549866508029794,25.136286586508593,12.763262379023555,64247.958600562284,63895.530906270884,63936.61594890423,64287.865000000005,64639.11405109578,1.0927382674654766,0.6482352759034231,0
2026-06-14 08:00:00,64392.1,64486.9,64353.2,64423.1,1629.08,34.662605508255055,34.65075319652625,26.44682715473928,12.212334528981597,64264.63873384207,63916.219890338696,63958.957413443684,64303.865,64648.77258655631,1.0727429418319214,0.6728506484744036,0
2026-06-14 09:00:00,64423.1,64593.1,64281.1,64584.7,3100.679,35.210189983117424,34.85340220184993,27.189759353679136,11.017211570312723,64295.120759190446,63942.43479659992,63981.16614938497,64329.55,64677.93385061504,1.0831222995187593,0.866190912049387,0
2026-06-14 10:00:00,64584.8,64640.6,64452.8,64485.4,2531.79,35.8846813156104,35.273643411932724,27.07660501999917,10.360008354247134,64313.2425916485,63963.72754967443,63995.84261225425,64344.33499999999,64692.82738774573,1.0832107838110083,0.702393230039404,0
2026-06-14 11:00:00,64485.5,64614.4,64419.3,64511.7,1865.041,36.20411331304765,35.70715164808254,25.38261547380086,10.786103481188668,64332.14329720579,63985.216665373475,64002.58201152837,64356.67,64710.757988471625,1.1003925108978663,0.7189145142555738,0
2026-06-14 12:00:00,64511.7,64531.2,64255.9,64296.8,3294.214,35.147706104178106,35.51619370989425,23.1789581882233,15.002601533013449,64328.77726890048,63997.43561967256,64058.92810733213,64371.700000000004,64684.471892667876,0.9717683164119378,0.3802641769355906,0
2026-06-14 13:00:00,64296.7,64369.0,64207.3,64287.5,2943.823,33.807395025438446,35.00575416924305,21.972333104617366,15.786217264452565,64324.846100433766,64008.810693410895,64146.6931448856,64389.090000000004,64631.48685511441,0.7529128152437197,0.2904469512361135,0
2026-06-14 14:00:00,64287.4,64313.1,63830.0,63953.7,8475.881,32.36129499691715,33.75450055054763,18.820138923033237,24.72584259663004,64289.49885277341,64006.649489747724,64091.807545195654,64380.64,64669.472454804345,0.8972649380445601,-0.2390789935452552,0
2026-06-14 15:00:00,63953.7,64123.8,63945.8,63995.2,4281.19,31.018487827575953,32.4129414265072,17.806500613648637,23.39412759759334,64261.47039060452,64006.20049014978,64033.89621209875,64367.19000000001,64700.48378790127,1.035601485481223,-0.058051205128095175,0
2026-06-14 16:00:00,63995.2,64183.4,63901.3,63913.8,3323.998,29.40644779462466,30.883871395770907,18.086059315116835,21.424688835728332,64228.35892483266,64002.57694151646,63962.47117846669,64350.26000000001,64738.04882153333,1.2052439929017296,-0.06275474660955616,0
2026-06-14 17:00:00,63913.8,64000.0,63650.0,63706.1,5470.458,29.019372253125606,30.01893004035078,16.257386536035106,26.518112375862387,64178.6199796105,63990.95039479033,63833.57396579723,64313.80500000001,64794.036034202785,1.4933995405893885,-0.1327214993600408,0
2026-06-14 18:00:00,63706.2,63791.9,63650.9,63783.9,3170.311,28.65994496459077,29.033196379607716,15.574208665604962,25.403751989547352,64141.02760059998,63982.830771465226,63749.90349862224,64282.33000000001,64814.75650137778,1.6565252111358422,0.03192600414309631,0
2026-06-14 19:00:00,63783.9,63830.9,63702.0,63777.3,1358.481,28.063681724197565,28.541526988661587,16.15748621719696,24.394513716312535,64106.38687673331,63974.77074121169,63676.731459067036,64250.285,64823.83854093297,1.7853727526125922,0.08767144979122428,0
2026-06-14 20:00:00,63777.4,64070.0,63761.5,63978.1,3073.059,26.103462968095403,27.38170396634309,21.855656553208537,22.128631462685714,64094.169078949184,63974.90130037985,63652.049271209944,64223.225,64794.40072879005,1.7787201710597826,0.2854206790970806,0
2026-06-14 21:00:00,63978.2,65652.0,63973.4,65284.4,27695.963,28.063952600603557,28.06381716240056,47.369265149638096,14.32942205747898,64207.52440476355,64026.25419056104,63527.90846942051,64260.74,64993.57153057949,2.2808063852968066,1.1984279177988837,0
2026-06-14 22:00:00,65284.4,65555.0,64918.2,65389.2,14246.288,29.884407259361126,27.993935113728263,41.407011700075174,12.525812779974709,64320.06493764321,64079.70304583316,63419.83472572461,64307.7,65195.56527427538,2.7613031542890942,1.1090451059045234,0
2026-06-14 23:00:00,65389.2,65775.0,65217.0,65702.1,9775.909,31.83989812095613,29.951925360779843,41.19675072289832,11.195994523217738,64451.68732453434,64143.32645580049,63283.65243697004,64367.055,65450.45756302996,3.3663263389321085,1.1161352416715156,0
2026-06-15 00:00:00,65702.1,65880.0,65444.0,65591.4,9044.986,33.776123489026084,31.830265374193605,39.79323301957037,10.277821712081899,64560.2313888644,64200.113653612236,63218.84186778287,64431.625,65644.40813221714,3.7645585757526274,0.9781460795384579,0
2026-06-15 01:00:00,65591.4,65705.6,65314.3,65482.6,5936.809,35.00803223396454,33.42396517746033,36.87075144446995,11.957293372602685,64648.07601849636,64250.40723582352,63191.23848157334,64489.85,65788.46151842666,4.027336141816612,0.8822351742277674,0
2026-06-15 02:00:00,65482.6,65749.0,65383.6,65429.3,3923.62,36.213688014549085,34.994905751787584,35.15179660890088,11.134912952850536,64722.47830244909,64296.63832461475,63189.57833768808,64548.41500000001,65907.25166231193,4.210286688873539,0.8241320404548329,0
2026-06-15 03:00:00,65429.3,65996.8,65393.4,65894.7,9255.319,37.669652502687775,36.338842368326155,35.79646918343252,9.921425230223907,64834.118464120605,64359.307409923975,63140.61632224079,64623.55000000001,66106.48367775923,4.589452847326455,0.9285930042133623,0
2026-06-15 04:00:00,65894.6,65894.7,65601.8,65612.2,3331.818,39.02161952738798,37.61765377096853,33.867058043277176,9.386665551348317,64908.22146753769,64408.440452672054,63139.78628101281,64683.005000000005,66226.2237189872,4.77163582300232,0.8010574549697724,0
2026-06-15 05:00:00,65612.2,65844.7,65577.8,65828.1,3066.816,40.15535851731066,38.91250550999922,32.165715760889036,9.366845795873697,64995.82894681982,64464.113376096684,63120.593073051015,64745.17500000001,66369.756926949,5.0183876310443045,0.8332934406188292,0
2026-06-15 06:00:00,65828.0,65933.0,65716.4,65773.0,4071.861,41.34122448769569,40.18142200754184,32.52744241169029,8.97289553119609,65069.845237598885,64515.442263308585,63127.29079460963,64809.55500000001,66491.81920539039,5.1914079810928495,0.7863536526881089,0
2026-06-15 07:00:00,65773.0,65978.1,65580.0,65642.3,5386.6,41.722323835610645,40.938841176460656,30.027735896668887,10.916399367531865,65124.36473877994,64559.632762786685,63150.31327640897,64866.08500000001,66581.85672359105,5.290196636936046,0.7261999627710995,0
2026-06-15 08:00:00,65642.4,65768.1,65580.3,65619.9,3912.2,42.076201801531674,41.70871314461368,28.89945595793196,10.506220110194219,65171.55857318185,64601.21187012839,63206.88622404234,64932.240000000005,66657.59377595768,5.314320824162753,0.6992808691128564,0
2026-06-15 09:00:00,65620.0,65740.1,65469.0,65559.9,3326.393,41.8037740504547,41.76304894303267,27.304505465822857,12.192194054317048,65208.54347097405,64638.807483064535,63276.782268803545,64995.86000000001,66714.93773119648,5.28980686214927,0.6640530819997926,0
2026-06-15 10:00:00,65559.8,65934.3,65545.2,65884.7,7895.239,41.97991133922447,42.02805657037807,29.0812996600665,11.233888418340843,65272.93933088128,64687.666013140435,63403.13515102805,65092.41000000001,66781.68484897197,5.19038962905801,0.7345059480646827,0
2026-06-15 11:00:00,65884.7,66346.2,65807.3,66192.0,15452.401,42.867348359313084,42.33556120488389,34.05007756314433,10.055089441682664,65360.468918416394,64746.6595028212,63527.749787367575,65202.25000000001,66876.75021263244,5.136326469201392,0.795535943361881,0
2026-06-15 12:00:00,66192.0,66570.0,66056.4,66528.5,12174.401,44.00461130554121,42.992261322382845,34.97613993841751,9.077457498497921,65471.70997380531,64816.53560074979,63673.83049588441,65332.985000000015,66992.13950411562,5.079071480097245,0.8602783818608988,0
2026-06-15 13:00:00,66528.5,66915.2,66375.1,66410.8,20545.811,45.46611168997431,44.1667300246437,37.84642732772011,8.177085780928962,65561.14711915718,64879.05577326941,63930.96816691716,65468.22,67005.47183308285,4.696177269163092,0.8065795661175843,0
2026-06-15 14:00:00,66410.8,66646.8,66265.0,66552.3,8252.837,46.292522371604306,45.14856683857276,35.189286846386786,9.627593285497522,65655.5426316184,64944.67319392551,64216.4469919685,65606.64000000001,66996.83300803152,4.237964352484779,0.8401182406099966,0
2026-06-15 15:00:00,66552.4,67255.4,66541.5,67248.5,13362.263,47.71028997797429,46.5882008339743,41.390038794634066,8.435075794223827,65807.25285717855,65035.01934318333,64488.38106205948,65780.20000000001,67072.01893794053,3.9276832175655483,1.0683071972689993,0
2026-06-15 16:00:00,67248.5,67254.5,67051.1,67122.3,7578.852,49.02678846960357,47.65965542060394,39.874589205385746,8.126235007408905,65932.49544220917,65116.87348658791,64814.80493582739,65937.41,67060.01506417262,3.4050626622204727,1.027741250157858,0
2026-06-15 17:00:00,67122.3,67122.4,66635.1,66820.7,8193.907,48.54227087568948,48.12628042683188,36.432915212146845,14.793192715475238,66017.08635247496,65183.690212604066,64869.72617633563,66014.225,67158.72382366439,3.4674309170921274,0.8523267055084729,0
2026-06-15 18:00:00,66820.7,66900.0,66678.5,66726.1,3557.451,48.09236168134069,48.559575075472125,34.955994525841376,14.19350498226018,66084.61146176305,65244.17687093332,64934.11402121796,66081.07,67228.02597878205,3.4713601906931806,0.7811921346296814,0
2026-06-15 19:00:00,66726.1,66856.1,66302.4,66579.2,6172.572,46.343044544168244,47.442657709928866,31.516556510000257,19.480314834703073,66131.71513207133,65296.53071913201,64971.92314237577,66124.925,67277.92685762423,3.48734416749579,0.69699664705486,0
2026-06-15 20:00:00,66579.1,66658.2,66445.0,66489.6,2244.671,44.71867863107954,46.405520156210116,30.281079855983403,18.716669409685363,66165.79940520739,65343.317749754286,65034.496991855485,66169.835,67305.17300814453,3.431587847074187,0.6408237008301123,0
2026-06-15 21:00:00,66489.6,66534.8,66284.8,66337.1,2945.274,42.673513720260594,44.50827913221442,28.852775154386652,20.856377064444896,66182.1137475686,65382.2896027051,65122.71298147392,66212.56,67302.40701852608,3.2919646016589037,0.5571364594676954,0
2026-06-15 22:00:00,66337.1,66446.2,66065.1,66170.0,5545.129,40.091160491707086,42.404919561393314,26.779151479468442,23.500624251003558,66180.96005732397,65413.18020652059,65223.332051289755,66249.595,67275.85794871025,3.098171237756999,0.4612209521448497,0
2026-06-15 23:00:00,66170.0,66335.5,66086.6,66285.9,2775.711,37.69326106519311,40.18338739272686,25.490624664915227,22.369849643399792,66190.95433757883,65447.40451214724,65256.551268133386,66269.155,67281.7587318666,3.056033329130602,0.5082682887061515,0
2026-06-16 00:00:00,66285.9,66426.9,66197.2,66216.9,3431.519,35.72195811818891,37.906559304948,26.14327233201183,21.348925549072927,66193.42535304751,65477.58080578852,65334.386851054674,66299.39,67264.39314894532,2.911046840537522,0.4572592068273764,0
2026-06-16 01:00:00,66216.8,66388.8,66206.6,66309.9,2298.901,33.89146252454215,35.79236179486763,25.16230863772834,20.54785823777242,66204.5181765668,65510.22077418897,65384.30485776604,66323.48,67262.65514223395,2.832104534424184,0.49277025158071164,0
2026-06-16 02:00:00,66309.9,66331.8,65655.0,65714.1,9099.747,32.4098711329543,34.06591462557161,21.878307031147553,28.50304296077319,66157.81168356043,65518.21603794627,65373.75324384381,66320.53499999999,67267.31675615617,2.85516923576139,0.17973875919301893,0
2026-06-16 03:00:00,65714.0,66145.4,65607.1,66125.4,6605.331,31.15422276415574,32.52284264434894,19.67845902208224,26.53180860703851,66154.72485655468,65542.02717371308,65447.409287249306,66344.69,67241.9707127507,2.7049058869690903,0.37780301254456117,0
2026-06-16 04:00:00,66125.4,66252.2,65768.7,65811.1,5555.333,29.62387332971223,31.016872231333267,19.892121788462596,24.180049025683182,66121.99867973995,65552.57904925375,65485.87522158336,66354.25000000001,67222.62477841668,2.6173900795100806,0.18726060826504046,0
2026-06-16 05:00:00,65811.1,66119.9,65811.1,66028.0,3516.107,28.202834569157538,29.67852866665664,18.749056638827962,22.79058581750264,66113.04642452662,65571.22300810655,65576.82038937203,66377.655,67178.48961062796,2.4129644550653806,0.2816933762853847,0
2026-06-16 06:00:00,66028.1,66543.5,66025.1,66406.4,5633.376,26.823327175595935,28.22360025265408,24.67461397939338,20.64575505697978,66140.98486028599,65603.97504700434,65637.2635166167,66403.74,67170.21648338331,2.3085340776989467,0.5017352130545789,0
2026-06-16 07:00:00,66406.3,66497.0,66272.1,66341.7,3952.601,25.542356024431587,26.872595296794564,23.635389311177246,19.776214485156462,66160.1005878778,65632.9054373179,65650.55298720255,66411.225,67171.89701279746,2.2907935000369437,0.45430027736637574,0
2026-06-16 08:00:00,66341.8,66956.7,66310.5,66863.9,9095.48,25.49813328764131,26.160730231618622,29.112417639743676,17.49607277974632,66227.129103318,65681.17973389366,65642.06736847106,66427.99500000001,67213.92263152896,2.3662542623149956,0.7773187902504288,0
2026-06-16 09:00:00,66863.9,66884.6,66440.1,66478.4,5305.599,25.457069317764624,25.499712671098106,26.82158866505199,16.119323141047804,66251.05966490676,65712.44327374097,65645.17733401473,66431.375,67217.57266598527,2.366946840962621,0.5299066011224176,0
2026-06-16 10:00:00,66478.5,66755.5,66451.1,66476.1,3834.46,25.418938488593415,25.45853588811736,25.35043711730728,15.235185833459889,66272.49207777278,65742.39059633936,65643.09812699465,66427.565,67212.03187300536,2.36187153030629,0.530935022032264,0
2026-06-16 11:00:00,66476.1,66619.3,66325.4,66456.0,3380.096,24.8776550455813,25.167362181672964,23.982676228580004,16.72078398612768,66289.96902274681,65770.37527883585,65704.51738003897,66387.94,67071.36261996103,2.0588758137728855,0.5497934938149097,0
2026-06-16 12:00:00,66456.0,66787.1,66325.2,66390.5,6611.999,24.81728713418267,25.118112811388045,25.015714019945516,15.321638134555863,66299.54340153282,65794.6938953521,65761.52198760043,66351.35,66941.17801239958,1.7778930267419701,0.533187640445154,3
2026-06-16 13:00:00,66390.5,66435.6,65893.2,66012.7,10953.391,23.23006430188243,24.053859673731864,22.621892887757998,21.47701147283904,66272.22498233922,65803.2431543579,65746.33325061602,66310.95,66875.56674938397,1.7029366926095157,0.23588279100344994,3
2026-06-16 14:00:00,66012.8,66239.3,65328.8,65630.2,15588.828,22.81876498035316,23.818026057267915,19.285647605424202,27.451503699326135,66211.07974592596,65796.45714830465,65649.99650943425,66256.155,66862.31349056575,1.8297424309205719,-0.01632948291772167,3
2026-06-16 15:00:00,65630.2,65981.5,65580.0,65841.8,7659.939,22.436844181790267,22.83345424183635,18.023368818675408,25.654755594571306,66175.91024631397,65798.23529935152,65606.19487946674,66219.285,66832.37512053327,1.851696588186547,0.192145585650878,3
2026-06-16 16:00:00,65841.8,65932.3,65675.2,65730.8,3289.048,22.08220344026758,22.45048421031037,17.244999938121698,24.546812701435023,66133.51879428407,65795.59077780832,65545.20762167199,66181.345,66817.48237832802,1.9224069209473278,0.1458744483902329,3
2026-06-16 17:00:00,65730.9,65991.7,65677.1,65946.2,3368.206,21.54256090935141,21.989702545570836,17.333098245632858,23.225067321584973,66115.67890911417,65801.49702181584,65521.80336513982,66161.8,66801.79663486019,1.9346409404223728,0.33156161434574577,3
2026-06-16 18:00:00,65946.2,66246.1,65767.0,65822.4,5488.113,20.193683791780277,21.13794361602393,20.23530680202388,21.34050892148927,66087.74758443663,65802.31674645051,65486.726522842495,66144.42,66802.1134771575,1.9886589893977553,0.2551899089894066,3
2026-06-16 19:00:00,65822.5,65822.5,65529.0,65653.2,4965.888,19.598491104707865,20.570526007029635,19.20709873771516,24.376549192279015,66046.36210020457,65796.46903090343,65423.631681865685,66112.785,66801.93831813433,2.0847807822173032,0.1665582331924339,3
2026-06-16 20:00:00,65653.2,65832.7,65561.3,65824.0,2517.971,19.011099822940455,19.602391807360366,18.463026876609693,23.202484250482772,66025.18475732794,65797.54867675036,65394.15325545226,66093.14,66792.12674454774,2.115156715349711,0.30747846643777355,3
2026-06-16 21:00:00,65824.0,65908.4,65609.8,65741.2,2613.731,18.198702941649444,18.898597023178652,18.83491636844886,21.949872341372274,65998.13858996338,65795.33892472094,65356.63533207712,66064.705,66772.77466792287,2.1435641555437956,0.2715584958264035,3
2026-06-16 22:00:00,65741.3,65855.0,65644.6,65745.2,2574.361,17.444334409022076,18.227717115981264,18.093691721502907,21.086062486394813,65974.04920044306,65793.37269237895,65361.302542828365,66066.26,66771.21745717162,2.1340922194524885,0.27228413095442283,3
2026-06-16 23:00:00,65745.2,65805.0,65580.1,65644.8,1766.401,16.955598988173822,17.57715096491163,17.30954002504937,21.415146171222208,65942.69213373419,65787.54631228566,65313.40022390193,66042.23,66771.05977609806,2.2071628292929057,0.22735060158510947,3
2026-06-17 00:00:00,65644.8,65821.0,65644.8,65679.4,2124.11,16.43461065749989,16.939472533260982,17.019257023423204,20.65970919906993,65917.61669242618,65783.30528043132,65295.72704018013,66035.645,66775.56295981987,2.2409653447615194,0.25926723005430774,3
2026-06-17 01:00:00,65679.4,65925.1,65427.9,65901.1,4784.4,16.663278959456733,16.809438973815276,15.371465148948316,22.88312350996573,65916.04367409987,65787.92468119873,65286.9336526451,66029.3,66771.66634735491,2.2485967513055747,0.4136544911708453,3
2026-06-17 02:00:00,65901.1,66092.5,65743.0,65872.7,3487.582,16.157338488037,16.295974572768444,17.592567622198263,21.320481445414206,65911.91570513797,65791.24920350466,65279.19630555358,66002.61499999999,66726.0336944464,2.1920910086559835,0.41020760107712373,3
2026-06-17 03:00:00,65872.6,65872.7,65671.8,65818.6,1896.242,15.926976044093733,16.295127501775234,16.87904220948017,21.89316673453446,65903.02849512483,65792.32178375938,65266.96936165753,65976.46,66685.95063834249,2.1507387281538857,0.3887511748084521,3
2026-06-17 04:00:00,65818.6,66019.0,65744.2,65852.5,1896.801,15.101483221394124,15.629410854715562,18.92888390570261,20.65890037378235,65898.2162574939,65794.68171380804,65351.39517972115,65925.89,66500.38482027885,1.7428504045340942,0.43612649112799917,3
2026-06-17 05:00:00,65852.5,65948.5,65702.9,65796.1,2152.245,14.488849821537443,15.207912932815589,17.954628021366418,20.46110707532962,65888.49089963734,65794.73733287439,65377.5536883361,65891.77500000001,66405.99631166391,1.5608057657087149,0.4069709891151574,3
2026-06-17 06:00:00,65796.1,65869.8,65535.0,65589.4,3412.922,14.519436157065636,14.81045968922988,16.693289321990388,22.54674876650207,65860.00605205284,65786.68488844794,65396.31392636122,65847.44,66298.56607363878,1.3702159830018639,0.21400455983550803,3
2026-06-17 07:00:00,65589.4,65680.3,65200.0,65504.0,9271.031,15.530658362213146,15.009754091875294,15.058883492690041,27.16813403222023,65826.10071376209,65775.59920654802,65424.55469155079,65799.84000000001,66175.12530844923,1.1406876018215955,0.1058465474940934,3
2026-06-17 08:00:00,65503.9,65549.8,64800.0,64889.8,13620.919,17.346681322988232,15.933058740026933,12.930495995632317,30.86827299350365,65736.92921721333,65740.86198276182,65257.86105216247,65724.805,66191.74894783752,1.420906301167495,-0.39411695329493623,3
2026-06-17 09:00:00,64889.9,65045.0,64800.4,64880.1,6116.04,19.032988357993673,17.28182336010341,12.318818258769715,29.408047850407737,65655.32643462159,65707.10661088882,65087.39912013527,65668.175,66248.95087986473,1.7688199188259155,-0.17846739794320762,3
2026-06-17 10:00:00,64880.0,64964.2,64733.5,64770.4,3937.974,20.735126136903133,19.040903729945683,11.75404929485219,29.389280856948968,65571.04772656239,65670.37301830495,64918.85676178043,65625.185,66331.51323821957,2.1526133243497054,-0.10509049033253991,3
2026-06-17 11:00:00,64770.4,64834.9,64525.0,64774.5,8169.245,22.714999685917363,20.873994021955518,11.022978554995913,31.74596879749234,65495.18603831835,65635.2407430773,64778.48467539615,65571.81999999999,66365.15532460384,2.4197447153482883,-0.002511343736103169,3
2026-06-17 12:00:00,64774.6,65080.3,64550.7,65005.3,7979.636,23.383496084211593,22.059311110557363,14.650090168310278,28.485319616738316,65448.53022514518,65610.53718452525,64707.24144395999,65535.54499999999,66363.84855604,2.5277993981434226,0.17992108923507888,3
2026-06-17 13:00:00,65005.2,65333.0,64804.1,65232.9,9997.319,22.975795070469207,22.845397378193283,17.945581449927527,25.651697853000574,65427.99401322659,65595.72788317132,64684.70435447701,65499.87999999999,66315.05564552297,2.4890905006939774,0.33624388101738045,3
2026-06-17 14:00:00,65232.6,65434.1,64722.6,65072.4,10063.625,22.22012298567715,22.801809534944372,17.47496897002916,22.42057448726736,65394.12791672882,65575.20522108617,64640.69702463712,65462.38,66284.06297536287,2.510397499641404,0.2626943652886502,3
2026-06-17 15:00:00,65072.4,65834.1,64943.5,65712.7,9718.331,21.035881341374843,22.005838205922025,21.457699475935847,19.166210358385026,65424.468115135605,65580.59717320044,64640.33893642361,65465.355,66290.37106357639,2.5204661719970383,0.6499031418417325,3
2026-06-17 16:00:00,65712.7,66419.2,65676.8,65829.7,14049.492,21.296250581752115,21.758186783714635,28.06965017528423,16.956679032231193,65463.061627979834,65590.3659115063,64640.09851033454,65465.64000000001,66291.18148966547,2.5220603958518257,0.7204977003321312,3
2026-06-17 17:00:00,65829.6,66160.0,65755.0,66073.1,5298.208,21.538022019245297,21.286951680310068,26.289149309458303,15.881090932276747,65521.16052055318,65609.29666007469,64620.80650151556,65482.23500000001,66343.66349848446,2.6310296173746934,0.84295649670259,3
2026-06-17 18:00:00,66073.1,66085.3,64746.6,65481.3,32342.617,20.796270326041263,21.04626045389669,21.446577142539144,26.831242998155155,65517.3642805005,65604.27718320901,64616.53302851987,65469.04000000001,66321.54697148014,2.6043057038262227,0.5071905570336327,3
2026-06-17 19:00:00,65481.2,65632.0,64015.0,64271.3,27562.287,21.271252371540847,21.40463719539307,17.301021457170624,30.39042485604039,65398.69149188141,65552.0035681812,64399.15383183198,65400.365000000005,66401.57616816803,3.0617907657488614,-0.06384958333311376,3
2026-06-17 20:00:00,64271.4,64460.8,64137.1,64405.9,7023.72,21.712307128076173,21.254288727058718,16.608898953687557,29.17466444643989,65304.13992122604,65507.05833021331,64251.71868745119,65336.69,66421.66131254881,3.3211701191131926,0.07105317475473598,3
2026-06-17 21:00:00,64405.9,64427.0,64104.0,64229.4,4138.35,22.17124876175689,21.72125056664887,15.924330451650599,28.394551400829467,65201.783738252125,65456.954081969656,64096.03733519009,65253.10500000001,66410.17266480993,3.546398795306117,0.057629587648971935,3
2026-06-17 22:00:00,64229.4,64415.7,63881.2,64265.3,7515.198,22.929109771080245,22.32070844957821,14.834687199460912,29.303886851412848,65112.59481079954,65410.2225493434,63974.31494136083,65172.73500000001,66371.15505863918,3.6776730595675455,0.12140361659566502,3
2026-06-17 23:00:00,64265.3,64495.3,64216.6,64472.9,2928.005,23.40274774839898,22.786998255077933,15.342591709378404,28.219590966409115,65051.671495485294,65373.46480231033,63908.60480225311,65105.450000000004,66302.2951977469,3.676635973630157,0.23574276723890283,3
2026-06-18 00:00:00,64472.9,64676.5,64422.4,64432.8,3367.814,23.323070578327545,23.126090174703897,17.304667099691564,27.23029265137532,64992.73135305812,65336.575986533455,63855.91286011714,65034.465000000004,66213.01713988287,3.6243925121329563,0.2447440042577157,3
2026-06-18 01:00:00,64432.8,64780.0,64429.1,64520.9,3711.292,22.95753936568369,23.180143557041333,17.908760759561776,25.880956180771122,64947.79503371926,65304.58869294391,63828.220741948186,64970.704999999994,66113.1892580518,3.5169212279651543,0.3031460841451719,3
2026-06-18 02:00:00,64520.9,64750.0,64453.2,64652.3,2543.649,22.618117525371538,22.97059405184954,17.135322852841046,24.763217614650685,64919.65264955552,65279.00874420101,63811.742067903004,64923.85,66035.957932097,3.425884115304298,0.3779120298656804,3
2026-06-18 03:00:00,64652.3,64652.3,64228.9,64255.0,5092.146,22.755130319756027,22.85633484271986,16.06915726688454,26.518620837947708,64856.3523972169,65238.85153854607,63746.1931039246,64861.4,65976.6068960754,3.4387382821690684,0.22812219771325729,3
2026-06-18 04:00:00,64255.0,64323.4,63785.0,63850.1,9767.176,23.645607105352415,23.13186231536198,14.80746895385651,30.90997972334528,64760.5188355772,65184.39069389721,63606.3152469054,64809.41499999999,66012.51475309458,3.712731408220838,0.1013152701875064,3
2026-06-18 05:00:00,63850.1,64000.0,63660.1,63961.8,5961.032,24.662837951964697,23.708984135860362,14.057082526203635,31.205732279442227,64684.450375046035,65136.445960803205,63503.03443020718,64763.50000000001,66023.96556979282,3.8925183777677885,0.18198258674698517,3
2026-06-18 06:00:00,63961.9,64097.7,63811.3,64054.9,4272.735,25.277504334153072,24.461555719752745,14.938802693397536,29.833840555107173,64624.49319647023,65094.032393712885,63428.07782216916,64727.725000000006,66027.37217783085,4.015735692335387,0.24115090176898218,3
2026-06-18 07:00:00,64054.9,64491.1,63985.3,64470.3,6502.533,24.640962342519135,24.651900147241918,19.787562528909444,27.531811796229075,64609.808130139725,65069.57229984179,63408.06140715114,64712.51500000001,66016.96859284888,4.031534218223072,0.407158444988826,3
2026-06-18 08:00:00,64470.4,64631.5,64349.2,64370.0,5742.264,23.663553437596654,24.470528885874863,21.114893775893705,26.31151848767654,64586.96926060261,65042.13809200486,63375.37574432847,64680.750000000015,65986.12425567156,4.036360913166727,0.38097283263788956,3
2026-06-18 09:00:00,64370.0,64450.0,64162.5,64172.6,3905.742,23.152887433829964,23.89692488817455,20.136045724295116,28.10222428490378,64547.505521497595,65008.03855898506,63330.68212638652,64627.73500000001,65924.7878736135,4.013920257652511,0.3245503289576618,3
2026-06-18 10:00:00,64172.7,64198.0,63880.2,64050.0,6808.319,23.22880025878251,23.44617684818958,19.08293903862432,31.27823266789533,64500.124043259726,64970.46841941702,63272.7801763067,64576.615000000005,65880.44982369331,4.038102101490791,0.2980514899470591,3
2026-06-18 11:00:00,64050.1,64175.9,63855.0,63940.1,4133.313,23.34687361270735,23.249880523268658,18.0560546548207,30.017677666104497,64446.78842009213,64930.06181473401,63271.2346596946,64487.985,65704.7353403054,3.7735722097857445,0.27485726453033704,3
2026-06-18 12:00:00,63940.1,64377.8,63892.8,64345.9,5211.011,22.827670861921096,23.028235560351803,19.954424820869605,27.60028828683976,64437.179999130974,64907.153508273856,63373.33027695721,64413.795,65454.259723042785,3.2305648907746773,0.4673727525324255,3
2026-06-18 13:00:00,64345.8,64423.4,63753.0,63952.3,12076.44,22.644934367244602,22.995903989975975,17.818361002144048,26.878034230458663,64391.00095159469,64869.708272655276,63600.35242578797,64307.755000000005,65015.15757421204,2.20005370802335,0.24876045623954837,3
2026-06-18 14:00:00,63952.4,64181.7,63565.0,63784.1,13161.056,22.859382311711737,22.843526586816417,16.10994477524285,27.223852973801723,64333.20086096662,64827.13539921782,63735.15699666564,64222.895000000004,64710.63300333437,1.5188913652502434,0.05017345685569549,3
2026-06-18 15:00:00,63784.2,63796.6,62232.1,62337.8,40637.073,24.863873414570186,23.754403890907394,12.765951308339398,39.25743331991088,64143.16268373171,64729.51440317006,63153.50933148984,64126.22,65098.93066851016,3.0337377394462384,-0.4192970005866224,3
2026-06-18 16:00:00,62337.8,62789.0,62308.6,62664.2,14208.574,26.725186581510172,24.792284446610957,11.945968320897437,36.73584862359956,64002.30909480488,64648.52168147712,62878.20122469947,64039.135,65200.06877530053,3.6257009883113853,-0.09216771415065225,3
2026-06-18 17:00:00,62664.2,62730.0,62241.0,62579.1,11740.083,28.522267030341073,26.69307022245563,11.160166761632635,35.22872395649535,63866.76537149013,64567.36789004665,62629.87318545823,63956.62,65283.366814541776,4.148895968992024,-0.0191344666901524,1
2026-06-18 18:00:00,62579.2,62932.7,62552.8,62683.5,9150.288,29.545128169044528,28.135157375277352,13.36127283939387,33.39105697587423,63754.07343134822,64493.49071788796,62443.97219531598,63877.530000000006,65311.08780468403,4.488457223327275,0.08354312742094586,1
2026-06-18 19:00:00,62683.5,62985.0,62608.0,62925.4,4674.584,30.328897505850072,29.425582268095575,13.388277113383078,31.627876863243326,63675.152152172195,64431.99696424529,62335.19470310599,63800.155,65265.11529689401,4.5923408709399185,0.20144071417681342,1
2026-06-18 20:00:00,62925.3,63266.8,62925.3,63063.1,6155.035,30.19071810752557,29.86792313828505,16.77479532716549,30.07850114929371,63616.86147101294,64378.31473035332,62263.178280975255,63731.67,65200.16171902474,4.608357882430331,0.2723616717280465,1
2026-06-18 21:00:00,63063.1,63098.7,62831.8,62936.0,3244.761,30.215371093723707,30.27213429978689,16.110533675331972,30.27464767278751,63552.01752139266,64321.753368378675,62192.22789596446,63652.424999999996,65112.62210403553,4.588032911662156,0.25468209119850405,1
2026-06-18 22:00:00,62936.0,62962.1,62710.5,62853.0,3104.191,30.437264017858467,30.31399106269202,15.487915674093975,30.967844695892378,63485.44442411717,64264.155197069704,62140.43103382743,63562.46,64984.48896617257,4.474430241285718,0.25054657222998394,1
2026-06-18 23:00:00,62852.9,62959.9,62717.0,62924.1,2527.605,30.643307447412173,30.42933927056794,14.889645085451086,29.771612028755467,63431.98305039173,64211.6040128709,62085.82971661344,63495.915,64906.00028338656,4.441499215773353,0.29724098721649933,1
2026-06-19 00:00:00,62924.0,63066.7,62812.7,62991.7,2446.187,30.45996794488642,30.44861598137244,16.02176966174506,28.530516538597087,63390.0513313068,64163.764639817135,62036.06275933573,63452.99500000001,64869.92724066429,4.466084668388882,0.3372205152930426,1
2026-06-19 01:00:00,62991.7,63073.0,62814.3,62994.5,2562.735,30.2669164009953,30.455111924203734,15.427695008918162,27.283010841189753,63352.379775944246,64117.91112453019,61994.80639759541,63404.630000000005,64814.4536024046,4.447068305278647,0.3545456327655155,1
2026-06-19 02:00:00,62994.5,63088.0,62858.2,62974.2,2107.975,30.0296892648638,30.24482860487511,15.070357458406276,26.187624582317902,63316.36265442575,64073.05970788195,61963.04618894685,63350.595,64738.14381105315,4.380539160060459,0.36436693361643985,1
2026-06-19 03:00:00,62974.2,63004.8,62237.2,62745.1,11677.236,30.96104614048516,30.61398127074023,13.168488665275737,33.09247961335386,63261.95668733758,64020.98285659246,61957.73598000379,63264.335,64570.93401999621,4.1306022421517925,0.3013028511220273,1
2026-06-19 04:00:00,62745.1,62888.8,62375.7,62421.7,5551.656,31.825877524990705,30.927783394927253,12.071806001462356,30.336510449613616,63181.93224092448,63958.26588182413,61918.177495506454,63166.92,64415.66250449354,3.9537862681718354,0.2016118225661575,1
2026-06-19 05:00:00,62421.8,62715.0,62417.4,62707.0,3774.762,32.628935239174425,31.794990689829792,11.474895291934843,28.836470772462235,63136.70059893167,63909.19663155652,61923.8730661275,63093.64,64263.4069338725,3.7080343878479756,0.33473630994166026,1
2026-06-19 06:00:00,62707.1,62888.7,62691.0,62865.1,2658.473,32.643120082050714,32.23449880352071,14.08470490796439,27.851235361841887,63110.833875223885,63868.251665613134,61951.79662381987,63034.39499999999,64116.99337618011,3.4349449254811386,0.42181080088197714,1
2026-06-19 07:00:00,62865.0,62896.8,62465.6,62592.4,5319.797,33.09260762822448,32.860771433699455,13.038353811524784,29.66550516760801,63061.45922044066,63818.21826696164,61956.399483320274,62967.01,63977.62051667973,3.2099682569641717,0.31466153685459913,1
2026-06-19 08:00:00,62592.4,62758.1,62504.7,62575.7,3585.07,33.50998892110012,33.076554501575416,12.452874138321421,28.333392960651985,63015.19643754155,63769.49206041412,62090.906709283525,62878.50000000001,63666.09329071649,2.505127478284254,0.3077688042996471,1
2026-06-19 09:00:00,62575.7,62623.2,62272.4,62353.0,6117.203,34.32516799842828,33.70888781332638,11.671509512827935,30.710619908326734,62952.13011015664,63713.94335216259,62159.18402225808,62798.53500000001,63437.88597774194,2.036197111101178,0.15157244181157153,1
2026-06-19 10:00:00,62352.9,62570.1,62347.8,62506.2,3659.625,35.08211999880443,34.29605445995227,11.192254900865072,29.44958283243457,62909.66057585601,63666.58086776406,62281.783357640554,62734.640000000014,63187.496642359474,1.4437211797484137,0.247778901055966,1
2026-06-19 11:00:00,62506.3,62664.3,62419.5,62600.0,3035.836,35.3287633970215,34.82696569772489,12.459381665962045,28.082089174738513,62880.16909244115,63624.75416706743,62329.398747427396,62747.75000000001,63166.10125257262,1.333438258973783,0.32341393853677647,1
2026-06-19 12:00:00,62600.0,62844.8,62315.2,62799.4,6739.352,34.73284508575656,34.90748254228049,14.570292808508363,25.340612655600662,62872.47679792295,63592.38733698636,62337.47596680264,62754.51,63171.544033197366,1.3290966121713448,0.5538205475172274,1
2026-06-19 13:00:00,62799.4,63410.3,62629.5,63174.2,13878.128,32.31557530018762,33.82216934860456,22.334439585680887,21.939924853094542,62901.21234097791,63575.98783357513,62336.164587025414,62784.265,63232.365412974585,1.4274290316995355,0.935097791376186,1
2026-06-19 14:00:00,63174.1,63398.3,62972.8,63174.8,7794.914,30.07096764215931,32.401906363957934,20.703848104575545,20.338136080902405,62927.26830850382,63560.2549773565,62331.10146620417,62808.83,63286.55853379583,1.5212145610603829,0.8830313390453745,1
2026-06-19 15:00:00,63174.8,63266.3,62992.0,63193.0,4428.801,27.986689102561595,30.151132201374608,19.705091877425804,19.35702184760531,62952.57608864632,63545.85282138173,62316.561035429586,62822.21,63327.85896457041,1.6097777030461464,0.8666476409330877,1
2026-06-19 16:00:00,63193.1,63376.6,62897.8,62943.7,6372.556,26.410660862091476,28.240814252125393,19.98209509627669,17.747629953076395,62951.730746870475,63522.23898524912,62319.83117697037,62816.24,63312.64882302962,1.580511100408511,0.6283820855782738,1
2026-06-19 17:00:00,62943.7,63213.0,62836.6,63166.7,4859.398,24.724463541152357,26.355576321856976,18.668072298675565,17.64975726782467,62972.20400907329,63508.296279945236,62309.412843016886,62827.774999999994,63346.1371569831,1.6501050912056283,0.8269191196098901,1
2026-06-19 18:00:00,63166.6,63175.3,62958.0,63079.3,2166.381,23.158708885994603,24.784684874043037,17.93481957387701,16.95650236707181,62982.40362725679,63491.472896417974,62308.67015873962,62839.090000000004,63369.50984126039,1.6881843491380517,0.7264338372309098,3
2026-06-19 19:00:00,63079.2,63117.0,62907.4,63001.9,1719.554,21.505842961165712,23.115153251159036,17.23174762308962,17.238154177801462,62984.260424660904,63472.273959303544,62308.80725206702,62842.979999999996,63377.152747932974,1.7000236078332962,0.6487533767072154,3
2026-06-19 20:00:00,63001.8,63245.9,62926.2,63217.4,1587.361,20.468791561171447,21.813750223583025,18.6284695695618,16.195290494837877,63006.464193740816,63462.27890207596,62297.79243189326,62854.26500000001,63410.73756810676,1.7706756036579228,0.8262829300242642,3
2026-06-19 21:00:00,63217.3,63253.6,63024.1,63048.0,1954.973,19.535618014388916,20.520730487777314,17.946060467843992,15.471689331767031,63010.41998481312,63446.032670622,62297.12472068901,62856.94000000001,63416.75527931101,1.7812361827063117,0.6706455745859068,3
2026-06-19 22:00:00,63048.0,63345.1,63015.1,63287.8,3005.024,19.028168106772437,19.748479833971942,18.57900453751408,14.470513429375167,63036.83712911663,63439.82746785251,62282.2426662437,62872.62,63462.997333756306,1.8780109171728596,0.8516225778506757,3
2026-06-19 23:00:00,63287.8,63645.0,63250.0,63512.6,5223.884,19.56281986413991,19.549218939264414,22.99411765400586,13.356398819751858,63082.14787872457,63442.681292642614,62258.96160248394,62910.995,63563.028397516064,2.072875806577407,0.9613298968211034,3
2026-06-20 00:00:00,63512.5,63757.2,63435.0,63496.8,5620.834,20.37868014338977,19.703424125081103,23.743466599062426,12.510289621343018,63121.63855694128,63444.80359489192,62305.33769865849,62964.75000000001,63624.16230134152,2.094544332635373,0.9034274147734181,3
2026-06-20 01:00:00,63496.8,63594.2,63368.5,63550.9,2644.972,20.78647276917723,20.17464631665857,22.660542431898435,13.283532383659857,63162.52059913735,63448.96423822949,62310.04280652824,63006.945,63703.84719347176,2.212144053236545,0.8902663853662012,3
2026-06-20 02:00:00,63551.0,63551.0,63301.8,63305.7,2722.798,20.815548960515322,20.597114551952544,21.49483593881249,13.977081189329569,63176.15673255284,63443.346032808724,62323.15359758447,63028.975000000006,63734.796402415544,2.2396727930782263,0.6960304682267731,3
2026-06-20 03:00:00,63305.8,63487.2,63283.5,63440.5,1781.829,20.744391369491414,20.765432069334324,20.563628702720063,13.760760401263525,63201.33228183352,63443.23442367897,62374.14263771154,63071.380000000005,63768.61736228847,2.210946905834191,0.7647018217644527,3
2026-06-20 04:00:00,63440.5,63590.0,63367.6,63553.9,2036.026,21.045957821181776,20.93075339084855,21.807312527026536,13.093790796751247,63234.910159754145,63447.57425020137,62432.28023293164,63120.29000000001,63808.299767068376,2.1799955832533975,0.8151190729803296,3
2026-06-20 05:00:00,63553.9,63894.0,63509.1,63645.5,6526.429,22.235675051457974,21.490033210474692,26.54429122248857,12.008948972382875,63274.01395406327,63455.33604431112,62560.494152458385,63184.915,63809.33584754162,1.9764871015229386,0.8688097553223527,3
2026-06-20 06:00:00,63645.4,63730.0,63608.6,63710.0,1912.419,23.340412479571587,22.19318515037668,25.817726223330023,11.680242437072476,63315.53643462867,63465.32286610285,62665.69784209286,63245.105,63824.51215790715,1.832259296295408,0.9011816161188152,3
2026-06-20 07:00:00,63710.1,63774.2,63558.4,63625.0,3533.917,24.056580254594195,23.146127653026085,24.532266566034902,12.256909869543884,63345.00915514023,63471.58471449097,62779.22453503792,63296.355,63813.48546496208,1.633997613170868,0.8177583049802488,3
2026-06-20 08:00:00,63625.0,63630.0,63360.0,63390.8,4745.106,23.595944313429,23.468178396500292,22.98994344120325,16.106047589893798,63349.370187984016,63468.41668647172,62863.7262508816,63325.925,63788.12374911841,1.4597457490542918,0.5701808476588721,3
2026-06-20 09:00:00,63390.8,63760.8,63390.3,63700.8,3687.354,23.62372918949264,23.840154722043415,24.036716013335354,14.736892220312912,63382.8396938903,63477.52975759048,62867.02539411899,63352.255000000005,63837.48460588102,1.531846359315914,0.8591547133311821,3
2026-06-20 10:00:00,63700.8,63747.7,63559.8,63649.7,2170.014,23.649529431551734,23.622736872490368,22.97023660188916,14.083034508096903,63408.254961138846,63484.28153180262,62880.95430088435,63376.0,63871.04569911565,1.562249744747707,0.7764391252049387,3
2026-06-20 11:00:00,63649.6,63770.0,63586.8,63651.3,1580.907,23.75533120085056,23.6895301951716,22.48959791159152,13.456158277704494,63431.40210769705,63490.831275653494,62897.15330241812,63398.91500000001,63900.6766975819,1.58287156044197,0.7514988700973979,3
2026-06-20 12:00:00,63651.4,63756.0,63497.3,63627.8,3118.595,23.306880720141297,23.478205075846518,21.06373865382723,14.796445494846266,63450.106668868764,63496.20259817689,62970.25687097278,63433.12,63895.98312902723,1.4593736805858648,0.710299749311583,3
2026-06-20 13:00:00,63627.7,63627.8,63242.0,63368.0,6104.423,21.721039378514025,22.738185289682292,19.117172751888315,19.544422793271956,63442.28698611936,63491.17504530721,62996.233754451816,63443.185000000005,63890.136245548194,1.40898110820946,0.4158912736580586,3
2026-06-20 14:00:00,63368.0,64150.0,63136.2,63929.5,15156.582,21.956681496212415,22.631781108176856,25.83225457710626,15.49273115245838,63488.68822553656,63508.36425921673,63023.01773166505,63485.69500000001,63948.37226833496,1.4575795959545073,0.9796053646606863,3
2026-06-20 15:00:00,63929.4,64370.9,63810.0,64139.5,11736.081,22.739539161583757,22.230289270048893,27.322022791018316,13.789478007476848,63550.67029929499,63533.11468042392,63051.49018633457,63542.575000000004,64033.659813665436,1.5456874817094877,1.1077616161092203,3
2026-06-20 16:00:00,64139.4,64150.0,63875.0,63999.9,4431.632,23.466478422285714,22.711579959249065,25.823059986807586,13.032948566710678,63593.45408031451,63551.41998707397,63075.252629635,63581.700000000004,64088.14737036501,1.5930601741224515,0.9128760701221447,3
2026-06-20 17:00:00,63999.9,64015.0,63661.9,63810.7,5116.225,23.140730906263386,22.94013503392357,24.002191380297667,16.36951184102742,63614.1441679036,63561.58783071813,63171.01380585023,63619.83500000001,64068.656194149786,1.4109473693220969,0.7126292190385017,3
2026-06-20 18:00:00,63810.8,63899.0,63750.3,63776.4,1651.649,22.838251069956936,23.152364746121325,23.258404094539234,15.862248375433085,63629.59710429373,63570.01183735663,63218.96731712969,63644.26500000001,64069.562682870324,1.3364839168786617,0.6553441334411003,3
2026-06-20 19:00:00,63776.3,63940.3,63764.2,63905.5,1802.738,22.69143919132455,22.916085048793967,23.265786557765733,15.259185920316957,63655.87357055147,63583.168235891666,63228.053771166764,63663.91000000001,64099.76622883326,1.3692411566717997,0.7771441406799517,3
2026-06-20 20:00:00,63905.5,63945.0,63820.0,63899.4,958.033,22.57111827043511,22.704684670196023,22.714909604314155,14.828240271084075,63679.06656383228,63595.569481542974,63243.51733244046,63684.04000000001,64124.562667559556,1.3834633216094572,0.7444369108099097,3
2026-06-20 21:00:00,63899.4,64066.6,63886.6,63983.0,1679.864,22.87157036035041,22.781504775837483,24.59636696856525,14.206065874059274,63708.01260537207,63610.762835207956,63250.475546416106,63705.64500000001,64160.81445358392,1.4289768311235371,0.8046722465843829,3
2026-06-20 22:00:00,63983.0,64326.0,63943.6,64245.9,3225.948,23.90216085303643,23.23663956173577,28.383520275976203,12.961787690631407,63759.23997628901,63635.670175003725,63277.63211755721,63752.655000000006,64227.677882442804,1.4902058037984385,1.0191802523948854,3
2026-06-20 23:00:00,64245.9,64317.6,64219.7,64270.0,1732.321,24.859137739102017,23.865354049726214,27.714257904462595,12.656158343582788,63807.88378807101,63660.54585441535,63289.911250059464,63794.130000000005,64298.348749940546,1.5807684811770013,0.9718884413323696,3
2026-06-21 00:00:00,64270.1,64303.0,64217.6,64264.3,2410.512,25.734544819237687,24.81835283613706,27.113667650291696,12.435178077873914,63851.35199873092,63684.222487575535,63297.37789507029,63829.65000000001,64361.92210492973,1.6677895145272388,0.9082968053129387,3
2026-06-21 01:00:00,64264.3,64297.0,64199.0,64221.3,2876.502,26.423145677671904,25.64114170838696,26.406474036638752,12.60587308214487,63886.58514170893,63705.284350807866,63306.192765509804,63858.44000000001,64410.687234490215,1.729598262939731,0.8285303912250094,0
2026-06-21 02:00:00,64221.3,64251.2,64199.0,64219.5,1446.395,27.06256076050368,26.398552789870685,26.017213874193843,12.420048795384464,63918.29131868903,63725.44967038403,63313.782759474816,63883.91500000001,64454.0472405252,1.784900754830671,0.7943045280958493,0
2026-06-21 03:00:00,64219.5,64450.0,64207.0,64398.8,3632.131,28.283693022518495,27.3534193500952,29.85666610137403,11.565357904528069,63964.054050242456,63751.855565663085,63322.232759414896,63922.60500000001,64522.977240585125,1.8784348372070094,0.8965831261084781,0
2026-06-21 04:00:00,64398.8,64568.0,64223.3,64252.7,4422.656,29.736434644956155,28.399497702729917,30.27293256769035,10.465204640584368,63991.54414069555,63771.49652387238,63403.53782073901,63965.70000000001,64527.862179261014,1.7576988269056761,0.7552644153127351,0
2026-06-21 05:00:00,64252.6,64339.7,64199.0,64226.5,2673.68,30.9004964178501,29.5920947201843,29.057878737131347,10.738357934220307,64013.92088920074,63789.33979744602,63432.82178957149,63991.985,64551.14821042851,1.747603892670337,0.7097017432712367,0
2026-06-21 06:00:00,64226.6,64300.0,64168.7,64270.0,1874.008,31.7430061834063,30.739720414181228,27.931235325785888,11.216753595832083,64038.30937594353,63808.189217154024,63475.076394105265,64023.00000000001,64570.92360589475,1.7116461455875,0.7253963849546592,0
2026-06-21 07:00:00,64269.9,64270.0,64143.2,64170.1,3195.625,32.31848852937632,31.60949247361321,26.84859703840114,11.561479238223027,64050.86086394891,63822.38179687347,63526.583765835654,64048.94,64571.29623416435,1.6311159377949058,0.6159744941053731,0
2026-06-21 08:00:00,64170.0,64204.8,63871.3,63987.9,5172.436,30.96563254437314,31.354319363889722,24.192547843879588,18.48317433026727,64044.86459119187,63828.87270680001,63582.242258863655,64066.94499999999,64551.64774113633,1.5131133258698004,0.41846033321920384,0
2026-06-21 09:00:00,63987.9,64224.5,63928.4,64189.8,3868.644,29.799323434807896,31.058905982092107,22.676876355975136,16.885945456533552,64058.66796345932,63843.026718298046,63750.04322546674,64108.034999999996,64466.02677453325,1.1168390188008628,0.614199551241939,0
2026-06-21 10:00:00,64189.8,64384.0,64175.5,64338.9,4012.6,29.402028666080625,30.18383060522688,25.986939663394153,15.847455122366505,64085.35672884414,63862.47272934518,63766.69827360448,64128.50499999999,64490.3117263955,1.1283803556484253,0.7907560648416719,0
2026-06-21 11:00:00,64339.0,64453.3,64077.3,64149.9,4721.509,28.417333332652582,29.10832838373024,23.21426745557203,16.943164776178854,64091.50370704946,63873.74438701792,63767.12185578686,64129.024999999994,64490.928144213125,1.12867190546911,0.5288405894419552,0
2026-06-21 12:00:00,64149.8,64208.7,63916.0,64161.1,4648.175,26.600118374253164,28.001073520166894,21.308315010071247,20.07656687335521,64098.131925425696,63885.013234585844,63780.14413050247,64137.08500000001,64494.02586949754,1.1130561031812887,0.5336400256347753,0
2026-06-21 13:00:00,64161.1,64161.1,63981.2,64123.2,2524.614,24.912704484310844,26.665018908481713,20.210024955499968,19.041764557145807,64100.51936109944,63894.35389205306,63830.231102115504,64152.71000000001,64475.18889788451,1.0053477020207022,0.4542450681368639,0
2026-06-21 14:00:00,64123.2,64128.3,63969.7,64120.0,1789.791,23.27992388007943,24.940021127166297,19.26717478784173,18.491692229697065,64102.37466004235,63903.202759031374,63899.40399763477,64169.89000000001,64440.37600236524,0.8430309055079768,0.40777711311537596,3
2026-06-21 15:00:00,64120.0,64337.3,64081.5,64200.3,2931.074,22.807481469588,23.860092976949424,23.947361862961586,17.105588023213965,64111.70088289546,63914.85363122622,63944.36695905542,64184.630000000005,64424.89304094459,0.7486622293984857,0.5326100925435562,3
2026-06-21 16:00:00,64200.2,64231.6,64013.0,64122.3,2597.496,21.951936407505922,22.615930143792674,22.40196628545763,18.023904838777057,64112.7103226197,63922.98878294284,63993.553278271924,64195.775,64397.99672172808,0.6300156723026638,0.31833059432952887,3
2026-06-21 17:00:00,64122.2,64197.1,64046.4,64114.6,1339.794,21.157501707001135,21.982491588294568,21.37774981249032,17.19985305654335,64112.890291894015,63930.50294831763,64021.89070435729,64202.355,64382.819295642716,0.5621734456398442,0.25686326293112255,3
2026-06-21 18:00:00,64114.6,64221.0,63907.4,64180.0,2519.631,19.706471130481912,20.829203768993917,19.390957973505905,19.720698033801703,64119.281692666016,63940.28714642283,64019.539347026795,64199.060000000005,64378.580652973214,0.5592625592125788,0.44691418596040494,3
2026-06-21 19:00:00,64180.1,64284.9,64135.1,64173.6,1206.193,18.59562088211051,19.87656129455582,20.45252845325191,18.820887805045782,64124.454864793064,63949.43667009253,64017.5854229838,64194.240000000005,64370.89457701621,0.5503751645512267,0.4415809079259991,3
2026-06-21 20:00:00,64173.7,64243.4,63641.3,63824.8,4784.615,19.142989424564995,19.42473027752345,17.079335985381636,29.24302238009827,64095.91630624134,63944.54895753988,63933.78208192752,64172.26500000001,64410.74791807249,0.7432585341112226,-0.22849033131671742,3
2026-06-21 21:00:00,63824.8,63950.0,63475.3,63778.2,7220.217,20.15483913062713,19.37523000636882,14.981444187727675,29.94641241577614,64065.65761040883,63938.025469008906,63855.16383256251,64150.11000000001,64445.056167437506,0.9195499974590781,-0.13047098260536347,3
2026-06-21 22:00:00,63778.1,63840.0,63543.0,63775.3,5017.033,21.094413857684827,20.11870164112491,13.836315096994785,27.65741359892768,64038.00450465561,63931.64407806739,63791.035266875675,64127.90000000001,64464.76473312434,1.0506027271260518,-0.023355467830858314,3
2026-06-21 23:00:00,63775.3,63775.3,63220.0,63287.1,8096.745,22.812242601378493,21.483540866002812,11.990847021742834,31.726706493037018,63966.489789926505,63906.367839711806,63588.7354162794,64072.315,64555.894583720605,1.5094806039725657,-0.3118777409487134,3
2026-06-22 00:00:00,63287.2,64076.0,63286.2,63867.2,8324.368,22.841423936138057,21.967918896911442,16.41539792310631,26.344604584039164,63957.03361945731,63904.83184599762,63569.00288354385,64053.04000000001,64537.07711645617,1.5113634464692334,0.3080312504125461,3
2026-06-22 01:00:00,63867.3,64788.0,63818.0,64574.5,16112.153,21.998604473675133,22.405423537526815,26.85842746484778,21.51685252853747,64015.83994141376,63931.09334223301,63537.589941499464,64070.44,64603.29005850054,1.6633257349271788,0.9729848406308171,3
2026-06-22 02:00:00,64574.5,64643.7,64213.8,64226.5,4686.405,21.215986401388133,22.028705168763096,24.698202346675476,19.78625063991274,64035.90280413626,63942.677917047404,63538.49850814094,64068.265,64598.03149185906,1.6537563233811932,0.6493441001192066,3
2026-06-22 03:00:00,64226.5,64434.6,63857.1,63935.1,8838.637,20.015033080926074,21.0068187773006,22.12395420624139,24.161746960718233,64026.302537075666,63942.38074382986,63525.83502992998,64056.51499999999,64587.194970070006,1.6569117757031084,0.3856043125351283,3
2026-06-22 04:00:00,63935.1,64085.4,63833.4,64063.6,3987.486,18.967149935928198,20.091568168658164,21.090921993253342,23.472700111891964,64029.854676401796,63947.13444015026,63530.6016747323,64060.299999999996,64589.99832526769,1.6537491247081098,0.5031149805866718,3
2026-06-22 05:00:00,64063.5,64311.8,64050.6,64219.5,3574.11,17.9231882337325,18.96911065732929,24.33995252848969,22.309897487262944,64047.9161357921,63957.8154424973,63530.39421595275,64061.784999999996,64593.17578404724,1.6589946222923564,0.6483983207224586,3
2026-06-22 06:00:00,64219.5,64299.0,63912.8,63960.7,2873.557,16.75623984246239,17.86169488919529,22.560389681248317,23.287496235376185,64039.60983714523,63957.92856239937,63526.295057135045,64042.875,64559.454942864955,1.6132315823265437,0.4204624558744384,3
2026-06-22 07:00:00,63960.6,64384.3,63931.0,64187.9,4308.349,15.711261266797036,16.817224750264767,22.243751451419932,21.317406105962643,64053.73270979807,63966.94705014842,63526.26170473135,64044.775,64563.288295268656,1.6192212253650808,0.6380147831367019,3
2026-06-22 08:00:00,64188.0,64332.4,64014.9,64133.8,3083.064,14.740924017964925,15.748581930213657,20.909465473387556,20.038686726395394,64061.358166007776,63973.49030308378,63526.04362101195,64043.41,64560.776378988056,1.6156740529214544,0.5873558890479109,3
2026-06-22 09:00:00,64133.9,64232.5,64019.0,64114.8,1760.141,13.839896572620823,14.77557891970893,20.038991899515175,19.20446419341696,64066.44786448323,63979.0318598256,63525.88277951703,64042.990000000005,64560.09722048298,1.6148753219766163,0.5694343427780097,3
2026-06-22 10:00:00,64114.7,64250.0,64044.1,64109.8,1568.598,13.068085592323447,13.904504805144185,19.560727444011444,18.40853393812759,64070.57663929435,63984.16002218537,63525.67254282526,64042.479999999996,64559.28745717473,1.6139520430025032,0.5651306391436665,3
2026-06-22 11:00:00,64109.9,64750.0,64064.5,64624.3,9530.798,13.889455354306406,13.864675963463615,26.466454055732022,16.026980536211607,64123.31219745679,64009.263550727126,63488.16269274565,64063.68,64639.19730725435,1.7967038648243359,0.9870574637230144,3
2026-06-22 12:00:00,64624.2,65199.0,64545.7,65120.1,14700.714,15.604702088611274,14.33639384046736,31.42016849800989,14.148367483238658,64218.24436912758,64052.8257644241,63368.607622707816,64113.57,64858.532377292184,2.323883624924284,1.1755576057804222,3
2026-06-22 13:00:00,65120.0,65565.7,64915.6,65548.0,15228.832,17.794302052900207,15.841878703603307,34.20856446736958,12.569467252774333,64344.88776254399,64111.46004817218,63202.12368006216,64185.240000000005,65168.35631993785,3.063371952610421,1.193081770876388,3
2026-06-22 14:00:00,65547.9,65597.2,64802.3,64943.0,14941.027,19.37977561394376,17.492238851277516,29.82571781633556,12.785210491565117,64401.8508327779,64144.06945804778,63183.54958936926,64223.39000000001,65263.23041063076,3.238198452715591,0.8460194432929808,3
2026-06-22 15:00:00,64943.1,65117.2,64722.2,64808.0,6535.352,20.53604067375569,19.16517136332795,27.911984477170936,13.266007691615876,64440.53170584667,64170.105949889046,63183.4472468809,64255.11,65326.7727531191,3.3356498903171965,0.7579589513542396,3
2026-06-22 16:00:00,64808.0,64835.6,64481.0,64695.7,8721.001,20.709696587243815,20.044736100593788,26.281675620385883,16.464147014833024,64464.83344814699,64190.71748126595,63229.84163639894,64298.655000000006,65367.468363601074,3.3245279037363002,0.6857410346471805,3
2026-06-22 17:00:00,64695.8,64746.4,64355.0,64580.6,5298.329,20.434504327212533,20.48527250048411,24.5754097126733,17.485243345926328,64475.85883403775,64206.00699180454,63292.21202203653,64338.77500000001,65385.337977963485,3.253288481055091,0.6155329421601369,3
2026-06-22 18:00:00,64580.6,64708.0,64249.6,64312.9,5474.731,19.821341138228824,20.26551886273632,22.715371060254874,17.90211029105634,64460.33894508177,64210.19887447887,63352.96067094166,64365.655,65378.349329058336,3.1466915983635584,0.4739531473188696,3
2026-06-22 19:00:00,64312.9,64475.8,64240.0,64447.9,4662.824,19.218539884871237,19.826522106041885,21.801284831069925,17.345544351468593,64459.15428364541,64219.52048724441,63547.40232004144,64423.695,65299.98767995856,2.720404906792639,0.5138110248742157,3
2026-06-22 20:00:00,64450.6,64637.1,64326.0,64409.8,3634.307,19.104388042271214,19.46286459025002,23.426318189741153,16.40744429322463,64454.45387567917,64226.9824289211,63614.38420239606,64450.82499999999,65287.26579760392,2.5955937650260625,0.4754764472766589,3
2026-06-22 21:00:00,64409.8,64461.0,64112.1,64291.0,3088.035,18.230927241182535,18.724733563026888,21.989933439460508,19.160458486552713,64438.8868399002,64229.49292190459,63599.42555672172,64436.65,65273.874443278284,2.5985970508345257,0.4130161564384777,3
2026-06-22 22:00:00,64291.0,64370.8,63758.3,63948.4,7545.433,17.505925977038647,18.30515700965493,19.70566259210963,23.170441803993008,64392.17380752876,64218.46967006519,63561.919727735054,64422.744999999995,65283.57027226494,2.6724265545187227,0.22448241514103578,3
2026-06-22 23:00:00,63948.5,64030.7,63843.8,63990.2,3364.757,16.832710517476468,17.5318188793295,19.05519600264735,22.40560590029635,64353.89058776411,64209.51791829793,63570.91589801237,64425.5,65280.08410198763,2.6529374300164736,0.24531470981758152,3
2026-06-23 00:00:00,63990.1,64130.0,63803.2,64119.4,3891.308,15.871228634854129,16.68857730594639,19.71824608292377,21.094435064253357,64331.55815083419,64205.98388228625,63578.3288420011,64428.29000000001,65278.251157998915,2.6384718824569355,0.3182916965716191,3
2026-06-23 01:00:00,64119.4,64242.8,63852.5,64125.2,5358.072,14.870345303321416,15.851527910398943,20.361012465700043,19.617860392746213,64311.90499361189,64202.81588690248,63567.711383527385,64423.575000000004,65279.438616472624,2.6569888941202637,0.3256877648160004,3
2026-06-23 02:00:00,64125.1,64247.2,64005.5,64165.9,2594.761,13.955823147922379,14.913525891388254,19.534101639292526,18.74290251752653,64297.99975612504,64201.36820506317,63596.61845811758,64433.83500000001,65271.051541882436,2.598686053320991,0.33998464758139535,3
2026-06-23 03:00:00,64165.8,64172.2,63933.3,64037.3,3099.414,13.074735208627333,13.972540255974375,18.648762419118217,19.263160000052306,64273.17120792266,64194.934157805794,63577.15102233102,64426.305,65275.45897766898,2.636047427115314,0.27094554684425004,3
2026-06-23 04:00:00,64037.2,64068.0,63569.2,63594.9,5712.933,13.409230936296002,13.68252704210919,16.924054151164782,24.232501752750718,64208.57395002527,64171.40340651929,63479.840536480566,64399.36000000001,65318.87946351945,2.855678887241867,0.06256499622044318,3
2026-06-23 05:00:00,63594.8,63707.5,63322.0,63372.1,8699.821,14.348918903918152,13.711827056272742,15.714439223568256,27.08370824345792,64128.90976430858,64140.058174891084,63340.05910991966,64362.225000000006,65384.39089008035,3.17629134194893,0.01567303819824158,3
2026-06-23 06:00:00,63372.0,63374.4,62532.4,62905.5,25443.262,16.63355972469148,15.02139533049374,13.452780018040679,36.68232430382474,64012.394548660144,64091.64412881692,63092.510566523226,64302.01000000001,65511.50943347679,3.761933518024657,-0.07730907569987529,3
2026-06-23 07:00:00,62905.5,63070.1,62828.0,62849.2,5860.475,18.755011915409572,16.55196540966386,12.878832536794043,35.11731486992196,63901.61411545442,64042.920829647635,62852.29873947786,64213.255000000005,65574.21126052215,4.23886395580521,-0.0011384419792724054,3
2026-06-23 08:00:00,62849.3,62916.5,61870.0,62353.7,25191.723,21.77805740621606,19.205808565453772,10.744855180621629,44.46689254622253,63754.19372350638,63976.67687554381,62549.64726352057,64074.935000000005,65600.22273647944,4.760949773821645,-0.06423288499416088,3
2026-06-23 09:00:00,62353.6,62482.0,62309.0,62350.2,4877.636,24.585171076250656,21.670091495830114,10.436976532143511,43.192756548201515,63620.48003555339,63912.893468659735,62369.63537557505,63915.045,65460.45462442494,4.835824255227998,-0.00628809840054162,3
2026-06-23 10:00:00,62350.3,62563.9,62207.1,62290.4,5432.761,27.28291103002224,24.53048421811915,9.81249191778399,42.31718733031517,63493.805746453065,63849.26627381033,62155.31895162615,63782.41499999999,65409.51104837384,5.102020826191186,0.04150985693464628,3
2026-06-23 11:00:00,62290.4,62600.0,62289.2,62478.5,5964.423,29.644715050046763,27.114943063148708,9.908297996770667,40.068196529096895,63397.10996107659,63795.51073366091,62014.6318367223,63665.94,65317.248163277705,5.187414693877772,0.14045475387130732,1
2026-06-23 12:00:00,62478.4,62531.6,62157.0,62227.9,5881.479,31.969377314387344,29.626144172204793,9.268901023643751,39.75991556289113,63285.75663145025,63734.03580292911,61847.01778236004,63542.549999999996,65238.08221763995,5.336682955405337,0.11231936900913618,1
2026-06-23 13:00:00,62228.0,62513.4,61916.9,62446.6,15070.538,34.35291978661758,31.998817418332173,8.345383436951648,39.80889184329015,63205.83695226451,63683.54812438287,61746.795394917644,63435.85,65124.90460508235,5.325236770950036,0.2071586682208635,1
2026-06-23 14:00:00,62446.5,62837.1,62359.2,62462.8,14169.381,35.292203163566164,33.63079023897676,13.046638915167232,36.657575985363216,63135.07152823932,63635.67564891688,61653.887470774935,63343.345,65032.80252922507,5.334285801373661,0.2394000782002808,1
2026-06-23 15:00:00,62462.8,62480.3,62161.2,62455.8,7509.637,36.413180127208754,35.38304995691317,12.343984665600695,38.02511236378297,63070.37900174034,63589.406015626024,61594.04859102533,63243.74,64893.43140897467,5.216931854361148,0.2611856388069204,1
2026-06-23 16:00:00,62455.9,62812.2,62393.4,62522.9,8663.062,36.30057055452814,35.79638685904715,17.076728259068485,35.33533232274655,63018.238144431736,63547.58225030736,61565.99871090538,63149.395,64732.79128909461,5.014763131442869,0.30216733981414545,1
2026-06-23 17:00:00,62522.9,62668.7,62301.7,62330.0,3484.745,36.33956401237259,36.376372069790676,16.008091997734248,34.687710026345464,62952.691654485854,63499.833926765896,61523.71847981883,63051.344999999994,64578.971520181156,4.845658788662358,0.26390007947935823,1
2026-06-23 18:00:00,62330.0,62420.0,62075.6,62215.3,4189.498,36.717244699558385,36.508907627043264,15.055922280054633,36.52938747097546,62882.463877868155,63449.46004728488,61454.800842826415,62964.689999999995,64474.579157173575,4.795986948156436,0.25183939945538647,1
2026-06-23 19:00:00,62215.3,62467.2,62201.3,62365.7,2790.577,36.89866965854919,36.619116835460886,15.182929218951147,34.80794295215933,62833.24827045214,63406.95965327371,61432.21847478438,62883.465000000004,64334.71152521563,4.615669716087131,0.3216136986363921,1
2026-06-23 20:00:00,62365.7,62518.5,62344.2,62439.8,2217.701,36.876058249577525,36.79665147456795,15.641692609578504,33.68726675201473,62795.77700659955,63369.03182373357,61459.233353125244,62799.48500000001,64139.73664687477,4.26835234994288,0.3658143786509315,1
2026-06-23 21:00:00,62439.9,62629.9,62434.9,62563.1,2110.412,36.435637568874334,36.66715361371176,17.19087559941898,32.42932200182616,62773.61729168531,63337.42665417539,61532.957467306456,62721.38,63909.80253269354,3.789529288716355,0.4334075231469822,1
2026-06-23 22:00:00,62563.1,62749.9,62488.1,62560.1,2806.833,35.583155676110614,36.22960696284407,18.6582382004222,30.768141699680875,62753.2823115248,63306.94325597244,61665.698356335975,62641.09,63616.48164366402,3.1142230879571895,0.45848334331850427,1
2026-06-23 23:00:00,62560.1,62770.6,62463.7,62696.7,1898.787,34.84708471052211,35.64136113969822,17.52493222067348,29.382190855447817,62747.89351995101,63283.01214789509,61851.06523871507,62574.05999999999,63297.05476128491,2.310844977247508,0.584813892553003,1
2026-06-24 00:00:00,62696.7,62999.9,62696.7,62982.1,4509.603,33.319220248598825,34.45118796235472,21.051776382961894,27.598656497058922,62770.1988990033,63271.211671507044,61965.12251472357,62543.42,63121.71748527643,1.8492672299545851,0.8792857579091042,1
2026-06-24 01:00:00,62982.1,63090.9,62737.0,62904.6,3777.468,31.586336586587862,33.21671064855499,21.382255404613378,25.642122811175103,62782.99900386013,63256.834743212654,62056.34238442878,62520.045000000006,62983.74761557123,1.4833726225604054,0.9146569235179642,1
2026-06-24 02:00:00,62904.6,62994.6,62572.1,62598.0,4358.54,30.43406923532172,31.87664474196027,19.596173017803682,26.76039173995867,62765.38005111155,63230.99808661608,62075.68854732375,62504.67000000001,62933.65145267628,1.3726380850463293,0.6087809267950097,1
2026-06-24 03:00:00,62598.0,62804.0,62402.8,62704.6,5111.386,29.799811057372217,30.69307382198004,18.053976421205874,27.97534586164636,62759.59147481521,63210.35502439584,62088.501762991524,62497.44000000002,62906.37823700851,1.3086559609753392,0.753290083015249,1
2026-06-24 04:00:00,62704.6,62779.9,62500.0,62720.6,2797.018,29.210857034990536,29.822463135156127,17.04607177902109,26.413558014867128,62755.87800102329,63191.148945007764,62101.11881706904,62515.78500000001,62930.451182930985,1.3265967401064358,0.7469637125365508,1
2026-06-24 05:00:00,62720.7,63053.5,62678.0,62859.9,3935.298,27.629736335918675,28.714773696645445,21.21203539098877,24.442145010059484,62765.784858068684,63178.15879030158,62107.253206239075,62541.27000000001,62975.28679376095,1.3879372573052533,0.8670710495312037,1
2026-06-24 06:00:00,62859.8,62888.0,62700.0,62754.6,1940.615,26.16155282963766,27.686204932314098,20.391436141075342,23.4965871938562,62764.71963349071,63161.54864166231,62137.35741387011,62564.48,62991.6025861299,1.3653836366254313,0.7225590570176224,1
2026-06-24 07:00:00,62754.7,62822.0,62570.8,62630.3,3406.243,25.204729440918946,26.41723288841881,19.316169319504148,24.969716782384047,62751.91776363446,63140.715361597126,62145.98682501731,62572.07000000001,62998.153174982705,1.3618957307396016,0.5683317288958436,1
2026-06-24 08:00:00,62630.4,62786.2,62574.0,62773.0,2748.793,24.31625057996586,25.238901704801762,18.43196914864302,23.826724738767776,62753.92559566928,63126.29515133842,62196.85608847993,62599.325000000004,63001.79391152008,1.285857032867605,0.7157620067399082,1
2026-06-24 09:00:00,62773.0,62773.0,62608.6,62650.2,1488.171,23.491234494795133,24.347981967857038,17.75391429825601,22.95021359947113,62744.0469675103,63107.62475324672,62213.0465971868,62609.50500000001,63005.96340281322,1.266447970841515,0.5513231649414159,3
2026-06-24 10:00:00,62650.2,62657.8,62365.4,62416.8,4330.738,23.50937263537918,23.91281160767252,16.58528625869671,26.914347598977283,62712.88058965218,63080.53358645273,62206.65049762645,62607.20500000001,63007.75950237357,1.279579570349966,0.26232323083160297,3
2026-06-24 11:00:00,62416.9,63209.6,62272.1,62887.7,11430.749,22.212953024433762,22.852093759614448,24.41388760470724,21.930083369173058,62729.53005730435,63072.97148502321,62216.225117478665,62628.80000000001,63041.374882521355,1.3175244696412671,0.8137612236811247,3
2026-06-24 12:00:00,62887.8,62939.3,62543.4,62589.5,5404.984,21.009134814270162,22.25925372482467,22.51746305803589,20.226596030932413,62716.1938613706,63054.01181894387,62222.08672577138,62632.130000000005,63042.173274228626,1.309370363832816,0.4480176816944495,3
2026-06-24 13:00:00,62589.5,62604.0,61220.7,61308.2,35472.77,22.100961678105936,22.15695735126985,17.424463842285334,37.278886823352025,62582.09920790674,62985.548610357844,61869.045335913586,62581.040000000015,63293.034664086445,2.2754325082690507,-0.39385501338919315,3
2026-06-24 14:00:00,61308.2,61434.5,60866.0,61085.3,24983.872,23.581099277588052,22.295117045929107,15.83891921753644,39.56408622689554,62439.546902391805,62911.02905701048,61556.89768809294,62524.54000000001,63492.182311907076,3.0952400830364133,-0.2436838913975837,3
2026-06-24 15:00:00,61085.3,61128.9,60238.0,60254.9,24553.002,25.623063977526005,23.86201282781597,13.730366981416488,43.68115950004771,62231.4852926402,62806.86713320615,61015.93290403028,62419.00000000001,63822.06709596974,4.495641057914195,-0.2712033181507569,3
2026-06-24 16:00:00,60254.9,60649.1,59260.0,59808.2,37783.564,28.25423959251325,25.91766943505065,11.221871383420519,48.56357705436801,62000.69621715066,62689.27234366865,60462.42309260439,62287.42000000001,64112.41690739564,5.859921336910802,-0.17923950718853723,1
2026-06-24 17:00:00,59808.3,60025.2,59060.0,59363.7,33548.446,30.818780395034302,28.220922186280156,9.872239399276047,45.21501741892838,61749.55372027917,62558.857741956155,59889.93510548832,62127.450000000004,64364.964894511686,7.2029832047241005,-0.11759365418731033,1
2026-06-24 18:00:00,59363.6,59895.3,59269.4,59569.5,16224.69,33.200139711660995,30.727189652087123,9.107324358071143,41.711694058008234,61541.92955644305,62441.62802658533,59477.83646236336,61977.920000000006,64478.00353763665,8.067658732776591,0.018332094959372814,1
2026-06-24 19:00:00,59569.5,59973.3,59484.7,59923.8,7889.569,35.176285864198626,32.997533129616464,9.526636387502194,39.16085597039564,61387.82197963895,62342.889672601596,59203.177421041015,61839.27500000001,64475.372578959,8.52564192888417,0.13668359333715654,1
2026-06-24 20:00:00,59923.7,61188.0,59813.9,60926.5,26953.645,34.11963061198718,33.65988516182409,21.852186841908395,33.04115923655485,61343.88655300667,62287.3449795584,59127.86017778201,61736.495,64345.129822218,8.45086790955008,0.3447473381285113,1
2026-06-24 21:00:00,60926.5,61115.2,60633.1,61073.6,6808.637,33.1384507349337,34.15736829956616,20.633865649770584,31.199021202411114,61318.144976529846,62239.747137222774,59080.78034852013,61644.94500000001,64209.109651479885,8.319140041344436,0.3885904226800991,1
2026-06-24 22:00:00,61073.6,61256.0,60752.8,60850.2,5756.512,31.945970884179296,33.03280074808324,21.067147309602326,29.359105613642846,61273.578788288905,62185.255092625805,59011.08035744765,61557.55500000001,64104.02964255236,8.273475587366507,0.3611109279904272,1
2026-06-24 23:00:00,60850.3,61086.3,60799.9,61051.2,2882.991,30.838668165621634,31.988559450277666,20.33219646739043,28.334880592559905,61252.399856070915,62140.78234389538,58978.338803624705,61474.884999999995,63971.431196375284,8.122166300515373,0.4151457720639935,1
2026-06-25 00:00:00,61051.2,61138.9,60666.0,60786.9,5410.751,30.0183622212171,30.982166552698196,19.144571822524735,28.333699151590572,61208.06653644511,62087.688918644584,58935.59196586405,61378.2,63820.808034135945,7.959203867614066,0.3789613413743718,1
2026-06-25 01:00:00,60786.9,60960.5,60686.8,60892.9,3603.816,29.256649558555747,30.04765886208869,18.472059286567966,27.338389982698462,61178.0506758313,62040.83445124676,58931.87379237279,61279.85,63627.82620762721,7.663126484895799,0.4175992502089626,1
2026-06-25 02:00:00,60892.9,60939.0,60660.0,60763.2,4314.462,28.595550050835325,29.306956136026212,17.78617420389441,26.67995967452664,61138.54108765689,61990.73113943316,58928.708887618726,61180.280000000006,63431.851112381286,7.360447230320879,0.4073802293637304,1
2026-06-25 03:00:00,60763.3,60877.7,60648.0,60853.9,3048.144,28.00368837104811,28.63016896480193,17.219292017305058,25.996120378328605,61111.43241264195,61946.14952612206,58942.9400537152,61091.46000000001,63239.97994628481,7.0337816326039775,0.44471543063614766,1
2026-06-25 04:00:00,60854.0,61389.0,60756.4,61323.2,6224.548,26.163055848625106,27.379302949730217,22.712591311075435,23.750974437954255,61131.6007542951,61921.72013294081,59016.46178531036,61018.97000000001,63021.478214689654,6.56355954448148,0.5759622352029,1
2026-06-25 05:00:00,61323.3,61800.0,61241.9,61567.1,13551.642,24.97504830953297,26.48936834029054,26.574740759909048,21.94988298670898,61173.076872933656,61907.81346106078,59093.78568207602,60964.81500000002,62835.84431792401,6.138062808601964,0.6609501770576872,1
2026-06-25 06:00:00,61567.1,61829.1,61567.1,61693.5,4754.255,23.92811127466034,25.045583561642722,26.003630308266374,21.139441267469152,61222.64098027331,61899.409011607415,59150.115469608674,60928.65000000001,62707.18453039134,5.838089405858605,0.7150225331390389,2
2026-06-25 07:00:00,61693.5,61931.1,61632.2,61886.7,6467.034,23.159613389117297,24.06733084932513,26.356056256441168,20.22211170026938,61285.88469643776,61898.91061899536,59285.5220813966,60878.600000000006,62471.67791860341,5.233622056365964,0.8164000919941684,2
2026-06-25 08:00:00,61886.8,61897.6,61653.0,61686.4,5343.995,22.446008209684475,23.18705974217241,25.38525864053123,19.477251481567723,61324.02901106274,61890.576869230834,59401.50891575135,60833.44500000001,62265.381084248664,4.707726429922411,0.7978327766799534,2
2026-06-25 09:00:00,61686.5,61764.9,61578.4,61707.8,3667.26,21.571111347956826,22.365362368537063,24.640018279190258,20.079742113558613,61360.57862905676,61883.40914886884,59382.96392962832,60853.425,62323.886070371685,4.832796413255894,0.7905126212501644,3
2026-06-25 10:00:00,61707.9,61727.9,61228.4,61245.3,7304.194,20.223920743751588,21.33496447671803,22.716495033580827,23.982237509075368,61349.59971200374,61858.38526067791,59383.928193874795,60861.425,62338.92180612521,4.855281670204756,0.6299072182114313,3
2026-06-25 11:00:00,61245.4,61395.3,61033.5,61258.2,11773.247,19.429065876626304,20.500088612291563,21.412597340362105,25.69773042553612,61340.8949775272,61834.84858378858,59452.790050652795,60911.590000000004,62370.38994934721,4.789892857327181,0.6187997025072204,3
2026-06-25 12:00:00,61258.2,61742.9,61048.5,61216.4,12542.989,18.263934122728834,19.24392743324021,24.450591496099243,22.972314557068586,61329.0383130008,61810.59569814982,59614.34734942077,60982.0,62349.65265057923,4.485430620770812,0.5856942732866889,3
2026-06-25 13:00:00,61216.4,61346.4,58030.0,58248.4,65568.385,20.503894318188486,19.966480097407395,15.820696799853822,46.9889788531747,61035.644187953105,61670.90174920276,59229.41259602354,60926.235,62623.05740397646,5.570087841392008,-0.2890734450831624,3
2026-06-25 14:00:00,58248.4,60466.9,58248.4,59448.7,68127.991,22.58385735682959,20.423895739779212,12.613480345582735,37.46324000274111,60884.50664624329,61583.75658256736,59202.30890797796,60920.195,62638.08109202204,5.639791835932368,0.07171345445029537,2
2026-06-25 15:00:00,59448.7,59630.2,58835.2,59536.2,20883.361,24.51525160699633,22.509572962592408,11.698278281128234,34.74500255738209,60756.096489458214,61503.46024599609,59127.7411038629,60900.814999999995,62673.88889613709,5.8228248542719685,0.11518383329284404,2
2026-06-25 16:00:00,59536.2,60035.7,59130.0,59284.0,13732.675,25.464027405659643,24.023942381244616,14.401810069230386,31.904855901243366,60615.89682379553,61416.42258929036,58904.11717926432,60818.68999999999,62733.262820735654,6.296001511165947,0.09920824546901015,2
2026-06-25 17:00:00,59284.1,59720.0,59114.4,59656.3,7827.95,26.359534092646,25.437392849821165,13.60121605313971,30.274467758137696,60524.50665010072,61347.39817402408,58769.134172975115,60747.825,62726.51582702488,6.514441717131049,0.22418000197605706,1
2026-06-25 18:00:00,59656.3,59775.0,59333.0,59491.0,7260.279,27.07042281560762,26.267225110633632,13.55274657336712,29.007049657488565,60426.077445329225,61274.59824563098,58624.11364264467,60679.865,62735.61635735533,6.775728183822854,0.21084416514032084,1
2026-06-25 19:00:00,59491.2,59496.6,59152.7,59299.8,7110.978,27.918967765643313,27.13925092914466,13.093451157518297,29.800774345900493,60318.81292672644,61197.155177174864,58455.53111975962,60592.295,62729.05888024038,7.052922752770403,0.19755783220778886,1
2026-06-25 20:00:00,59299.9,59723.5,59298.7,59428.8,6367.176,28.17935289742688,27.62488785651725,14.832737794420256,28.51525372001459,60234.049790847734,61127.80791532487,58328.17377260368,60524.39000000001,62720.60622739633,7.257293224752288,0.2505732845579473,1
2026-06-25 21:00:00,59428.9,60245.0,59422.7,60180.7,6267.02,27.32852168745915,27.62374472655123,18.841448933495148,26.162575855836984,60228.96885838605,61090.66642844939,58294.62753626587,60488.780000000006,62682.93246373414,7.254741999207573,0.42979521589951397,1
2026-06-25 22:00:00,60180.7,60180.8,59705.4,59815.1,6099.121,26.538464135346256,27.35890851638657,17.920876343160636,24.884301010285434,60189.55277663499,61040.644215569024,58231.27651981623,60441.375,62651.47348018377,7.3131972268459124,0.35831513717254654,1
2026-06-25 23:00:00,59815.1,60164.3,59709.1,59771.9,4578.901,25.80483926552714,26.566680476493147,17.0613015704398,23.690725597139057,60149.77632171737,60990.889540448676,58166.747498065495,60387.275,62607.80250193451,7.354289465568718,0.36143495195085623,1
2026-06-26 00:00:00,59772.0,59882.2,59608.1,59638.2,3871.116,25.28722184460124,25.912842989973747,16.546635447827803,24.08761995336871,60101.0547672681,60937.84289180363,58104.258702970496,60303.02500000001,62501.79129702952,7.292391375157425,0.34881863049788964,1
2026-06-26 01:00:00,59638.2,59761.3,59200.0,59413.0,6344.268,25.425362763851005,25.615101014689074,15.5145329728667,27.120222879252278,60035.525741813995,60878.04513134074,58046.80891741151,60195.32000000001,62343.831082588506,7.138465523859656,0.31793903546974545,1
2026-06-26 02:00:00,59413.1,59432.3,58325.6,58536.0,24980.279,26.57811405891097,25.932667951756105,13.700042890932364,33.18891243562893,59892.71376640314,60786.20022422934,57888.42889075485,60037.445000000014,62186.46110924518,7.158919268617,0.15066688110416482,1
2026-06-26 03:00:00,58536.0,60125.7,58288.0,60015.0,26425.366,26.191879984415106,25.808621374133054,17.856807866734965,27.44827261560457,59904.36007436474,60755.957078181134,57978.77635062055,59943.86000000001,61908.943649379464,6.556413448781762,0.5181010106166364,1
2026-06-26 04:00:00,60015.0,60234.8,59802.3,59899.9,8739.818,25.62700410017378,26.102559079542374,18.166276270210304,26.295496847465003,59903.93530537763,60722.38621237011,58068.72614445799,59854.535,61640.343855542014,5.967163074751181,0.5127015273384982,1
2026-06-26 05:00:00,59899.9,60039.1,59703.1,59921.8,5871.329,25.235558027096708,25.713719005755905,17.549630651610467,26.405080387741958,59905.63670486548,60690.990674630106,58205.29359451955,59765.23500000001,61325.176405480466,5.220230140416776,0.5501829746456962,1
2026-06-26 06:00:00,59921.9,60440.0,59666.2,60298.9,10771.225,24.09735916280602,24.8621816314899,20.209879927951214,24.354733912725134,59943.09035202114,60675.61456974265,58295.67407544477,59717.91500000001,61140.15592455525,4.76319685493119,0.7042498531610167,1
2026-06-26 07:00:00,60298.9,60734.0,60252.6,60491.0,14629.556,22.52089575667922,23.878226891887962,22.230551852039902,23.150364705765227,59995.27222325723,60668.374782693914,58397.78757963826,59679.555000000015,60961.32242036177,4.295499255521449,0.816533634382347,3
2026-06-26 08:00:00,60491.0,60542.6,60112.0,60215.3,7945.368,21.288941911517764,22.69315053716189,21.219743088743506,23.582403048320984,60016.22724961369,60650.6071441569,58536.08172302308,59629.500000000015,60722.91827697695,3.667373622039199,0.7678755295821468,3
2026-06-26 09:00:00,60215.3,60229.8,59544.7,59709.3,10679.166,20.996638440014593,21.758767098346908,19.686038522245262,27.862880257190987,59986.99608298381,60613.69313850369,58823.413113657,59702.54500000001,60581.676886343026,2.9450399018769238,0.5038418581471827,3
2026-06-26 10:00:00,59709.3,59834.2,59210.4,59290.0,10744.708,21.162708616405588,21.225825263961674,18.383177039094516,29.565611803702847,59920.615503652014,60561.783603660406,58803.053943607425,59694.61000000001,60586.16605639259,2.9870571443303935,0.2730877396329165,3
2026-06-26 11:00:00,59290.0,59569.0,59233.1,59392.4,6798.892,21.316916637340082,21.15677753867734,17.703732413041518,28.472862927201554,59870.30926520897,60515.92542312471,58788.19855990759,59687.42000000001,60586.64144009243,3.013102057661129,0.33595809283101075,3
2026-06-26 12:00:00,59392.4,59998.4,58940.0,59167.6,23971.564,20.585807584362687,20.87425810038414,20.25204334592838,25.299823292929748,59803.384573284304,60463.04991633551,58769.9636597589,59681.600000000006,60593.236340241114,3.0549996656963216,0.21808934258584653,3
2026-06-26 13:00:00,59167.6,60189.5,58388.0,60153.3,35902.97,20.674212219882357,20.995564428611218,16.816804398595114,26.20583918107837,59836.709852019136,60450.90286079295,58770.93503007518,59706.450000000004,60641.964969924826,3.1337149333943697,0.7388256812373124,3
2026-06-26 14:00:00,60153.5,60274.2,59358.8,59568.9,21091.08,20.585990972471567,20.585899278417127,16.17433459429295,23.979977378151368,59811.20415182683,60416.31451331088,58777.963543216654,59710.345,60642.72645678335,3.123014803492919,0.42414853439493777,3
2026-06-26 15:00:00,59568.9,60494.1,59560.0,60296.6,16399.595,20.061434747968587,20.36782348392547,16.803268826884068,21.932774661007215,59857.43232784332,60411.61982651437,58813.74465233395,59760.185000000005,60706.62534766606,3.167461237498016,0.7833855304894851,3
2026-06-26 16:00:00,60296.9,60580.0,59933.1,60017.8,13029.495,19.401570405172816,19.99378068882219,16.592290628883088,20.619889111861973,59872.70543947729,60396.175911749095,58849.98078078412,59789.63500000001,60729.2892192159,3.143201055553821,0.6214090222413889,3
2026-06-26 17:00:00,60017.8,60276.5,59921.4,60000.0,6949.554,18.808734332531902,19.435084540250244,16.02522209024649,20.027777582300892,59884.82873095565,60380.63960148443,58853.38552756078,59780.600000000006,60707.81447243923,3.102058100585231,0.6183113543422255,3
2026-06-26 18:00:00,60000.0,60140.7,59530.7,59648.9,5774.528,18.89945219224034,19.150511298706576,15.072268655981224,22.645547663197085,59862.35932800749,60351.94393083798,58843.3998599853,59772.29000000001,60701.180140014716,3.108096209848101,0.4335820272577912,3
2026-06-26 19:00:00,59648.9,60077.8,59586.3,59719.7,7106.059,18.983690204826747,18.896212268679324,14.332707275985879,21.534382989662802,59848.77272534011,60327.15005119728,58840.49195013818,59769.68000000001,60698.868049861834,3.109228792464094,0.4731055516655414,3
2026-06-26 20:00:00,59719.9,59970.0,59556.0,59694.7,4861.161,19.11329317239089,19.006372682315614,13.721944233461086,20.928612721264898,59834.099132450574,60302.348088405226,58844.65746834083,59772.505000000005,60700.35253165918,3.10459644165548,0.45807231396042136,3
2026-06-26 21:00:00,59694.7,60028.0,59649.2,59887.6,2664.982,19.07645975930978,19.030074982068264,13.785999386601583,20.085246882378673,59839.19445316956,60286.08345748737,58882.93897886746,59796.235,60709.53102113254,3.05469406604794,0.5500193791968457,3
2026-06-26 22:00:00,59887.6,60051.0,59717.1,60007.5,3088.676,18.976864582926307,19.045078877658597,13.531862119079813,19.345231696845012,59855.2235528677,60275.15861601729,59172.41699926109,59869.81,60567.203000738904,2.3296983930261557,0.5987176526392695,3
2026-06-26 23:00:00,60007.6,60090.8,59871.9,60072.0,3454.396,18.76517659273332,18.920818176021548,13.649751258565674,18.85477701574165,59875.86892878506,60267.19161146759,59172.3091183131,59872.659999999996,60573.010881686896,2.339468070023613,0.642314377844334,3
2026-06-27 00:00:00,60071.9,60167.3,59846.2,60033.4,3606.601,18.332291734734778,18.654578158830542,14.041553887759566,18.128719050404772,59890.871887948386,60258.023312978665,59175.35560952293,59879.33499999999,60583.314390477055,2.3513266821585885,0.6094243681591338,3
2026-06-27 01:00:00,60033.4,60046.9,59904.8,59919.1,1013.631,17.930327223736132,18.347751908234727,13.788504372016222,17.802012788874055,59893.560279572346,60244.73220266578,59175.25386270223,59879.200000000004,60583.14613729778,2.3512209157696655,0.5283402364797096,3
2026-06-27 02:00:00,59919.0,60349.0,59888.7,60256.6,4979.232,16.672091109782947,17.50219142225886,16.85491186412013,16.749052109605998,59928.13549104164,60245.197606482805,59178.21237618238,59877.085,60575.957623817616,2.3343575386731565,0.7715194350630628,3
2026-06-27 03:00:00,60256.6,60387.8,60134.5,60274.7,3264.048,15.615710240994465,16.773018732365298,16.80285673428844,16.181834508852255,59961.14163475196,60246.35456309133,59201.53803786818,59866.270000000004,60531.00196213183,2.220722828169598,0.8072140526311843,3
2026-06-27 04:00:00,60274.8,60472.2,60189.4,60215.9,3433.958,14.883810661115271,15.777950885449108,17.31310864763932,15.548718963177752,59985.404336204156,60245.160266499515,59201.5016625475,59866.30000000001,60531.098337452524,2.22094346051957,0.7629368789787045,3
2026-06-27 05:00:00,60215.9,60286.0,60101.9,60208.3,1945.532,13.917001767208959,14.766356004101713,16.850900700699693,16.40248342257916,60006.6324946609,60243.71476585248,59213.9240052502,59891.25000000001,60568.575994749815,2.261852924257911,0.7340453507303437,3
2026-06-27 06:00:00,60208.4,60492.2,60074.5,60345.3,4271.161,13.641377964915053,14.262594313015162,18.842000771558254,15.398045019367679,60038.88654278843,60247.69850052493,59300.318957719195,59944.01500000001,60587.71104228082,2.1476574176114545,0.811703796234416,3
2026-06-27 07:00:00,60345.2,60557.8,60266.0,60522.3,3356.548,13.574064574557731,13.745533170883345,19.002273063374947,14.719897790302207,60084.92591966572,60258.46718677886,59362.34856884299,60000.509999999995,60638.671431157,2.1271866894365012,0.9088228891034555,3
2026-06-27 08:00:00,60522.4,60522.5,60336.2,60425.1,2454.04,13.511559283511646,13.57646862421335,18.443776496304416,14.287264686036481,60117.323451126125,60265.00180690518,59531.87080837336,60063.384999999995,60594.89919162663,1.7698442790949482,0.8402684309265738,3
2026-06-27 09:00:00,60425.2,60482.9,60261.0,60391.2,2310.771,13.151101122284604,13.362582848421168,17.773703650646535,14.999411890445408,60143.40693197126,60269.950755654,59524.97711841617,60075.27999999999,60625.58288158381,1.8320443336554366,0.7870419277932552,3
2026-06-27 10:00:00,60391.3,60466.5,60350.0,60390.3,1032.741,12.816389972573779,13.163974628042713,17.41595922628764,14.697507679711357,60166.920557497804,60274.67033386364,59603.86585595212,60116.34999999999,60628.83414404786,1.7049742509246502,0.7672765618036589,3
2026-06-27 11:00:00,60390.3,60425.4,60162.0,60331.9,3122.375,12.05728033490985,12.604190728597228,16.602308623549412,17.345374191604133,60182.63288535516,60276.91463449645,59602.7818067056,60118.115,60633.448193294396,1.7144023670549164,0.7074240537790013,3
2026-06-27 12:00:00,60331.9,60407.1,60222.6,60394.0,1807.192,11.352392814221917,12.084391393397848,16.03713407697974,16.754904262625953,60202.76308674991,60281.506217457376,59609.68341200548,60136.925,60664.16658799453,1.7534703944191545,0.7437924149514039,3
2026-06-27 13:00:00,60394.0,60643.1,60356.1,60554.6,4154.884,11.298377920850525,11.677829127880187,19.60829147576238,15.850963468022023,60236.2713642023,60292.21577755709,59610.104934958734,60164.655000000006,60719.20506504128,1.843441352871623,0.8515868310023287,3
2026-06-27 14:00:00,60554.6,60697.6,60480.0,60588.9,3321.5,11.440924331726883,11.396658572974399,19.83772149124845,15.182167727422527,60269.85504380208,60303.85045294701,59682.395730230215,60211.655000000006,60740.9142697698,1.7579960881985088,0.856389601040038,3
2026-06-27 15:00:00,60589.0,60924.7,60541.1,60817.2,7814.952,12.311928197162786,11.805153059006656,22.75705073902032,14.056237902629187,60321.98313486855,60323.981807733406,59724.605992504155,60266.530000000006,60808.45400749586,1.7984244571434613,1.0080693901572604,3
2026-06-27 16:00:00,60817.3,60850.0,60648.2,60785.0,2778.326,13.120717500781838,12.28082091625436,21.83946474630613,13.489476982788393,60366.07997916678,60342.060952528176,59802.469698758025,60321.04500000001,60839.620301242,1.7193843417069055,0.9473361909917564,3
2026-06-27 17:00:00,60784.9,60796.6,60383.0,60495.6,6435.887,12.643668398847604,12.477798298005194,20.05466211208679,17.627186116851618,60378.41521924613,60348.08209164472,59869.89414800387,60351.445,60832.99585199613,1.595822111620126,0.6496778579068504,3
2026-06-27 18:00:00,60495.6,60547.3,60420.2,60537.8,1662.956,12.200694232765816,12.660705866773828,19.526553194807388,17.163001074848715,60393.594722175076,60355.52200961944,59918.24557422167,60377.96000000001,60837.67442577834,1.522788864606676,0.673847057039132,3
2026-06-27 19:00:00,60537.9,60576.9,60050.0,60149.9,5900.77,12.266220155433611,12.454944277140608,17.472420242404834,22.748642199980345,60370.38570101554,60347.45840139907,59931.837725588564,60381.855,60831.87227441144,1.4905712135257814,0.24228211538838457,3
2026-06-27 20:00:00,60149.9,60283.4,60141.7,60272.8,1563.196,12.327065655053708,12.263879943909762,16.955827517433452,22.076051745970677,60361.09182472834,60344.53062095204,59970.913951115384,60393.825000000004,60816.736048884624,1.4005108929087366,0.3569143554901306,3
2026-06-27 21:00:00,60272.8,60469.8,60108.9,60173.4,2727.898,11.60054742491333,11.93338379017347,19.558218659538927,20.42007488269308,60343.216412849455,60337.81961620883,60031.097729428555,60406.54,60781.98227057145,1.243051731059074,0.18951285154286684,3
2026-06-27 22:00:00,60173.4,60230.0,59819.8,60204.3,4692.97,11.899579526349036,12.113322590701372,17.913447459369422,24.629738956631595,60329.98627829236,60332.58355282809,60023.391436219594,60403.925,60784.45856378041,1.2599630364431091,0.23770382037155116,3
2026-06-27 23:00:00,60204.3,60303.2,59913.9,60000.3,3651.424,11.874570804617731,11.737559114765531,17.98385208566762,22.680346372654103,60298.58758512166,60319.552825266204,59972.11994455736,60390.20500000001,60808.29005544266,1.384612141795679,0.03370134267632297,3
2026-06-28 00:00:00,60000.4,60168.7,59983.3,60125.1,1900.278,11.851348420152947,11.87546397325099,17.282313769807327,21.795600884223383,60282.06495796722,60311.92722427537,59957.75379781793,60385.66500000001,60813.576202182085,1.4172608753487321,0.19553846841202932,3
2026-06-28 01:00:00,60125.1,60256.8,59950.0,60193.0,2439.438,11.442536050400843,11.658553427509286,18.025484377738515,20.378895254041154,60273.58258101796,60307.26341155869,59955.60124743611,60384.9,60814.19875256389,1.421874516854012,0.2764959729629747,3
2026-06-28 02:00:00,60193.1,60314.3,60017.2,60121.2,2057.691,10.81252072055636,11.331934570354655,18.109807028760958,19.085179122448572,60259.069954254344,60299.96680718384,59928.63528087851,60373.695,60818.75471912149,1.4743497780663948,0.2163358206193029,3
2026-06-28 03:00:00,60121.2,60250.4,60121.2,60169.5,1454.945,10.22750648570077,10.835021268050806,17.586937747133963,18.534148739759843,60250.5394824206,60294.85046180408,59907.83982856969,60356.055,60804.27017143031,1.4852368049247449,0.2918912478969868,3
2026-06-28 04:00:00,60169.5,60205.4,60060.0,60108.1,1216.104,9.956779100316743,10.38464991043655,16.992345540711305,19.330568899018825,60236.97381742816,60287.52691428236,59880.010530917636,60340.205,60800.39946908237,1.5253327995235206,0.24781856845995578,3
2026-06-28 05:00:00,60108.0,60112.3,59714.8,59956.6,5438.2,10.990085906090286,10.608796195895529,15.454085667304042,25.442221084419177,60210.271549101664,60274.54938823207,59828.34967606387,60318.475,60808.60032393612,1.6251250514411213,0.13083421491687605,3
2026-06-28 06:00:00,59956.6,60020.0,59772.9,59970.0,2915.154,11.949585082880004,10.953182091598373,14.571032211524127,23.98844104624806,60187.38854442532,60262.60627496807,59784.77833042188,60297.46,60810.141669578115,1.7005083450550529,0.18064003510261575,3
2026-06-28 07:00:00,59970.0,60247.1,59965.8,60192.5,3433.223,11.703769573347858,11.34692773971907,18.90239003660345,22.417998052588107,60187.875349718146,60259.857009283056,59775.992653471796,60290.490000000005,60804.987346528214,1.7067280313303446,0.40477113180346347,3
2026-06-28 08:00:00,60192.4,60543.3,60109.5,60340.1,4910.201,11.440469100624309,11.695027091752156,23.74449388483617,20.21964164130997,60202.37293545927,60263.00379323274,59775.01880186475,60287.795000000006,60800.57119813526,1.7010945520075906,0.551001782249453,3
2026-06-28 09:00:00,60340.1,60444.0,60223.1,60230.0,2760.374,11.19597580452387,11.449872688935864,22.532761940415977,19.187790391907225,60205.00408446315,60261.70952683146,59774.02380667199,60271.565,60769.106193328014,1.6509980894904985,0.4582295892708125,3
2026-06-28 10:00:00,60230.0,60271.8,60037.0,60138.5,2477.136,10.594289491803078,11.017379296213694,21.289138802043166,22.503224003735845,60198.67036213333,60256.87778068121,59771.615221305176,60249.045000000006,60726.474778694836,1.5848542618221748,0.38422904798459884,3
2026-06-28 11:00:00,60138.4,60351.3,60091.4,60314.9,2495.801,9.962054606997784,10.579015205760827,21.863198469751545,21.114103619636758,60209.73985145397,60259.15316183096,59826.13801997264,60223.93000000001,60621.721980027374,1.3210429144274265,0.6143436828386227,3
2026-06-28 12:00:00,60315.0,60435.8,60161.2,60270.0,2227.61,9.711039401096007,10.152664446449542,22.447873341953695,19.72841314411397,60215.47891322026,60259.57852803367,59898.81423813985,60198.18000000001,60497.545761860165,0.9946007067328525,0.6199535971544096,3
2026-06-28 13:00:00,60269.9,60269.9,59934.3,60044.5,4290.318,9.481601109923789,9.721827858460786,20.662564721701905,23.534916284222945,60199.19520719928,60251.14407595392,59903.91359833423,60175.62500000001,60447.33640166579,0.9030613364324165,0.25870537784553777,3
2026-06-28 14:00:00,60044.6,60228.5,59983.0,59995.3,2937.391,9.268551268121012,9.489795334608509,19.444633670706555,22.147677782555938,60179.776616037445,60241.11097493612,59924.98279471513,60148.5,60372.01720528487,0.7432178866800403,0.15729707517427097,3
2026-06-28 15:00:00,59995.3,60103.2,59781.8,59849.9,5771.027,9.813211634571264,9.647406372247527,17.952706998387896,25.251545440951205,60148.35979546245,60225.76936807588,59873.14812473671,60133.5,60393.85187526329,0.8659129279462798,-0.04464750774927228,3
2026-06-28 16:00:00,59850.0,59915.7,59550.0,59655.9,7424.561,11.038518614875988,10.1535349414985,16.409881107287344,28.528696129289607,60101.45886256127,60203.42154971996,59774.45778408847,60102.655,60430.85221591153,1.0921221896488005,-0.18061972853606315,3
2026-06-28 17:00:00,59655.9,59821.9,59366.6,59557.3,8401.918,12.66465014693534,11.238930890753302,14.714421172171983,29.742951507760402,60049.634208984,60178.08344973095,59665.30694342679,60071.850000000006,60478.39305657322,1.3535226785032148,-0.1328357989153537,3
2026-06-28 18:00:00,59557.3,59678.8,59466.9,59580.7,3170.957,14.17462942670474,12.606574020790365,13.989957707657165,28.278559436738302,60004.97380812839,60154.656647780714,59584.297935255134,60040.670000000006,60497.04206474488,1.520209766962533,-0.003941888135887616,3
2026-06-28 19:00:00,59580.7,59658.2,59224.6,59451.4,5640.911,16.16988628089726,14.4172682139163,12.62065860119619,30.980211074038554,59952.25249306854,60127.07795571088,59486.09707634146,60013.225000000006,60540.35292365855,1.7567058716092891,-0.03291143836646079,3
2026-06-28 20:00:00,59451.3,59747.7,59443.8,59634.0,4223.368,17.540179311431984,15.857404369068362,13.778457172033898,28.848943642780814,59921.94273182392,60107.74156529085,59438.24625853916,59988.67,60539.093741460834,1.8350923314713796,0.177820946586809,3
2026-06-28 21:00:00,59634.1,59773.8,59300.0,59418.1,4650.66,19.16348195473546,17.66668411781636,12.351761001767361,29.004408309813304,59873.95770974545,60080.696798024546,59352.93857195575,59949.925,60546.91142804426,1.9916169304440536,0.05457530103131693,3
2026-06-28 22:00:00,59418.1,59883.2,58888.0,59040.1,13650.068,21.481215515536043,19.510697413484014,10.007716321877975,31.356526837919827,59794.542689769696,60039.88908045496,59180.19978455919,59895.869999999995,60611.5402154408,2.389714734724798,-0.09788012798108402,3
2026-06-28 23:00:00,59040.0,59820.4,58975.0,59550.2,7711.363,23.633396679136585,21.39843931693602,8.527296390066857,26.71802332421154,59771.27195741068,60020.68558710379,59145.503045226265,59864.905,60584.30695477373,2.403418011850962,0.28127318259860523,3
2026-06-29 00:00:00,59550.2,59678.1,58978.2,59637.3,9238.488,25.631850616765657,23.55653306615085,7.533686482045003,23.604810005085028,59758.512723371576,60005.65085819776,59124.66368725515,59841.365,60558.06631274484,2.3953374484183123,0.3576359521245603,3
2026-06-29 01:00:00,59637.3,59674.3,59170.5,59413.0,5035.286,27.487557844564083,25.560477261850334,6.90957424758553,21.649319721360616,59725.60674971714,59982.40964807237,59075.00606923276,59814.185,60553.363930767235,2.4715840590897864,0.22862795237982209,1
2026-06-29 02:00:00,59413.0,59788.0,58850.0,59731.7,13997.776,29.783719015714002,27.70778481623983,5.925341332034439,23.43260379243823,59726.18705926788,59972.57789716757,59065.989561147,59802.270000000004,60538.55043885301,2.462382912397826,0.45207668418439684,1
2026-06-29 03:00:00,59731.8,60219.4,59731.8,60019.8,9982.299,29.7066058208142,28.597081832689142,12.021688075036227,21.701692530086003,59754.15019648046,59974.42974433747,59072.734132951504,59793.634999999995,60514.535867048486,2.411296342991996,0.6568627604277769,1
2026-06-29 04:00:00,60019.9,60031.5,59717.0,59806.2,2746.071,29.671196272870798,29.7274576442924,11.4350825668221,20.872371738842276,59759.10732062518,59967.83249946149,59093.24676854276,59766.939999999995,60440.63323145723,2.254400949612723,0.5291378910806931,1
2026-06-29 05:00:00,59806.2,60088.0,59360.3,60082.7,6969.253,30.425826807312067,30.066216314063134,10.195423247685131,23.923535657919444,59789.92567104183,59972.337107325744,59104.22581103299,59759.575000000004,60414.924188967016,2.1932859762373185,0.7465288776120375,1
2026-06-29 06:00:00,60082.7,60325.0,60022.2,60051.0,7371.999,30.122187374005712,29.896691823438253,13.34920479929026,22.815189781718693,59814.789892847366,59975.421926646304,59109.40327134394,59755.200000000004,60400.99672865607,2.1614745784670353,0.7290194320243533,1
2026-06-29 07:00:00,60051.1,60162.5,59900.7,59998.9,3635.785,30.116835423956566,30.271331115634318,12.797175016007191,23.79088437786344,59832.32418876666,59976.34263540528,59137.2745505726,59739.4,60341.525449427405,2.0158402977847234,0.7154866566815717,1
2026-06-29 08:00:00,59998.9,60070.1,59712.8,59806.9,4899.419,30.513298826274696,30.317743100140206,12.063938181082154,25.44091550831264,59829.90283745555,59969.6978261737,59166.71250404428,59716.245,60265.77749595573,1.8404790721711506,0.5824837481560896,1
2026-06-29 09:00:00,59806.9,60089.1,59750.1,60031.3,5094.505,30.79739836204483,30.4571168930007,11.706704307163474,24.033878895484417,59849.083519602646,59972.1135976963,59167.68317907358,59715.58500000001,60263.48682092643,1.8350379416911848,0.7881127493482015,1
2026-06-29 10:00:00,60031.3,60287.1,60031.3,60062.4,5511.908,30.209112343750448,30.36120558501257,14.532330543872908,23.00019054451233,59869.39937487858,59975.65424092389,59163.06270039461,59718.94000000001,60274.81729960541,1.8616448972650987,0.8089350835551312,1
2026-06-29 11:00:00,60062.3,60193.2,59770.4,59927.2,6062.808,30.28123062390206,30.539314492973446,13.49889566277252,25.75278774688881,59874.90419631872,59973.754074613156,59162.040313536054,59722.80500000001,60283.56968646396,1.8778913229676792,0.6822466757748735,1
2026-06-29 12:00:00,59927.2,60758.3,59552.6,59923.5,34963.613,28.409566427630974,29.309339385690713,19.48036427559642,21.136700507526328,59879.53236809789,59971.78332658911,59169.40413163649,59736.185000000005,60302.96586836352,1.8976132083544195,0.6652446390267508,1
2026-06-29 13:00:00,59923.5,60313.0,59302.8,59559.3,21676.377,27.285755470554484,28.783493047228273,16.768345134402885,21.636643279320268,59849.03404732667,59955.60750986013,59169.636332179376,59736.28500000001,60302.933667820645,1.8971674178286602,0.3438318043870967,1
2026-06-29 14:00:00,59559.4,59689.6,58988.0,59444.0,22336.282,26.918714514555017,27.664140471092995,15.186973938938047,23.8276034288945,59810.45937615271,59935.544470257766,59151.710235230836,59729.450000000004,60307.18976476917,1.934522299365451,0.25295970832641784,1
2026-06-29 15:00:00,59444.1,59939.2,59067.6,59800.2,18439.212,25.838376142318523,26.562065806436504,16.693840491286345,21.158088392704315,59809.48229270959,59930.23684397314,59183.61367106111,59746.890000000014,60310.16632893892,1.8855419217264828,0.5473213565537257,1
2026-06-29 16:00:00,59800.3,59999.0,59562.6,59870.9,6543.241,24.664310446042936,25.791512480298977,16.523459822510315,19.952755279693545,59815.331598165816,59927.909908915375,59195.490768496624,59758.735,60321.97923150338,1.8850607580745369,0.5995704826844094,1
2026-06-29 17:00:00,59870.9,60666.6,59870.9,60396.0,17431.193,23.83020850396657,24.83429232314255,23.302126504744944,17.94536317376458,59870.63335072145,59946.266383075555,59200.79708932386,59807.630000000005,60414.46291067615,2.029282587108517,0.9847874840410537,3
2026-06-29 18:00:00,60396.0,60500.1,60150.2,60275.4,6924.679,23.055685272038517,23.859997859040725,22.24240825935653,17.129256164325458,59909.18255541465,59959.17358373926,59345.72826597755,59869.395000000004,60393.061734022456,1.7493637075251958,0.8876559017615485,3
2026-06-29 19:00:00,60275.4,60540.0,60127.4,60409.3,6026.141,22.42341404907665,23.12681127652161,21.55599394272451,16.19402366491413,59956.8127882323,59976.82560006322,59358.837417529394,59912.350000000006,60465.86258247062,1.847741183480908,0.9489057843833044,3
2026-06-29 20:00:00,60409.3,60535.0,60265.1,60271.2,4954.154,21.83630505632635,22.445995164182435,20.757601175947716,15.594228016732318,59986.75442744827,59988.369694178386,59384.286366014174,59944.045000000006,60503.80363398584,1.867603809472089,0.7922286322503356,3
2026-06-29 21:00:00,60271.2,60565.6,60232.1,60454.9,2822.026,21.18314251131107,21.803278280193858,19.78259056844839,15.326530580920977,60031.33972007225,60006.66500028904,59450.72804212291,59996.14000000001,60541.551957877105,1.8181568276795763,0.920562836379332,3
2026-06-29 22:00:00,60454.9,60493.2,60314.0,60326.5,2066.396,20.576634433796876,21.20646974506161,19.25911624755633,14.920969683336866,60059.45022292251,60019.207549297316,59476.33045584633,60025.880000000005,60575.42954415368,1.8310420243857375,0.7735149207183488,3
2026-06-29 23:00:00,60326.4,60353.9,60134.0,60224.7,3047.364,19.391439805410894,20.28729115836098,18.60839781517219,17.18251999171027,60075.18829692989,60027.26607677586,59479.459068332275,60036.12500000001,60592.79093166774,1.8544365802014446,0.6693789661557267,3
2026-06-30 00:00:00,60224.7,60250.0,59667.5,59806.1,9133.247,19.039471821117818,19.80805312745735,16.97249387446616,22.712484744828245,60049.56084007943,60018.59289729445,59479.44537103606,60036.12,60592.794628963944,1.8544657081901406,0.2933981647159784,3
2026-06-30 01:00:00,59806.1,60024.9,59740.0,59919.6,4682.306,18.71264440713139,19.05204210627114,16.22136010895246,21.70732225564208,60037.18361721472,60014.710822890745,59469.38810795951,60027.965000000004,60586.5418920405,1.861055566486371,0.4029990306221358,3
2026-06-30 02:00:00,59919.6,60021.4,59719.6,59920.4,3470.21,18.463644381603658,18.751558101360736,15.441746327222186,20.98891317452754,60026.06136795617,60011.01235924797,59460.94170495063,60021.435000000005,60581.92829504938,1.8676437677618831,0.40986957302397065,3
2026-06-30 03:00:00,59920.4,60007.9,59570.0,59596.1,5570.503,18.630810184893427,18.671727296012406,14.363095956103152,21.909164567890155,59985.11266624607,59994.741286336284,59409.328583895745,60001.295000000006,60593.261416104266,1.97317879923845,0.1577550778415764,3
2026-06-30 04:00:00,59596.1,59672.1,59400.0,59458.3,8066.536,19.20755107653578,18.83559772906972,13.721693980891171,23.72077325036039,59934.940031365484,59973.704373146626,59348.83608469849,59983.865000000005,60618.89391530152,2.1173324369862403,0.08618813463757108,3
2026-06-30 05:00:00,59458.3,59633.5,59329.2,59627.7,7258.542,19.91240342527616,19.271606805084794,13.02137305041645,23.697588959478427,59905.679075997345,59960.1355741997,59309.63656053716,59963.685,60617.733439462834,2.181481806739651,0.24314975793234694,3
2026-06-30 06:00:00,59627.8,59698.9,59488.6,59571.7,3736.821,20.2795509127606,19.74355099464819,13.682900814566574,22.83037852922509,59873.87154494998,59944.90280658403,59264.212150225285,59939.15000000001,60614.08784977473,2.2520768138177596,0.22778975121734796,3
2026-06-30 07:00:00,59571.6,59611.7,59423.3,59497.7,3824.498,20.794070077321074,20.353236751298617,13.216288548142627,23.233800673112086,59838.04568352617,59927.36544161996,59214.39965263139,59917.675,60620.95034736861,2.34747208521896,0.2014149567652319,3
2026-06-30 08:00:00,59497.7,59532.7,59159.0,59285.8,8863.332,21.913307763371783,21.096429338066194,12.318907199157898,26.458448686219544,59785.450856523676,59902.20601253682,59127.92165453454,59885.79000000001,60643.658345465476,2.5310456636389613,0.10415947994799578,3
2026-06-30 09:00:00,59285.8,59397.0,59225.0,59348.7,4167.963,22.95259990041887,21.87333498886997,11.917806079751989,25.596966964325258,59743.85553685475,59880.499894398126,59092.83685858835,59875.26,60657.68314141165,2.613510626631604,0.16350688512996742,3
2026-06-30 10:00:00,59348.7,59403.0,59264.5,59303.6,2380.9,23.885978627949285,22.899643195660534,11.709505913829767,24.894082688178568,59701.92643810668,59857.87636912761,59067.22646728979,59868.240000000005,60669.25353271022,2.6759214324998295,0.14754652890223013,3
2026-06-30 11:00:00,59303.7,59399.3,59100.0,59162.3,6214.318,25.15281290405783,24.05270640223835,11.006154215175243,26.70013867066815,59650.53344400128,59830.59886445594,58975.368351434896,59836.345,60697.32164856511,2.8777715235284016,0.10855790855457309,3
2026-06-30 12:00:00,59162.2,59162.3,58351.0,58374.8,25243.04,27.58164976325598,25.733814195602633,9.364190186705716,36.489846906792486,59529.03502076306,59773.50871290865,58681.18063210638,59761.54,60841.899367893624,3.615567362867902,-0.1417957029908137,1
2026-06-30 13:00:00,58374.8,58791.7,58200.0,58711.9,26034.559,30.015601373882326,27.58420713897008,8.382030593220955,35.339245991568106,59451.21263783325,59731.87699867695,58543.96715192121,59677.335,60810.702848078785,3.7983192382125837,0.07408576498947686,1
2026-06-30 14:00:00,58711.8,59264.4,58400.1,58458.6,23045.692,30.300246962146723,28.940948362701352,14.940587526088104,30.334358890688534,59356.678100896745,59681.94456735629,58366.99744431489,59586.495,60805.992555685116,4.0932011714571,0.03755749868381115,1
2026-06-30 15:00:00,58458.7,58785.6,58160.0,58356.2,18133.224,30.967975505976142,30.491788439929234,13.455186750007151,31.134176693296027,59261.39447223991,59629.95458432271,58211.46678364779,59483.84,60756.213216352204,4.278046663941693,0.05687529983032275,1
2026-06-30 16:00:00,58356.2,58617.4,58223.3,58479.3,7812.9,31.588009153817744,30.944128057982233,12.60500207910324,29.166920477707638,59186.90928440754,59584.830875133586,58103.09666007522,59394.245,60685.39333992478,4.347722039146321,0.1456855607879641,1
2026-06-30 17:00:00,58479.2,58604.8,58290.0,58396.7,4252.186,32.16375468395637,31.565865094966256,11.955182599097009,27.66329255450182,59111.65125732111,59538.23750748129,58028.35174757694,59291.335,60554.31825242306,4.260262490035209,0.14582467808515004,1
2026-06-30 18:00:00,58396.8,58675.0,58334.0,58659.8,4692.25,32.39611352593235,31.992061339875047,12.444813763587922,26.094031060432755,59068.6178042429,59503.78897777614,58014.57703796089,59208.00000000001,60401.42296203913,4.031289562353464,0.2703245130027779,1
2026-06-30 19:00:00,58659.9,58819.9,58560.0,58794.4,4770.762,32.001459691640385,32.082607187798374,14.371563588357343,24.933105413347757,59042.501822886436,59475.969802177075,58031.44149949584,59136.48500000001,60241.52850050417,3.7372647376798445,0.3452165005975179,1
2026-06-30 20:00:00,58794.0,58850.0,58621.3,58708.0,3590.107,31.508838864152608,31.95247619504248,14.322604164128169,23.924434538026553,59010.64450642106,59445.853339346606,58007.94874192192,59081.58,60155.21125807808,3.6344026618045064,0.3260203411603571,1
2026-06-30 21:00:00,58708.0,58744.3,58472.3,58612.1,3145.534,31.420991487113948,31.711225589377165,13.61702960609596,25.4444435161657,58972.68788676191,59413.15712996046,57999.719257274366,59016.205,60032.69074272564,3.444768238573238,0.30122446237345946,1
2026-06-30 22:00:00,58612.3,58780.0,58477.1,58575.8,2005.278,31.176440910220723,31.342639887186664,13.514891759820705,24.02505784205853,58934.88904040363,59380.31959545221,58009.333857129466,58948.975000000006,59888.616142870545,3.187981276588913,0.3014268517127833,1
2026-06-30 23:00:00,58575.7,58636.7,58518.8,58605.4,1551.593,30.949358231677014,31.18517485939548,13.206089192875526,23.47610786417632,58903.50913179376,59349.93059170899,57999.83836792738,58899.44,59799.04163207262,3.0547035152545403,0.33657210618740585,1
2026-07-01 00:00:00,58605.4,58720.0,58270.0,58548.7,5536.729,31.37625552979715,31.276348220008934,12.0722774991932,26.207401179523153,58869.717785908644,59318.50978419099,57981.767342862484,58853.96,59726.152657137514,2.963921738273908,0.3250042593789729,1
2026-07-01 01:00:00,58548.7,58991.6,57758.6,58741.7,28902.834,32.74298408479701,31.846171158237013,9.632093201768571,29.29367691843503,58857.52561582211,59295.88979265409,58016.518469119954,58809.659999999996,59602.80153088004,2.6973171784364762,0.4571577093406059,1
2026-07-01 02:00:00,58741.8,59152.0,58632.4,59063.3,12017.6,33.28302959329622,32.329642561546684,11.416597152171025,26.832279521383803,58877.123176220004,59286.76862431472,58064.76594823396,58784.24,59503.71405176604,2.447846741800317,0.6939333317963429,1
2026-07-01 03:00:00,59063.3,59298.4,58823.9,59169.6,9833.129,33.15823009153075,32.95060708816388,12.900158865568326,24.784253589102907,58904.9781118181,59282.17377630238,58104.050236924675,58767.83500000001,59431.61976307534,2.2590070336105836,0.8026319843036205,1
2026-07-01 04:00:00,59169.7,59444.5,59030.9,59311.2,5966.189,32.45105410580231,32.86704184954927,14.39937497935292,23.12722356615338,58943.665910692565,59283.31205958464,58101.06402591279,58769.105,59437.145974087216,2.273442735216787,0.905734843390926,1
2026-07-01 05:00:00,59311.1,59350.0,59085.0,59122.4,4463.091,31.79439069048304,32.47631039100689,13.76439268665684,22.107361421804196,58960.688204912316,59277.00178273819,58124.31164278533,58757.79,59391.26835721467,2.1562361593745094,0.787784101735652,1
2026-07-01 06:00:00,59122.3,59130.0,58500.1,58726.8,13792.727,32.424173648714685,32.4376138772585,12.368230240683715,29.283602825804472,58938.41313777781,59255.42524223865,58149.91862187884,58728.950000000004,59307.98137812117,1.9718771683170435,0.49814345121763715,1
2026-07-01 07:00:00,58726.7,58797.6,58567.2,58744.4,4204.786,33.008972109929786,32.401681400206414,11.893040195015578,28.158520555072716,58919.935696084685,59235.385036660664,58165.87969148375,58708.05500000001,59250.230308516264,1.8470218729482906,0.533517756553187,1
2026-07-01 08:00:00,58744.4,58965.0,58450.7,58950.8,6346.255,32.850772665081365,32.637473156898025,13.63950794602462,25.777720035028675,58922.875153600435,59224.22483914456,58208.19049599368,58736.85500000001,59265.51950400634,1.8001117152300044,0.7023447747850219,1
2026-07-01 09:00:00,58950.8,59069.7,58792.8,58921.4,5253.469,32.28426429232916,32.64661820112947,14.769124985113404,24.57306256864588,58922.734662781346,59212.34935525654,58212.48150359001,58747.33000000001,59282.17849641001,1.8208435903725286,0.6627283250942857,1
2026-07-01 10:00:00,58921.4,58923.3,58590.9,58631.6,3734.411,32.21575966461561,32.533266164848484,13.92768937245486,26.633591539704273,58895.00755204027,59189.57487073668,58235.38705627199,58755.98000000001,59276.57294372803,1.7720509256352153,0.3805400635001758,1
2026-07-01 11:00:00,58631.6,58733.5,58524.2,58592.9,3608.449,32.296654672504054,32.29045948241661,13.409634272851095,26.828295789541116,58866.235404226914,59166.17585619799,58275.49492749003,58767.81500000001,59260.13507250999,1.6754751644585777,0.3223564203788767,1
2026-07-01 12:00:00,58592.8,58655.6,58294.1,58495.6,8651.069,32.841417937823294,32.528588801219456,12.541905194676177,29.211099301454876,58830.93679430054,59139.878763798064,58278.27087874678,58768.630000000005,59258.98912125323,1.6687784665159846,0.22160199722377488,1
2026-07-01 13:00:00,58495.6,59486.7,58495.5,59463.1,22483.032,30.57570800095406,31.436181336729057,23.980993858915056,24.524978061236975,58891.14281389096,59152.554106394215,58273.4125129095,58821.950000000004,59370.48748709051,1.8650775334394967,1.0844176697938297,1
2026-07-01 14:00:00,59463.0,60067.9,59239.9,59523.8,29537.612,29.559480660933776,31.200449299378533,29.80913163108532,21.431967591142584,58951.39587923468,59167.11276888856,58239.68688231388,58865.15,59490.61311768612,2.125071006142419,1.0265298475445306,1
2026-07-01 15:00:00,59523.7,60520.0,59496.9,60118.5,22422.372,29.371259503326144,29.9734837521401,31.875610144511217,18.352106588606173,59062.5486526409,59204.42207206941,58093.2571349029,58931.35500000001,59769.45286509712,2.844319005042759,1.2082376948081344,1
2026-07-01 16:00:00,60118.6,60244.0,59836.1,59902.8,7712.896,29.196482714119057,29.377981687526415,30.023163016774298,17.285576191733462,59142.572590484626,59231.809441792175,58055.38488637323,58991.09500000001,59926.80511362679,3.1723775041869655,0.9871727828537924,1
2026-07-01 17:00:00,59902.9,60218.2,59762.6,60166.5,6967.927,28.823108480724034,29.097183992025087,28.061548609406444,17.21024273051016,59240.089486628945,59268.4639734866,58014.898947662354,59068.815,60122.73105233765,3.56843472257789,1.0207649117618367,1
2026-07-01 18:00:00,60166.5,60278.9,59992.7,60141.5,4929.144,28.586577887036,28.89153030057753,27.77148082578385,16.481740529184258,59325.938106949994,59302.7006804087,58017.49560161595,59147.100000000006,60276.70439838406,3.8196442374488595,0.9401540935138539,1
2026-07-01 19:00:00,60141.5,60332.8,59952.3,60000.0,5201.063,28.468197759370103,28.64565312004707,26.99400446512813,15.539931830728063,59390.13447771667,59330.045751765225,58056.26906284566,59216.83,60377.39093715434,3.9196996433424065,0.8374101156292179,0
2026-07-01 20:00:00,60000.0,60170.3,59844.5,60100.3,4206.586,28.001279966610923,28.29392892682346,25.64284403646137,16.418273663153865,59457.7692893627,59360.25180071561,58114.621309015536,59294.409999999996,60474.198690984456,3.9794263607124525,0.8415399749795626,0
2026-07-01 21:00:00,60100.3,60827.8,60092.7,60799.9,16099.76,28.713587309693157,28.59089253453163,32.56112525003457,14.637946625006354,59585.59126180435,59416.708592844414,58070.6118559929,59397.32,60724.0281440071,4.467232339799499,1.0285940266273432,0
2026-07-01 22:00:00,60799.9,61322.0,60319.3,60446.3,23792.275,30.006853546587024,29.004066756598974,34.85926977718322,12.626675605320067,59667.56352258489,59457.08472645836,58070.69524045794,59466.47000000001,60862.244759542074,4.694325254356164,0.8509986096615842,0
2026-07-01 23:00:00,60446.3,60446.3,59949.2,59999.6,8275.076,30.125980493653845,29.4197839016735,32.4768322037567,16.85208105019199,59699.18604424347,59478.3598352247,58100.05703154525,59507.970000000016,60915.88296845478,4.7318467373522095,0.6745953091616039,0
2026-07-02 00:00:00,59999.6,60005.7,59555.0,59719.7,11009.328,29.241497505929093,29.624175526258057,30.44517603071687,21.26935390277771,59701.13975431552,59487.82415541197,58120.64895161519,59528.39500000002,60936.141048384845,4.72966236830281,0.5679472694025572,0
2026-07-02 01:00:00,59719.7,60298.0,59688.9,60150.0,8878.647,28.877921723282284,29.501951108468063,31.909170033652266,19.49445592615017,59743.88834914261,59513.79183559189,58159.46590113385,59579.775000000016,61000.08409886618,4.767755832801194,0.7007397546263683,0
2026-07-02 02:00:00,60150.0,60467.2,59978.3,60392.5,5419.48,28.79124173313318,29.016369619531137,32.090767995419334,18.182867454360224,59805.6608873195,59548.25097929417,58258.08403481661,59663.060000000005,61068.0359651834,4.7097013300470865,0.759591629350321,0
2026-07-02 03:00:00,60392.4,61102.5,60259.1,61032.9,12526.353,29.525759238583078,29.20184048093268,36.89444072298619,16.162653456395805,59922.54080281288,59606.47250951793,58315.90965915935,59777.485,61239.06034084065,4.8900529717523336,0.9294732419602555,0
2026-07-02 04:00:00,61032.9,61033.0,60703.1,60757.7,7263.034,30.20781120792941,29.499526470531293,35.244894026375526,15.440022862327737,60002.07977397356,59651.61868561527,58398.055169982355,59867.83,61337.60483001765,4.91006548932088,0.8027232409434143,0
2026-07-02 05:00:00,60757.7,60852.9,60450.0,60479.9,9042.359,30.16632667250122,29.84604295554215,33.28747344137093,18.071373596832295,60047.58646216655,59684.10030578722,58522.74229010163,59945.755000000005,61368.76770989838,4.747667987160632,0.6876810362565715,0
2026-07-02 06:00:00,60480.0,60623.5,60232.6,60247.6,8467.548,29.580385839213392,29.8940985235714,31.46179405319972,20.130498802015936,60066.63537053164,59706.198333011256,58740.83432889325,60026.55500000001,61312.27567110676,4.283839614339872,0.5859615175237535,0
2026-07-02 07:00:00,60247.6,60288.0,60080.9,60125.8,9344.837,28.66571511410927,29.416020893305244,30.50714369682624,21.742301515570453,60072.27009714767,59722.65330034415,59008.80157355955,60103.20000000001,61197.598426440476,3.6417309775202127,0.5103253072436781,0
2026-07-02 08:00:00,60125.8,60542.2,60113.5,60486.8,6198.207,28.240181419806937,28.910283629510165,32.33108416268616,20.364779242199884,60111.74913551456,59752.61983758556,59400.967281278216,60202.76000000001,61004.5527187218,2.6636410647013316,0.6771280739820175,0
2026-07-02 09:00:00,60486.7,61447.0,60342.5,61159.6,25607.036,29.02994710963699,28.847831111873127,39.74487671367434,17.32010665100555,60211.544455941745,59807.79553022926,59456.83642374295,60287.58500000001,61118.333576257064,2.75595241128686,1.0248368910416077,0
2026-07-02 10:00:00,61159.6,61330.0,61019.8,61238.5,9252.747,29.76330096447918,29.001741192143058,38.02540325693803,16.570790861984626,60309.34974585205,59863.90158786733,59520.826173255635,60373.320000000014,61225.813826744394,2.824074696387011,1.0074406247046117,0
2026-07-02 11:00:00,61238.4,61367.3,61100.0,61329.1,12681.094,30.48831295490362,29.759130032270306,37.096316492275676,15.931196587594203,60406.46881767567,59921.36034912744,59490.468986385815,60433.85000000002,61377.231013614226,3.122028510889858,0.9744901514236376,0
2026-07-02 12:00:00,61329.1,61591.1,61109.9,61507.4,18071.778,31.425869510829134,30.594585237654158,37.75160722023658,14.822069006265954,60511.319406468465,59983.557982495,59491.27629994428,60514.080000000016,61536.883700055754,3.38038254917116,0.9855868237208439,0
2026-07-02 13:00:00,61507.3,62077.3,61472.0,61913.5,25674.18,32.80370582421174,31.64600938955768,41.420610708570585,13.544657362858446,60644.86041537623,60059.24198318147,59417.85208607912,60601.430000000015,61785.00791392091,3.906105561934419,1.0542812114723508,0
2026-07-02 14:00:00,61913.6,62180.0,61368.8,61669.8,18344.228,33.78187240517398,32.60387095800156,36.8384967050998,13.453639925072471,60742.47370914993,60122.40112109593,59424.03707132613,60677.84500000001,61931.65292867389,4.132671253153038,0.8955769369911227,0
2026-07-02 15:00:00,61669.7,61844.4,61400.0,61584.0,7696.828,34.69016994463891,33.74693788442532,34.58153372890664,12.629383510675435,60822.61907018327,60179.71872419021,59483.562144576324,60757.045000000006,62030.52785542369,4.192050009751728,0.8246824236690925,0
2026-07-02 16:00:00,61584.0,61754.9,61113.8,61646.8,13879.115,34.669544488023114,34.225708446598546,31.57603505266343,15.411618154484515,60901.11249207058,60237.25132324157,59541.13903011139,60834.37000000001,62127.60096988863,4.251645804464208,0.8141086236397378,0
2026-07-02 17:00:00,61646.8,61900.0,61592.8,61643.0,6139.152,34.85252211644069,34.7713460305398,32.24809574311368,14.750091828251938,60971.76844520672,60292.37872233014,59533.99999974074,60876.525,62219.05000025926,4.4106492617942905,0.7854602334600781,0
2026-07-02 18:00:00,61643.0,61847.2,61633.7,61733.5,3075.802,35.02242991425701,34.84598720114006,31.244332038619586,14.29097613555818,61044.31430756798,60348.89328223876,59562.27074949718,60940.88500000001,62319.49925050284,4.524431341956497,0.7874680135182462,0
2026-07-02 19:00:00,61733.5,61739.7,61388.1,61452.5,5108.61,34.41492817582571,34.6337251461332,29.609781738250376,17.197662033448445,61083.18913541865,60392.17197705292,59691.81433012043,61013.53000000001,62335.245669879594,4.332533029574195,0.6660606778006878,0
2026-07-02 20:00:00,61452.4,61576.8,61308.3,61555.4,4121.371,33.6105114777597,34.31647069600835,28.388409043589323,17.714223100943247,61128.16159871212,60437.78876226654,59913.318374649396,61105.31500000001,62297.31162535062,3.901449899572937,0.6887945781170328,0
2026-07-02 21:00:00,61555.3,61634.3,61500.0,61570.6,1957.081,32.974527715624866,33.69472794572529,28.701980738032997,17.32918167132545,61170.298589310965,60482.21273237373,60056.9444132644,61176.34500000001,62295.74558673562,3.659586353959557,0.6761009439657855,0
2026-07-02 22:00:00,61570.5,61570.6,61388.0,61445.0,3574.01,32.02157506732535,32.81604327254253,27.81666169943958,18.686589698874428,61196.46062842421,60519.969095810055,60167.25354840665,61228.97,62290.686451593356,3.468019963730746,0.601736202578285,0
2026-07-02 23:00:00,61444.9,61588.2,61333.0,61540.6,2617.247,30.95670811872019,31.96561791717253,26.582564432478172,18.81370252854904,61229.23580666952,60559.99383715083,60188.109199413586,61254.355,62320.60080058642,3.481371408078388,0.6342303059212826,0
2026-07-03 00:00:00,61540.5,61558.8,61229.0,61283.9,3597.556,29.623868943832598,30.822722005578974,25.036684153009453,19.553452973619187,61234.441920320045,60588.38231412531,60240.36717771178,61280.665,62320.962822288224,3.3951910355027084,0.5015548432048453,0
2026-07-03 01:00:00,61283.9,61727.2,61261.0,61566.5,4451.238,28.805434403245044,29.881071260982615,25.938228206165995,17.963190675310795,61266.06649933718,60626.739870434125,60359.29174598284,61334.995,62310.69825401717,3.181554849779197,0.6186349430766195,0
2026-07-03 02:00:00,61566.6,61647.0,61271.0,61411.8,3999.381,28.04545947269946,28.834664208266027,24.22686283023328,16.778006308874524,61279.945880352694,60657.52654218181,60562.51878658196,61393.205,62223.89121341804,2.7061177647201866,0.5111925536379663,0
2026-07-03 03:00:00,61411.9,61558.0,61300.0,61407.6,3005.736,27.339768465764273,28.07260143450466,23.100593849316706,15.998023023390008,61292.103415557205,60686.941187586446,60878.834384132235,61457.295000000006,62035.755615867776,1.8824799102133298,0.45704547670418527,0
2026-07-03 04:00:00,61407.5,61504.6,61300.4,61420.5,2696.433,26.684483959324456,27.364971716011958,22.22012858754159,15.388267983279212,61304.33166169461,60715.708199837965,61146.994730652455,61503.98,61860.96526934755,1.1608525801014755,0.3830764079529425,0
2026-07-03 05:00:00,61420.5,61788.0,61403.1,61674.8,4765.665,26.84493488636582,27.092351676065046,25.911977772158657,14.283194192284485,61339.61436058084,60753.31964298158,61204.44074408394,61529.740000000005,61855.03925591607,1.0573724378359568,0.7229639283857254,0
2026-07-03 06:00:00,61674.7,61825.1,61584.0,61680.5,3450.463,27.08635468286228,26.885419321093366,25.425706714912472,13.623236903645681,61372.079659573144,60789.679656982305,61250.69035437939,61551.840000000004,61852.98964562062,0.9785236172326125,0.7136147292068885,0
2026-07-03 07:00:00,61680.6,61849.7,61634.1,61733.6,3348.266,27.374498762801725,27.10971682458377,24.82862452288023,13.04287352377002,61406.510168185225,60826.69614102222,61279.69704671162,61572.065,61864.432953288386,0.9496772709779456,0.7762529172283508,0
2026-07-03 08:00:00,61733.7,61875.3,61525.9,61553.5,4222.917,27.105300160609794,27.095827421736036,23.110377649831303,14.283325427458887,61420.509199786626,60855.198253139,61283.42519350601,61574.37,61865.314806493996,0.9450191905950264,0.4641340908409831,0
2026-07-03 09:00:00,61553.6,61760.7,61480.7,61686.8,3311.924,26.633413504817323,27.003956133809524,21.807910519586706,14.388125918980643,61445.87022837838,60887.81008634924,61312.92181066673,61563.03500000001,61813.14818933329,0.8125434015177404,0.7474179796953329,0
2026-07-03 10:00:00,61686.9,62017.7,61640.2,61886.6,5642.212,26.952646183709533,27.028973172159663,25.307838860212772,13.299824378648202,61487.844492342345,60926.97831825711,61288.03760878729,61573.875000000015,61859.71239121274,0.9284372348263872,1.0470330502828535,0
2026-07-03 11:00:00,61886.5,62078.6,61808.1,61992.8,5889.006,27.411068919475735,27.02224121214653,25.153751987992067,12.566343274748434,61535.93549307164,60968.775246952915,61252.45350587899,61594.31500000001,61936.17649412103,1.1100423606335033,1.0828164429933291,0
2026-07-03 12:00:00,61992.8,62149.3,61841.0,61952.5,8242.179,28.02486519184753,27.488755687778532,25.01290650232352,11.76963907343154,61575.60830325529,61007.35268824888,61232.35282986725,61609.600000000006,61986.84717013276,1.2246376218405968,0.9544765702010815,0
2026-07-03 13:00:00,61952.6,62271.9,61910.5,62083.8,5936.24,28.90904454103858,28.160056730257157,25.673238115953367,10.897446767335499,61624.00751246908,61049.56630831755,61198.77120304976,61631.64000000001,62064.50879695026,1.4046966686275093,1.0222829679404721,0
2026-07-03 14:00:00,62083.9,62257.0,61653.0,62142.9,8788.007,28.38056224826637,28.20271372005695,22.6519743560976,14.632067844471603,61673.42584461488,61092.44213936392,61163.79085543152,61652.11,62140.42914456848,1.584111702157408,1.0025299596165798,0
2026-07-03 15:00:00,62142.9,62386.7,61778.1,61895.2,13581.616,28.271211476425517,28.590128008732048,22.500147637807622,12.975153053905768,61694.5471927468,61123.92283978102,61183.893145764625,61674.245,62164.59685423538,1.5901349233715878,0.7253025027758252,0
2026-07-03 16:00:00,61895.2,62103.5,61877.6,62081.9,4059.255,28.16967147400187,28.27511686113412,21.52578111378665,12.413265417287302,61731.43793629472,61161.49057155432,61181.3982259675,61700.57000000001,62219.74177403251,1.682875130756503,0.8672483935693704,0
2026-07-03 17:00:00,62081.9,62266.8,62036.0,62171.5,4094.585,28.547503055908653,28.409357266167085,23.76470457782417,11.848702884116722,61773.34860902856,61201.09878443454,61174.85271732262,61730.615,62286.37728267738,1.8006050407156333,0.8966489034448704,0
2026-07-03 18:00:00,62171.5,62223.7,62087.4,62180.2,2583.154,28.898346667679238,28.534009070840554,23.096638345928582,11.515615710122196,61812.09636054965,61239.49491053515,61194.17246621156,61767.375,62340.57753378844,1.856004189229154,0.8601039559887603,0
2026-07-03 19:00:00,62180.3,62292.4,62120.1,62178.4,3755.875,29.424819988931887,28.986161522420268,23.714983361498177,11.091154544517247,61846.98242144969,61276.31471796514,61208.48662931622,61799.265,62390.04337068378,1.911926851181094,0.8208775226157847,0
2026-07-03 20:00:00,62178.4,62898.0,62151.2,62759.3,21132.14,31.216290711344893,30.057318689512066,32.13768414561153,9.463039252030859,61933.86980988305,61334.47100353514,61191.69475645185,61873.035,62554.37524354816,2.2023818406456215,1.1503835700241896,0
2026-07-03 21:00:00,62759.3,62957.2,62488.8,62706.8,7035.75,32.97482730715492,31.199823648043402,30.37871610591519,8.609392545399936,62007.48220894181,61388.287826925916,61170.375184524535,61930.05000000001,62689.724815475485,2.4533318331746057,1.011238482688037,0
2026-07-03 22:00:00,62706.9,62726.0,62513.0,62549.3,2682.334,34.60775414612137,32.91202242873313,29.093458225851986,8.245147737523475,62059.083903328305,61433.81771606608,61220.32692957232,61986.92500000001,62753.5230704277,2.473418613450136,0.8667991230960453,0
2026-07-03 23:00:00,62549.3,62688.0,62507.1,62565.5,2226.562,36.08654660532179,34.530686956238355,28.009602557701065,8.059484456768864,62107.314007773224,61478.19741347525,61287.60351673332,62044.820000000014,62802.03648326671,2.4408693046952075,0.8438118500496237,0
2026-07-04 00:00:00,62565.5,62925.7,62560.5,62735.1,5338.885,37.86675998769691,36.23725706690914,30.7876920975402,7.455623488307855,62167.103149890056,61527.487710986024,61353.29148611817,62110.55000000001,62867.80851388185,2.4384215367013797,0.9123756871338665,0
2026-07-04 01:00:00,62735.0,62735.1,62381.6,62450.0,5177.732,38.44249196279055,37.26451928405617,28.557257336679765,10.581840762726616,62194.045707043384,61563.66466349638,61406.7477703879,62149.310000000005,62891.87222961211,2.3896073169987155,0.7024678794645041,0
2026-07-04 02:00:00,62450.0,62556.5,62404.0,62514.0,1900.751,38.977100225377505,38.421930106537204,27.627397529405457,10.23728286992092,62224.517544467824,61600.93271590829,61465.85364703214,62190.985,62916.11635296786,2.3319500502134165,0.7227286123251636,0
2026-07-04 03:00:00,62514.1,62734.7,62460.0,62609.6,2757.48,39.850675036020824,39.146583499405686,29.840099422708793,9.629065760807988,62261.19206404232,61640.488295676594,61520.2307104312,62234.785,62949.33928956881,2.296318014334925,0.7622718843561738,0
2026-07-04 04:00:00,62609.6,62735.2,62568.8,62661.5,1944.821,40.66287969075938,39.81998995806845,28.7379408589433,9.269793780562365,62299.31662937162,61680.52797035594,61628.15535437338,62290.185000000005,62952.21464562663,2.125630693267719,0.7804368372722487,0
2026-07-04 05:00:00,62661.6,62661.6,62395.7,62445.6,2620.858,40.3468624547673,40.09876874539406,27.00406485520165,12.638235119229302,62313.24837895527,61710.53079504787,61727.57491224794,62328.125,62928.67508775206,1.9270596949677559,0.5978061633790807,0
2026-07-04 06:00:00,62445.7,62538.6,62302.6,62473.2,2993.905,39.52526757135387,40.09407363105663,25.531683880607787,14.100084842110519,62328.48186667382,61740.439391320506,61791.39114094295,62357.45500000001,62923.51885905707,1.815545099000784,0.6022366983407087,0
2026-07-04 07:00:00,62473.1,62612.6,62441.8,62549.0,2131.436,38.98799529106398,39.667428872915636,26.257032544070118,13.52530863073548,62349.48359365726,61772.14765048441,61840.378206249006,62385.265,62930.15179375099,1.7468445273126374,0.6502468052793601,0
2026-07-04 08:00:00,62549.1,62654.1,62485.1,62528.0,2712.962,38.61592301718659,39.070595294270234,26.18622939888983,12.962265711853366,62366.4851561661,61801.78891909287,61905.8315040334,62414.04,62922.2484959666,1.6285069704399928,0.6121193377368175,0
2026-07-04 09:00:00,62527.9,62559.3,62386.1,62466.0,1929.56,37.66970458825424,38.32884993965911,25.03594767749128,14.9037098683726,62375.96276034076,61827.83641246178,61949.05606609223,62433.15000000001,62917.24393390779,1.5507592806314634,0.533929365458904,0
2026-07-04 10:00:00,62466.0,62518.8,62418.3,62483.9,1203.457,36.79107318995992,37.70349810357325,24.367083915862782,14.50554034137116,62386.24249745117,61853.564396286805,61985.51801479655,62450.200000000004,62914.88198520346,1.4881681250130607,0.5362613583838871,0
2026-07-04 11:00:00,62483.8,62545.4,62430.1,62458.7,1559.204,36.077623956809944,36.873664272532096,24.32564564237532,14.042038235288056,62393.14321197963,61877.295204275564,62093.98620627544,62478.375,62862.76379372456,1.230469882497936,0.4744074224831573,0
2026-07-04 12:00:00,62458.6,62671.5,62458.6,62634.1,1790.061,35.88217256296667,36.336622876463295,26.41095554622311,13.203109512683367,62416.091477505375,61906.97382371574,62164.58027166356,62505.985,62847.38972833644,1.0923905233600961,0.6876292115581736,0
2026-07-04 13:00:00,62634.0,62755.5,62509.4,62563.0,2399.918,35.98742154899139,36.03252275290067,26.945474039990245,12.289129558113316,62430.08276536201,61932.70034043277,62222.122317845126,62525.56,62828.99768215487,0.9706036448290017,0.561693062862399,0
2026-07-04 14:00:00,62562.9,62719.3,62562.4,62671.9,1875.0,36.08515275030006,35.98366265663337,25.722896726289417,11.731543858170474,62453.11297818467,61961.688562376585,62287.60399587638,62550.145000000004,62812.68600412363,0.8394576994941405,0.7318780649263186,0
2026-07-04 15:00:00,62671.8,63069.6,62666.7,62908.8,9460.185,37.18521954663501,36.5863205478132,32.54817383374748,10.423658477943794,62496.51174216709,61998.83018738143,62339.077990086735,62586.66500000001,62834.25200991328,0.7911813480180594,1.1505490738646476,0
2026-07-04 16:00:00,62908.7,62943.0,62752.9,62895.2,2956.899,38.20671014323175,37.14593144676591,30.803234351303573,9.864835936237432,62534.48205243689,62033.98194473902,62319.833528512245,62593.46000000001,62867.08647148777,0.8742973195211179,1.0513720919605662,0
2026-07-04 17:00:00,62895.2,63420.0,62769.8,63245.6,10022.122,40.06541966091719,38.625319603776106,37.82146658178558,8.238058481426247,62602.20757125243,62081.496378278665,62222.097094895595,62620.40000000001,63018.70290510442,1.272118686895689,1.2848298267321139,0
2026-07-04 18:00:00,63245.5,63324.8,63070.0,63137.5,3957.615,41.791364213053676,39.999037178142714,35.36056303842427,7.7020383547735465,62653.18780256172,62122.90828501283,62191.29914768756,62649.810000000005,63108.32085231245,1.463726234165574,1.0318194733454944,0
2026-07-04 19:00:00,63137.5,63450.0,63090.0,63268.1,4202.383,43.58319483813218,41.824307249524686,35.308063672057365,7.008211381678739,62711.75086898441,62167.81776403193,62152.004738202464,62684.94,63217.87526179754,1.7003614003540188,1.0471208623286201,0
2026-07-04 20:00:00,63268.0,63367.0,63128.4,63208.9,2485.99,45.24703756141936,43.51920088723652,33.17497583422778,6.584819982987326,62759.09840527161,62208.644518383626,62126.45825792797,62708.630000000005,63290.80174207204,1.8567515892853594,0.9296584356872593,0
2026-07-04 21:00:00,63208.8,63430.0,63172.8,63274.7,2460.986,46.890023318759376,45.23660907844578,32.606092596155705,6.1532747218381605,62808.20331905526,62250.45061570192,62129.266313582644,62749.865000000005,63370.463686417366,1.9780080368853732,0.9228457225955464,0
2026-07-04 22:00:00,63274.6,63286.4,63129.4,63167.7,1955.701,48.057399875747855,46.65221871858361,31.25937627037307,7.040869090776324,62842.44109819286,62286.42117979204,62145.61398404154,62782.55,63419.486015958464,2.0290224463914295,0.8023459110099312,0
2026-07-04 23:00:00,63167.7,63215.8,62902.7,63114.8,3811.613,47.46697098909449,47.17849715392693,28.712453528648613,12.366546267630302,62868.38004122211,62318.90662372177,62159.77936751759,62807.810000000005,63455.84063248242,2.0635351956465677,0.7368638028915475,0
2026-07-05 00:00:00,63114.9,63114.9,62824.4,62962.5,3551.601,46.41238859286244,47.234894234305145,26.550916256821512,13.464686680104679,62877.343846820004,62344.14557965425,62175.15556642931,62822.86,63470.56443357069,2.0620023780219134,0.6077960816403455,0
2026-07-05 01:00:00,62962.6,63022.6,62762.3,62859.8,4010.604,45.03964529139493,46.25330814024471,24.752754825689358,14.168512303496106,62875.673004265715,62364.3673216286,62220.64206093553,62843.57,63466.49793906447,1.982471521157927,0.5130271890071088,0
2026-07-05 02:00:00,62859.8,62902.6,62549.6,62673.8,4562.372,42.55852231396559,44.48545545341402,22.52485159038294,18.316581522292022,62856.44700385946,62376.501936466695,62249.60937964433,62853.600000000006,63457.59062035568,1.9218966625799467,0.3511566289770168,0
2026-07-05 03:00:00,62673.7,62766.0,62626.5,62739.1,2361.782,40.25462240635263,42.64713384887378,21.69386520795474,17.64084655655492,62845.27109872999,62390.721468369964,62273.48525286252,62863.105,63452.72474713749,1.8758848998549578,0.3948432438007457,0
2026-07-05 04:00:00,62739.1,62928.0,62680.0,62787.3,2921.002,38.787889829361404,40.6732060716635,24.572103975539964,16.47705871766755,62839.75004170809,62406.27356764957,62306.410160221414,62876.07,63445.729839778585,1.8120084152161087,0.42208508148081864,0
2026-07-05 05:00:00,62787.0,62788.4,62628.0,62716.4,2140.339,37.1264595016478,38.69054095400021,23.492603334461034,17.177417331770826,62828.00241868827,62418.435388526064,62346.54015222066,62888.590000000004,63430.63984777935,1.7238416309837583,0.34116774434544556,0
2026-07-05 06:00:00,62716.4,62800.0,62644.3,62749.9,1389.733,35.63404025543522,37.210965042398314,22.788206015937636,16.4231821243746,62820.56409309891,62431.43400074073,62389.40199284511,62901.89000000001,63414.378007154904,1.6294836519376372,0.3517136031691891,0
2026-07-05 07:00:00,62749.8,63039.3,62690.5,62995.1,3714.195,35.18379738440953,36.155128443028666,27.176886375477324,14.850101757641335,62837.18656042282,62453.5385497313,62459.56895331136,62928.71,63397.85104668864,1.491023879843198,0.5707569722033528,0
2026-07-05 08:00:00,62995.1,63084.0,62868.0,62893.3,2742.219,34.919648580096734,35.27684441776597,26.787660134707185,13.95845485302207,62842.53069752541,62470.78409680066,62492.91901712033,62941.67,63390.42098287967,1.4259265217451915,0.4461059676241805,0
2026-07-05 09:00:00,62893.4,62908.7,62410.1,62600.3,6542.351,32.54062442215054,33.86221090328004,23.308593471907194,24.073005724672612,62819.4611072849,62475.86315182808,62501.145363327225,62943.534999999996,63385.92463667277,1.4056714058807511,0.11206708798438822,0
2026-07-05 10:00:00,62600.2,62737.9,62507.2,62737.6,2252.572,30.331530561200516,32.62558957064863,21.89185239760161,22.609802205625332,62811.664811353,62486.127341952466,62512.012448615795,62946.82,63381.627551384205,1.3815076008103506,0.25941080216528944,0
2026-07-05 11:00:00,62737.6,62799.9,62582.3,62630.0,1774.562,28.325758423288782,30.433191422719663,22.275690622260544,21.295035304985205,62794.363400747956,62491.76940697394,62475.641941074224,62932.88,63390.11805892577,1.4530975188987814,0.16879397494646678,0
2026-07-05 12:00:00,62630.0,62752.0,62534.3,62718.2,2260.963,26.366167764770307,28.34884916298541,20.962353383643315,21.339469568368433,62787.10974353386,62500.649038072996,62456.97476332112,62924.030000000006,63391.08523667889,1.4845051617923497,0.2796513304683015,0
2026-07-05 13:00:00,62718.3,62797.9,62617.5,62769.9,2043.696,24.640257551873002,26.48300798758089,21.186340777868107,20.272819367891927,62785.470720340156,62511.20789932504,62454.16214493509,62900.24500000001,63346.32785506493,1.418381931787123,0.3539004598360546,0
2026-07-05 14:00:00,62769.9,62793.6,62621.5,62785.3,1709.374,23.037626639896935,24.70189720233362,20.15149713314743,19.282596539731404,62785.45446126014,62521.95660915543,62448.336469270966,62882.63500000001,63316.93353072905,1.3812987662779832,0.3879399846959957,3
2026-07-05 15:00:00,62785.2,62923.7,62646.9,62711.9,4065.907,22.189351342412262,23.414804447142632,22.245904232485806,17.778474179556046,62778.44927447346,62529.40536958071,62454.55626987018,62854.82500000001,63255.09373012984,1.2736292882203657,0.3214636952108999,3
2026-07-05 16:00:00,62711.9,62745.6,62570.0,62612.0,3034.915,20.964192580506808,22.000909610201873,21.120361200916143,19.09467793275555,62762.596962618845,62532.64437469519,62447.50865929105,62824.98,63202.451340708954,1.2016600425784494,0.21788586704358415,3
2026-07-05 17:00:00,62612.0,62800.0,62564.4,62601.3,2087.571,20.099789668638756,21.144570505525508,21.25454129698004,17.79385678434716,62747.23534713133,62535.336752158124,62466.247026985446,62791.310000000005,63116.372973014564,1.03537566906809,0.20773355353596104,3
2026-07-05 18:00:00,62601.4,62865.0,62587.8,62787.6,1904.702,19.617938354715267,20.291065467611038,21.428895714902435,16.37995099516564,62751.07959978549,62545.22942854408,62499.68275141218,62772.30500000001,63044.92724858783,0.8686067799735067,0.5280516356959468,3
2026-07-05 19:00:00,62787.6,62848.5,62691.2,62744.0,1276.56,19.170504991786316,19.635147330212536,20.436516995389113,15.621390451004277,62750.40535218687,62553.02435291491,62533.88108540237,62753.765,62973.64891459763,0.7007831788184528,0.4777951015246646,3
2026-07-05 20:00:00,62744.1,62815.1,62667.5,62704.7,862.24,18.589746546433783,19.103842450574525,19.5228997397088,15.640860436774435,62746.05246150241,62558.972417506484,62543.43268196403,62740.875,62938.31731803597,0.6293897496200797,0.408390966131658,3
2026-07-05 21:00:00,62704.8,63224.7,62580.0,63070.4,6287.574,19.80001936051909,19.485262176152702,27.16972973834092,12.923260583542168,62776.94270326408,62579.028401133684,62509.745200185986,62751.405,62993.06479981401,0.7702131922433075,1.1600084090227425,3
2026-07-05 22:00:00,63070.4,63979.3,62976.3,63717.1,20592.411,22.550602414627456,20.570174480530618,38.00689209799579,10.009441094002415,62866.48149342941,62623.65865991276,62311.631197212286,62803.57000000001,63295.50880278773,1.5665950288740629,1.4284996373768397,3
2026-07-05 23:00:00,63717.1,63990.7,63542.8,63617.1,8537.899,25.121733854198066,22.46087660735858,34.537879901401524,9.03027507180661,62937.96897024565,62662.61714383775,62237.267537996166,62847.47000000001,63457.67246200385,1.9418521127543964,1.1306349514492318,3
2026-07-06 00:00:00,63617.2,63760.0,63308.3,63728.4,7726.289,26.23663731435075,24.393619864489104,31.220880693458774,13.148899568655537,63013.24811593654,62704.41254996176,62169.51578227004,62894.525,63619.53421772996,2.3054764074614105,1.0750788952800523,0
2026-07-06 01:00:00,63728.3,63900.0,63520.0,63544.2,4911.735,27.557160257252587,26.339447055725326,31.670831859519517,12.096395328703265,63063.814962037824,62737.34539113973,62160.92859122023,62935.91500000001,63710.901408779784,2.462779507630185,0.8924488178816838,0
2026-07-06 02:00:00,63544.1,63644.1,63340.4,63425.1,5031.491,27.903020658362294,27.069828986356523,29.629539428726737,15.128341456443113,63098.22306089137,62764.31616011464,62170.362885541785,62969.675,63768.98711445822,2.5387207872939417,0.7848855858444528,0
2026-07-06 03:00:00,63425.1,63478.4,63101.2,63273.0,6110.788,27.1947735885232,27.375966922887894,27.277912313810635,18.9607113601835,63114.86848366362,62784.2645459925,62172.81693589772,62983.57,63794.32306410228,2.574490661937017,0.6784945458827687,0
2026-07-06 04:00:00,63272.9,63368.3,63154.6,63242.9,2765.979,26.537115595101188,27.22006812673174,26.018014752125662,18.084964208580068,63127.061961409934,62802.25025007123,62183.445683138096,63001.05,63818.65431686191,2.595526001112385,0.6479016163516947,0
2026-07-06 05:00:00,63242.8,63242.8,62912.6,63086.0,6116.52,24.971969437808724,26.083371513165964,24.160553667170124,22.024464526538353,63123.15129841851,62813.37769124491,62229.28083554844,63025.335,63821.38916445156,2.526140208383062,0.5381035629917191,0
2026-07-06 06:00:00,63086.0,63125.6,62940.0,62962.6,3366.096,23.518619434608578,25.027867514854883,23.160004821619893,21.11237646516939,63107.86069856913,62819.22954649021,62251.366477881784,63036.585,63821.803522118214,2.4913104734915934,0.4528889105924184,3
2026-07-06 07:00:00,62962.6,63102.7,62858.4,63064.5,4208.151,21.852136214268974,23.41205282603885,21.875824468803152,21.793789199961886,63103.73110822921,62828.84799564746,62296.77042670914,63058.31,63819.849573290856,2.4153504059682485,0.5040641354810055,3
2026-07-06 08:00:00,63064.5,63226.4,62807.1,62876.1,5227.929,20.766345411902964,22.14248242325577,22.58471752817744,19.767822565388922,63082.05195506452,62830.70101542599,62316.326970687296,63066.205,63816.08302931271,2.378066126898568,0.3732427191031038,3
2026-07-06 09:00:00,62876.0,62893.9,62610.0,62646.6,5981.406,19.569766540535205,20.71095137740209,21.151024526851547,22.920147684712063,63040.580340296474,62823.48136776223,62297.97665299667,63060.04,63822.10334700333,2.4169453333785644,0.2287364615909045,3
2026-07-06 10:00:00,62646.5,63019.3,62641.5,62797.6,5488.25,18.36161097150258,19.563978191702773,22.155121180865475,21.00886333981724,63017.43935550633,62822.46641216371,62299.505908923944,63060.655000000006,63821.80409107607,2.4140221539914615,0.327198768885004,3
2026-07-06 11:00:00,62797.7,62979.4,62461.4,62461.4,10912.522,17.52200249597988,18.545884518257544,19.72624785195193,22.517319332642764,62964.483226410484,62808.306945020035,62255.23501099909,63048.130000000005,63841.02498900092,2.51520541212219,0.130007751253852,3
2026-07-06 12:00:00,62461.2,62467.2,61652.0,61733.6,34860.28,18.770079121000744,18.56584504625166,16.635367281083152,34.546500382348356,62847.25625246663,62766.1615746271,62032.45714881133,63004.21000000001,63975.962851188684,3.084723548438041,-0.1537722006401932,3
2026-07-06 13:00:00,61733.6,62023.8,61297.0,61751.7,25787.251,20.511949077785705,19.016975786882792,14.459961376449725,36.416216014221575,62742.91756175552,62726.37876777897,61851.415114173426,62961.73,64072.04488582658,3.526951644519862,-0.04490397969365024,3
2026-07-06 14:00:00,61751.7,62397.3,61679.4,62019.7,16281.511,20.85597070108279,19.813024911041765,19.047524094454868,31.96915772862086,62674.03969873118,62698.6658749249,61737.150343609384,62923.33500000001,64109.51965639063,3.770253615421439,0.11910019863617521,3
2026-07-06 15:00:00,62019.7,63531.1,62019.7,63523.1,28807.014,20.147174412356023,20.329561745070862,31.18361049023556,25.03709992316069,62754.90258456631,62730.99662492785,61750.017765677556,62962.29000000001,64174.56223432246,3.850788255390495,0.7313053059049196,3
2026-07-06 16:00:00,63523.0,63850.0,63356.8,63710.4,21207.184,20.00163116554044,20.428800933311614,33.55387287713821,23.264339522522263,62845.90233841714,62769.40460042088,61762.44968438532,63012.575,64262.700315614675,3.9678597981900525,0.779102019327114,3
2026-07-06 17:00:00,63710.4,63977.9,63539.9,63565.2,11369.867,20.063208278691107,20.105191345523565,33.27779603935304,21.78885024007949,62914.40687761551,62800.61226314947,61763.02076763629,63037.315,64311.60923236371,4.0429838496887465,0.7071283800056175,3
2026-07-06 18:00:00,63565.2,63867.5,63532.8,63675.7,4653.007,20.10306410268283,20.052347634111634,31.627085985515695,20.813262238762956,62986.910984509275,62834.92942930048,61765.4738171719,63035.245,64305.016182828105,4.028765757404774,0.7521930756742875,3
2026-07-06 19:00:00,63675.8,63874.4,63628.0,63709.8,3459.098,20.15195520946087,20.107581744075986,30.536324629308712,20.025719652818026,63055.757557413155,62869.238079131836,61760.52538375434,63039.880000000005,64319.23461624567,4.0588738945748695,0.7618195109835598,3
2026-07-06 20:00:00,63709.9,63868.0,63560.0,63798.0,3993.392,20.009637445737507,20.056350774210166,29.056300143431365,20.125185121436203,63126.447313849996,62905.66011524431,61755.76754665984,63043.36000000001,64330.95245334018,4.084783721363107,0.7930430347127171,3
2026-07-06 21:00:00,63798.1,64691.9,63781.7,64475.9,17905.498,21.17010083404865,20.66102802175476,37.2698694647093,17.435736609087424,63254.966617292856,62967.23814994061,61665.87189797942,63089.94500000001,64514.01810202059,4.514421757763731,0.9866165220147385,3
2026-07-06 22:00:00,64475.9,64488.8,64129.4,64227.2,3777.611,22.24767398033757,21.12865571303754,35.265842594778654,16.498204893428188,63347.560272788774,63016.648418570396,61623.44861102317,63130.05,64636.65138897684,4.77300869863666,0.8641142269041352,3
2026-07-06 23:00:00,64227.2,64330.5,64002.0,64023.6,2844.93,22.877056730902748,22.0235787824757,33.49311039222564,17.61837693731563,63411.94500871365,63056.13671588136,61609.47023614693,63167.58,64725.68976385307,4.9332577371274,0.7746982336735808,3
2026-07-07 00:00:00,64023.5,64298.1,63981.6,64175.2,4516.091,23.4003131309575,22.823993555647533,31.832809274711057,17.06452141950902,63484.635960264735,63100.02155055269,61592.125531079604,63214.19500000001,64836.26446892041,5.1319785656383115,0.7962280649544572,3
2026-07-07 01:00:00,64175.1,64175.2,63738.9,63815.0,6656.918,23.167735331325282,23.022396031114013,29.650765441053483,19.707854506954952,63516.09920214428,63128.05992111925,61608.071274376416,63250.645000000004,64893.21872562359,5.193856048815274,0.6717898536900508,2
2026-07-07 02:00:00,63815.0,63884.1,63257.0,63298.2,12011.75,21.735135339340356,22.56772423514893,26.806531002115044,25.188782387641766,63495.34689717816,63134.73208107536,61630.39364978626,63267.425,64904.456350213746,5.174958045830831,0.509399636725337,2
2026-07-07 03:00:00,63298.2,63412.8,63122.0,63165.0,6438.175,20.262477506857085,21.715106419091185,25.581094296036547,26.159515866397978,63463.8852879231,63135.91905828809,61637.425608743506,63272.450000000004,64907.4743912565,5.168203195092013,0.4671411629775657,2
2026-07-07 04:00:00,63164.9,63266.7,63030.7,63069.0,5517.363,19.099882938148316,20.417509138744336,24.598310837802803,26.6407796600761,63426.27716526375,63133.29478149248,61654.656866677215,63282.095,64909.53313332279,5.14343949366021,0.43453053740208264,2
2026-07-07 05:00:00,63069.0,63232.7,62745.6,63092.5,10146.888,18.629854412819,19.44616595983804,22.66301560330176,29.149700031369612,63394.48886381007,63131.69498613983,61701.57755747954,63304.39,64907.20244252046,5.0638271453858374,0.4339005630419247,2
2026-07-07 06:00:00,63092.4,63373.3,62954.4,63310.0,6420.153,17.831133979663587,18.46550845890595,23.40337628487725,27.169961315533076,63386.442305351964,63138.68733962455,61745.0242369547,63330.009999999995,64914.99576304529,5.0054808551121255,0.49368764046134117,2
2026-07-07 07:00:00,63309.9,63424.2,63050.0,63062.6,5308.971,16.956924662159345,17.793389537489173,22.80229001392767,25.50365688376442,63355.60018103273,63135.70352238437,61822.34734469599,63360.07,64897.79265530401,4.853917160457711,0.40327579587451967,2
2026-07-07 08:00:00,63062.7,63165.7,62958.4,63074.0,3246.141,16.36354423075283,17.097339105208206,21.997435141564925,26.163130788855423,63328.78111617247,63133.28377640852,62083.22245812362,63427.09,64770.95754187637,4.237519147974073,0.36862916582277344,3
2026-07-07 09:00:00,63074.0,63317.4,63030.0,63226.9,3984.997,15.388776447403941,16.172850554781643,23.538645315436295,24.853356940825496,63319.07815272747,63136.95500086309,62405.14177049085,63500.85,64596.558229509144,3.451003347228095,0.37498953068796387,3
2026-07-07 10:00:00,63227.0,63432.8,63185.4,63258.6,4429.345,14.409676688430988,15.386610459591909,24.563438312038333,23.751087621993616,63313.318328658184,63141.7253929861,62705.51968716083,63562.795,64420.07031283917,2.6974122608647733,0.32258033361969196,3
2026-07-07 11:00:00,63258.6,63427.8,63080.0,63377.7,4669.388,13.553842289979867,14.471309368691905,23.01788949003195,24.163450108367982,63319.44991640502,63150.97929914352,62694.37497608564,63555.525,64416.675023914366,2.7099139655108324,0.3967514398991134,3
2026-07-07 12:00:00,63377.8,63868.0,63365.7,63451.9,11307.971,13.53762612064179,13.973651404536389,28.777914972911457,22.0095614764714,63332.06421008073,63162.780110941814,62683.480163984634,63542.600000000006,64401.71983601538,2.7040751748130294,0.4472134176178063,3
2026-07-07 13:00:00,63451.8,63455.4,62960.3,63033.2,13510.125,12.690152345464488,13.121997317722178,26.290346511437235,27.184985211284367,63303.6009519778,63157.698537963704,62627.38912192395,63516.00000000001,64404.61087807606,2.798069393778119,0.22834003504136266,3
2026-07-07 14:00:00,63033.3,63617.8,62638.0,63536.5,19586.851,12.618100856744435,13.077863488693112,22.20049478961843,28.07317963133643,63325.7818136942,63172.55349725924,62623.52064979783,63509.04,64394.55935020217,2.788640326486346,0.5155050253807157,3
2026-07-07 15:00:00,63536.5,64096.0,63349.4,63910.0,15827.862,11.998345235981912,12.3442487907232,26.938148757184386,24.89512863920559,63381.42164096142,63201.472967954964,62619.559289124736,63519.05,64418.54071087527,2.8321919514705174,0.7173174193314212,3
2026-07-07 16:00:00,63910.0,64234.1,63780.3,63962.4,8485.483,11.708922133922242,12.163511495333339,27.17918253087083,23.17761869673864,63436.752913250806,63231.313243721444,62614.144475451234,63527.270000000004,64440.395524548774,2.874751345520656,0.7382640657290909,3
2026-07-07 17:00:00,63962.4,64211.0,63868.2,64164.7,4437.323,11.44017211058112,11.719258673281516,25.734848934450763,21.945932889754182,63506.08120722692,63267.916645928446,62657.973023615814,63511.71000000001,64365.4469763842,2.688439585028312,0.8824304311882919,3
2026-07-07 18:00:00,64164.6,64168.8,63646.5,63653.8,6767.564,10.635213006143728,11.172067570032985,23.67085260673604,23.59015696209023,63520.1496636815,63283.04932648027,62694.44475754379,63483.040000000015,64271.63524245624,2.4844281006587816,0.6082684695561461,3
2026-07-07 19:00:00,63653.6,63873.2,63351.4,63794.9,8996.679,10.53301905854728,10.9865955845642,21.790564056164587,26.20865069285687,63546.31636237849,63303.12190191242,62709.83724570922,63471.60500000001,64233.3727542908,2.4003418671728602,0.7122005021733822,3
2026-07-07 20:00:00,63794.9,63874.6,63588.5,63668.3,2860.895,10.434396557768947,10.534804781956337,20.83621594778133,25.034437632052235,63557.93385167578,63317.44261164134,62752.350609886445,63446.26000000001,64140.16939011357,2.187392574798148,0.6599920704082524,3
2026-07-07 21:00:00,63668.4,63839.9,63264.0,63399.5,5782.613,11.03447002490661,10.783744541726946,18.991709387241343,27.806316500533697,63542.844913420944,63320.660548439715,62753.52651984203,63425.48500000001,64097.443480157985,2.1188911055484296,0.48066472797999454,3
2026-07-07 22:00:00,63399.5,63635.4,63177.0,63514.9,3966.559,11.764768521696546,11.099582539732747,17.65220961483671,27.18372318582206,63540.18349309514,63328.27778183424,62766.01691505426,63436.32000000001,64106.62308494576,2.1133101193314805,0.5586152755110431,3
2026-07-07 23:00:00,63514.9,63679.5,63288.0,63335.4,2329.733,12.304005249172693,11.669237637039652,17.263068076993402,25.527715385673407,63520.68030327655,63328.55708450741,62784.80442392264,63444.840000000004,64104.87557607737,2.0806595968320427,0.4170953779109824,3
2026-07-08 00:00:00,63335.4,63740.2,63274.1,63585.9,3564.601,12.606843328672156,12.18580592518435,16.955882225138517,23.678294030490893,63526.8917029645,63338.64896354634,62832.495784448955,63470.685,64108.87421555104,2.0109731462675824,0.5902671160782007,3
2026-07-08 01:00:00,63585.9,63624.0,62883.6,63003.7,8120.007,13.71410441585817,13.009054832515432,15.086169467307299,26.883101344619657,63477.06392172979,63325.51371007393,62815.85842191668,63466.244999999995,64116.63157808331,2.049551153005239,0.14440763725235883,3
2026-07-08 02:00:00,63003.7,63037.1,62466.9,62951.3,13015.007,15.44768161843677,14.027262473554462,13.82209179797434,30.753930799264417,63426.99116727933,63310.83866262005,62761.04457237864,63448.31,64135.575427621356,2.1663789866786303,0.13841481033015277,3
2026-07-08 03:00:00,62951.4,63067.9,62666.0,62741.0,4155.352,16.950826312065125,15.332465363961647,13.453822380876048,28.91488827120239,63361.658675157494,63288.49204839966,62693.82071369001,63432.23000000001,64170.63928631001,2.3281832794149007,0.03194656891827326,3
2026-07-08 04:00:00,62741.0,62873.3,62643.6,62767.3,3191.098,18.384710053540633,16.916195835988702,12.976219438986128,28.234611463584784,63305.05308704726,63268.053144540856,62635.66395667402,63416.89500000001,64198.126043326,2.463794682240408,0.08424911199480735,3
2026-07-08 05:00:00,62766.9,62851.2,62520.4,62613.8,4053.867,19.929377252061737,18.44010178206343,12.299072596771733,28.704704760998577,63239.21945970942,63242.39615848043,62529.182840693,63386.24000000001,64243.297159307025,2.7042372581399765,0.04936494514287798,3
2026-07-08 06:00:00,62613.8,62718.2,62434.9,62628.5,5098.065,21.510309195214198,19.947509624377417,11.734319845847544,28.77244881234661,63181.05570164185,63218.32179932434,62433.9658975053,63354.73500000001,64275.50410249471,2.906709664225429,0.10563674539449268,3
2026-07-08 07:00:00,62628.5,62867.7,62519.3,62854.1,5614.701,22.364166906494773,21.146772079278257,13.521569629696417,27.122995966236275,63149.91706339025,63204.0385915077,62381.145798182835,63328.555000000015,64275.964201817194,2.992044273920917,0.24960397308259874,3
2026-07-08 08:00:00,62854.1,62921.8,61821.0,61989.8,24133.055,24.26623489549613,22.888272045355166,11.314511190278903,33.05013496552391,63039.42972401975,63156.42139184073,62137.77486877848,63255.45000000001,64373.125131221546,3.5338461151459186,-0.06619762068819975,3
2026-07-08 09:00:00,61989.8,62142.9,61708.2,62031.7,11392.528,26.174592443395575,24.269379674945174,10.580095076782195,32.58920129845914,62943.45546458929,63112.31467059208,61962.99121680715,63205.37500000001,64447.75878319286,3.9312599069077714,0.027651996155433654,3
2026-07-08 10:00:00,62031.8,62164.7,61876.0,62149.8,5056.481,27.85976845685972,26.063001676177926,10.445713377593968,31.143382053457735,62867.869229866505,63074.56899723553,61818.93344810056,63136.04,64453.146551899445,4.1722811627065735,0.12560356313704915,1
2026-07-08 11:00:00,62149.9,62366.0,62025.2,62270.0,5367.666,28.631222541197584,27.402907492296578,13.041536012580167,29.480676979014007,62810.92930321255,63043.01727185375,61735.61293653078,63054.04,64372.46706346922,4.181895604053989,0.2026608366423662,1
2026-07-08 12:00:00,62270.0,62394.1,61933.0,61933.9,5991.213,29.502191250097642,28.680979853478682,12.100245161074177,28.79608297846789,62727.40270290659,62999.522476879094,61616.43487934035,62952.615000000005,64288.79512065966,4.245034525284319,0.11879578050559703,1
2026-07-08 13:00:00,61933.9,62073.6,61615.0,61923.0,12545.108,30.80077972040937,29.716001130803477,11.23193796454269,31.705598809446172,62650.79292167739,62957.30590915834,61557.42207066599,62840.530000000006,64123.63792933402,4.083695440932835,0.14245798072643776,1
2026-07-08 14:00:00,61922.9,62151.9,61686.7,61865.5,10860.112,31.692119136826786,30.597155193462214,11.63898521945318,29.400821176945293,62576.00311961288,62914.489991152135,61457.43702286256,62751.115000000005,64044.79297713745,4.123203156270425,0.15771427834010496,1
2026-07-08 15:00:00,61865.6,61900.5,61520.0,61674.5,9713.099,32.779009153441024,31.789894436925195,10.938573508848316,30.267984458256066,62490.14567964975,62865.862932675576,61364.10682966801,62645.095,63926.08317033199,4.089667899240927,0.12115380044904955,1
2026-07-08 16:00:00,61674.6,62129.8,61666.0,62086.4,7113.853,32.87981796686266,32.285968551844725,13.757280043418627,28.052018118014654,62451.6937101593,62835.29575884516,61357.739655100406,62566.0,63774.260344899594,3.862354457371717,0.3015328393319682,1
2026-07-08 17:00:00,62086.3,62372.7,62005.2,62086.5,6899.963,32.111881195999935,32.445445174720476,16.834722177408505,26.40257542454245,62416.91335681079,62805.931219282604,61341.086023884076,62500.35,63659.61397611592,3.709623949676834,0.32150312244386736,1
2026-07-08 18:00:00,62086.4,62331.0,62014.1,62158.8,3724.733,31.398797051627405,32.13930750924503,15.96307780549889,25.03554031518942,62392.33113235262,62780.55352440877,61368.403544274384,62432.545,63496.68645572561,3.408931850289345,0.37137753231625825,1
2026-07-08 19:00:00,62158.9,62270.4,62043.0,62251.9,2519.071,30.73664748899577,31.424264342497853,15.348941581558691,24.072365645441415,62378.95673879523,62759.822013647645,61400.97574328625,62378.37,63355.76425671375,3.1337601694746087,0.435302464112473,1
2026-07-08 20:00:00,62251.9,62287.1,62051.2,62076.2,2354.879,30.05497866190448,30.72688785676594,15.00815512596772,23.08036288504578,62350.12276367187,62733.013307230096,61500.66556742282,62302.884999999995,63105.10443257717,2.5752240287979538,0.3587138438720198,1
2026-07-08 21:00:00,62076.2,62226.4,61926.9,62162.4,4462.192,29.747601935931108,30.24212471246344,14.207639860147795,24.062975685008116,62332.24440522693,62710.63631478971,61528.111086443954,62260.82000000001,62993.52891355606,2.35367575806439,0.43283826757180816,1
2026-07-08 22:00:00,62162.4,62331.8,62144.4,62303.5,2226.252,29.011533467681236,29.53325606479286,15.666059743571356,23.228115539648186,62329.50684282436,62694.67018479796,61570.81502994031,62228.43000000001,62886.0449700597,2.1135515392552704,0.5570774719386163,1
2026-07-08 23:00:00,62303.5,62320.6,62139.3,62255.3,1922.822,28.34304536346384,29.045323649697472,15.119527830181752,22.51590691823461,62322.43952446013,62677.43998147255,61591.923566113706,62204.145000000004,62816.3664338863,1.9684264895411638,0.5417781844677292,1
2026-07-09 00:00:00,62255.1,62284.4,62025.4,62101.8,3023.797,28.060991418438675,28.536262443059954,14.349377589815997,23.609071884647054,62301.426236416315,62654.86586455206,61618.06698339966,62170.87000000001,62723.67301660036,1.77833450489064,0.4375274754968088,1
2026-07-09 01:00:00,62101.8,62620.2,61796.1,61882.2,10363.949,26.396975726335917,27.370010544899877,18.27226585980763,20.100647591530656,62261.49992818619,62624.56524241277,61608.7447617205,62134.29000000001,62659.83523827951,1.6916431757070198,0.2601633678336744,1
2026-07-09 02:00:00,61882.2,62098.0,61666.0,61753.7,4989.881,25.272029883589767,26.66651065101422,16.85800990600051,20.87580625126526,62213.1380302637,62590.41366427894,61593.34073345175,62090.55,62587.75926654826,1.6015618046490359,0.1612593301624304,1
2026-07-09 03:00:00,61753.8,62042.7,61693.1,61943.1,3408.734,24.22743731532548,25.3122065208307,15.792726677077978,19.55663237405729,62187.42012261954,62565.02881469937,61698.12891518847,62045.0,62391.87108481153,1.1181274391539358,0.3531154592269226,1
2026-07-09 04:00:00,61943.2,62427.7,61929.0,62420.4,5177.524,23.118838599578478,24.195434241584124,21.2264767398239,17.826143501331888,62209.60868237006,62559.35709647587,61682.60973360084,62066.52999999999,62450.450266399144,1.2371249573615692,0.9608639227605917,3
2026-07-09 05:00:00,62420.3,62599.6,62204.9,62565.8,7762.964,22.595345366513072,23.411391340919277,22.792188934751096,16.575981126254305,62243.53166500148,62559.60975935917,61649.82253299062,62093.235,62536.64746700938,1.4282150608174324,1.0328729288863285,3
2026-07-09 06:00:00,62565.8,62958.0,62452.1,62934.0,10744.759,23.001610633754144,23.06022461666631,27.033230628553746,15.112990106357758,62309.29055404895,62574.29172958038,61550.82165841347,62132.44499999999,62714.06834158651,1.8722049054612961,1.1890670840458095,3
2026-07-09 07:00:00,62933.9,63286.5,62774.5,62973.7,11947.227,24.033194165538674,23.314269766025873,30.291249257153208,13.786771937840447,62372.567644139526,62589.9547990086,61476.195786206255,62167.62999999999,62859.064213793725,2.2244187651796756,1.082897102804107,3
2026-07-09 08:00:00,62973.6,63083.9,62822.8,62872.6,4400.093,24.991093159338597,23.996351896546372,28.898535076899076,13.15289141958398,62420.1897732691,62601.03892453768,61464.943180185925,62214.565,62964.18681981408,2.4097952619746765,0.9389113167511606,3
2026-07-09 09:00:00,62872.6,62980.4,62753.1,62925.0,3618.009,25.581391840095865,24.807293002817268,27.704354255804596,13.876520227801935,62468.266937719665,62613.74328043817,61464.83755998937,62264.665,63064.49244001063,2.56912147527215,0.9127984156127615,3
2026-07-09 10:00:00,62925.0,63030.5,62653.8,62757.2,3716.851,25.704372442113694,25.347732800726146,25.801440583229766,14.73400038450497,62495.78437222256,62619.369034146475,61503.71777711273,62309.25000000001,63114.78222288728,2.585594347186896,0.7780459845506856,1
2026-07-09 11:00:00,62757.2,62804.8,62583.4,62756.0,5140.324,25.518690501518215,25.55004117080704,24.72646223245573,15.444931825357553,62520.56681296327,62624.727111238775,61592.76318752386,62363.325000000004,63133.88681247615,2.4712018240725486,0.7547978589401948,1
2026-07-09 12:00:00,62755.9,62934.3,62428.5,62583.3,19486.3,24.708936964642795,25.206654703378245,22.42754473086146,16.856260139737724,62526.541402204864,62623.10251864118,61623.18053023816,62388.170000000006,63153.15946976185,2.4523542516532983,0.6275377032710955,1
2026-07-09 13:00:00,62583.3,63215.0,62490.2,62999.9,9489.196,24.716631301509597,25.117660901513908,24.472836877088636,14.741218893702111,62571.623173423446,62637.87889045918,61636.312762646856,62433.84000000001,63231.367237353166,2.554791559683515,0.8548844312067876,3
2026-07-09 14:00:00,63000.0,63117.9,62620.1,62982.5,7113.788,24.723776042885913,24.716356503764352,22.394480583446573,13.489320504579771,62610.75429976407,62651.393443774505,61652.616117506426,62475.02500000001,63297.43388249359,2.6327604750652998,0.8085296199995452,3
2026-07-09 15:00:00,62982.4,63233.0,62782.5,62835.4,6941.238,25.029270843894256,24.872951072701927,22.635644240958115,12.458186520354971,62632.149128357974,62658.6093871559,61673.75883379337,62504.200000000004,63334.64116620664,2.6572331657924875,0.6994120796737974,3
2026-07-09 16:00:00,62835.4,62969.3,62525.2,62670.7,5324.178,24.22430413699707,24.47404008994149,20.936610289019193,15.871861409033407,62635.820639942925,62659.08352883606,61725.72736164916,62533.925,63342.12263835085,2.5848293973258336,0.5846172974961226,3
2026-07-09 17:00:00,62670.7,63146.0,62640.2,63114.7,5492.868,23.971832984531854,24.500551914213055,22.11669776482692,14.533813916536532,62681.4281980436,62676.95084143073,61753.5371690844,62581.54000000001,63409.54283091562,2.646156776952473,0.8219554209799119,3
2026-07-09 18:00:00,63114.8,63484.9,63041.9,63199.8,10034.92,24.543801126273664,24.384052631635367,26.122586191776985,13.463271557250419,62730.796941087065,62697.45473000208,61765.34974058455,62626.355,63487.36025941546,2.7496579017426606,0.8330089994974695,3
2026-07-09 19:00:00,63199.9,63365.0,63130.0,63222.9,2981.368,25.074914400748202,24.52337369264003,25.06774204539447,12.919617376570777,62777.66389907877,62718.060426864744,61793.02739773101,62674.735,63556.44260226899,2.8135981820074294,0.8108541871417194,3
2026-07-09 20:00:00,63222.9,63300.0,63148.1,63288.7,1854.485,25.568091012760274,25.05594606951697,24.382375753027834,12.566387706178396,62826.33400392841,62740.43844934064,61854.971440507725,62734.079999999994,63613.188559492264,2.8026506788408145,0.8154445455066005,0
2026-07-09 21:00:00,63288.8,63371.7,63162.7,63248.9,1886.986,26.20216945771771,25.638541929232957,24.76875490560942,12.077122652710093,62866.578384506654,62760.37811799395,61992.36003298661,62802.41499999999,63612.46996701338,2.579693685388959,0.7755893230592529,0
2026-07-09 22:00:00,63249.0,63395.9,63180.9,63186.1,2732.059,26.85185276429247,26.209971888526372,24.210000764517755,11.577738964245476,62897.00901455364,62777.07309375889,62215.21300095541,62874.034999999996,63532.85699904458,2.0956886226391767,0.7368355947832298,0
2026-07-09 23:00:00,63186.2,63299.9,63032.2,63197.0,3222.795,26.6893517956454,26.445760626681555,22.93818411865971,13.887576215873375,62925.579584596155,62793.54081557227,62429.7734084774,62936.73,63443.68659152261,1.6110039130491998,0.7566985066890007,0
2026-07-10 00:00:00,63197.1,63239.2,62897.0,63085.3,4961.377,25.897768303963115,26.374810534127793,21.391215572494577,15.61550846256863,62940.79105272985,62804.982352216495,62521.78672717404,62969.975000000006,63418.16327282597,1.4234983349635,0.6286568692135084,0
2026-07-10 01:00:00,63085.3,63938.8,62931.7,63726.6,11961.053,26.888816666970634,26.789084231308017,29.857562325486118,12.865539846785277,63015.63000008891,62841.12422075703,62505.692940544905,63028.01500000001,63550.33705945511,1.6574282387129027,1.1687301324481405,0
2026-07-10 02:00:00,63726.7,64022.0,63662.6,63935.0,7618.357,27.9612601173637,26.929514210663406,29.432350725919843,12.049993616815826,63103.18904769949,62884.02131013911,62419.58517086905,63078.065,63736.54482913095,2.087825075581976,1.1506919134721003,0
2026-07-10 03:00:00,63935.0,64019.7,63789.0,63917.2,4041.922,28.957100464157268,27.922958565563953,28.19676179014311,11.544127166399894,63180.71390029954,62924.53812150621,62370.141485964516,63125.240000000005,63880.338514035495,2.392382235807704,1.024408395248656,0
2026-07-10 04:00:00,63917.3,64168.0,63826.4,64019.3,6097.263,30.164598851263833,29.062929484313766,29.15149081030646,10.819818022356598,63260.57924312815,62967.469959878516,62339.26127832715,63182.575000000004,64025.88872167286,2.669450308642398,0.9960935524327833,0
2026-07-10 05:00:00,64019.2,64185.0,63915.0,64090.0,4203.902,31.31810743975391,30.13760395195559,27.992760378332754,10.271266470837892,63339.57169616357,63011.49074576564,62315.47332773037,63240.825000000004,64166.17667226964,2.9264376999181674,0.9588390692141938,0
2026-07-10 06:00:00,64089.9,64138.7,63804.4,63832.8,4672.326,31.81209790961132,30.98834838043758,26.220239186580972,11.715788295653892,63386.54582033847,63043.69895181405,62362.60035244915,63294.605,64226.60964755085,2.9449734224610444,0.7887297833837443,0
2026-07-10 07:00:00,63832.8,63980.0,63765.5,63956.1,4743.281,32.06850690363476,31.693307171694336,25.121082363010945,11.984891032597629,63440.78907554433,63079.47938507624,62414.12038081584,63354.61000000001,64295.09961918418,2.968969800884794,0.8197749277242184,0
2026-07-10 08:00:00,63956.1,64387.9,63949.1,64211.4,12036.605,33.173557012588205,32.492827461099765,30.856312992870492,10.97163677239205,63514.18059215916,63123.86842879875,62494.78311453597,63436.01500000001,64377.24688546405,2.9675000406757572,0.9118990293330955,0
2026-07-10 09:00:00,64211.5,64459.9,64065.7,64360.4,8387.949,34.32889631669219,33.198701610163475,29.904281797479886,10.14208008516068,63594.77291671543,63172.35986296351,62500.902682641456,63504.04,64507.177317358546,3.159286613445523,0.9268408647456972,0
2026-07-10 10:00:00,64360.4,64478.3,64244.6,64374.0,4417.956,35.435725648857975,34.304641330723086,28.88976280687724,9.67503996365734,63668.9850198854,63219.483005592396,62530.55633126433,63573.615,64616.67366873567,3.281420031677198,0.8836720905498913,0
2026-07-10 11:00:00,64374.0,64450.3,64309.0,64394.2,2719.427,36.46349574301192,35.39619602985205,28.048738361497257,9.3933849990992,63738.053113229646,63265.55033870642,62607.799677843585,63651.555,64695.310322156416,3.279590960995111,0.8557562698054942,0
2026-07-10 12:00:00,64394.2,64587.9,64236.3,64258.9,6480.494,37.68805445370367,36.56189005128083,28.851031131622726,8.71362602792939,63787.65757863635,63304.5052273846,62762.467300030825,63730.965,64699.46269996917,3.0393316654444873,0.7725535641524031,0
2026-07-10 13:00:00,64258.9,64680.0,64127.0,64453.7,9691.781,38.1604064974761,37.31195112024401,25.70081294645989,9.92030674419768,63851.09019019479,63349.571689055796,62823.682853719896,63797.91499999999,64772.14714628009,3.054119076713079,0.8365650592130336,0
2026-07-10 14:00:00,64453.6,64491.8,63768.0,63897.9,13660.447,36.77998702213324,37.234020737918456,22.27286984383904,15.212647410473387,63855.54826731909,63371.07476007322,62899.659262222354,63832.82,64765.980737777645,2.923764727228549,0.5348707341432902,0
2026-07-10 15:00:00,63897.9,64196.1,63875.5,64018.7,5262.22,35.4981689378863,36.8292877176812,20.94056166847958,14.302664338873795,63871.086527574415,63396.47182830564,62982.0594124105,63872.61,64763.160587589504,2.7885210502263904,0.582022291622661,0
2026-07-10 16:00:00,64018.7,64208.1,63802.4,64118.9,4431.076,33.968305005000914,35.37414601356708,19.362190378288446,14.582721682482555,63894.687810662566,63424.802344842676,63061.58471818452,63914.119999999995,64766.655281815474,2.6677525461211977,0.6201006013287368,0
2026-07-10 17:00:00,64118.9,64139.6,63803.6,63804.0,2988.902,32.54771706732163,34.02294300260397,18.142533331750496,13.664131434672287,63886.05087631375,63439.672841123356,63146.28453440183,63941.87499999999,64737.46546559816,2.4884802505343018,0.4133505201722526,0
2026-07-10 18:00:00,63804.1,63990.0,63718.1,63792.0,2758.665,30.809125088910456,32.38871504695568,17.198415307419555,14.589448811745699,63877.093649998154,63453.48959245186,63255.52712160016,63972.17,64688.81287839984,2.2404832551399827,0.37429582751014606,0
2026-07-10 19:00:00,63792.0,64029.9,63755.8,63900.4,3498.343,29.360067441820355,30.95389225457099,17.057153041481467,13.809287955359858,63879.313302379276,63471.01549078708,63388.51009427967,64007.34,64626.16990572032,1.9336216931380863,0.41359499677418177,0
2026-07-10 20:00:00,63900.4,63909.2,63619.9,63820.0,6698.936,27.346087965709096,29.077606527309776,16.079803124704952,15.709660981041383,63873.66441643839,63484.70115781504,63590.5591539319,64044.075,64497.590846068095,1.4162616793765785,0.2529579154260124,0
2026-07-10 21:00:00,63820.1,64086.4,63813.6,63987.6,2417.892,26.226129305188564,27.79309837350446,18.767370358927725,14.845830268348939,63884.51542439664,63504.422681037984,63627.6928271765,64057.12499999999,64486.557172823486,1.3407787902547723,0.4190500800826461,0
2026-07-10 22:00:00,63987.7,64142.7,63953.9,64089.9,2814.802,25.4075217189347,26.376804842321896,19.20250410987987,14.261356568232324,63904.07586016839,63527.382575899246,63639.14042385657,64064.87,64490.59957614344,1.3290578007679907,0.5293965951658075,0
2026-07-10 23:00:00,64089.8,64176.9,63989.2,64129.5,2223.081,24.783978130274487,25.505053717731528,19.16278847643459,13.68454009457505,63925.54482586664,63550.9950239032,63654.700273061964,64075.485,64496.26972693804,1.3134031742031647,0.5641836508575958,0
2026-07-11 00:00:00,64129.5,64137.1,64000.0,64090.1,1731.884,24.20497336937572,24.80624754415521,18.571919121724452,13.26258817535776,63941.216747212675,63572.13639551484,63659.03998835879,64079.024999999994,64499.0100116412,1.3108345878895797,0.5131849943367334,3
2026-07-11 01:00:00,64090.1,64288.7,63969.9,63979.2,2766.132,24.28279451484845,24.53338632256147,20.649297465101757,12.311929894729197,63944.834199859084,63588.09967412211,63651.19277254171,64073.485,64495.77722745829,1.3181497071941344,0.3883652197821752,3
2026-07-11 02:00:00,63979.1,64137.8,63950.1,64130.5,1433.009,24.226748120658236,24.215860745016975,19.7516018240013,12.235278342678749,63962.51665701536,63609.37027513693,63681.078271624305,64088.369999999995,64495.661728375686,1.2710316345249244,0.5517196852585519,3
2026-07-11 03:00:00,64130.5,64169.1,64037.4,64117.2,1351.12,24.304898161576336,24.293846338212393,19.879283332791537,11.846137521018512,63977.24840396628,63629.28516630803,63693.80220996461,64096.425,64499.047790035394,1.2563034210890591,0.5257995827784214,3
2026-07-11 04:00:00,64117.2,64182.0,64047.2,64123.4,1026.864,24.433284409663393,24.330016265160815,19.530097222031685,11.44490696003743,63991.16760358854,63648.66221860968,63692.783488205336,64092.02500000001,64491.26651179468,1.2458383450816943,0.5392932586831409,3
2026-07-11 05:00:00,64123.4,64198.8,64085.2,64141.6,1652.038,24.62884604947295,24.466872105524644,19.38869865640156,11.103593121777704,64005.49449848486,63667.99311199754,63701.29022286358,64081.085,64460.87977713642,1.1853568869391637,0.5796680255271952,3
2026-07-11 06:00:00,64141.6,64250.0,64091.6,64186.7,1422.943,25.04619422397643,24.73973931681991,19.943105097489646,10.627665368640216,64022.75216529583,63688.33455858587,63713.72540668137,64071.72,64429.71459331863,1.1174808271687784,0.6605890174682867,3
2026-07-11 07:00:00,64186.7,64224.0,64120.6,64132.6,1227.267,25.4337318145868,25.031288932029874,19.359757453004985,10.31679985753443,64033.21386383909,63705.75673275897,63732.56222173696,64058.64,64384.71777826304,1.01806025935936,0.613408525404539,0
2026-07-11 08:00:00,64132.6,64280.0,64123.0,64239.6,1627.259,26.063568111987312,25.55488116798187,20.104208115802823,9.845873788820741,64052.8696863306,63726.69176284685,63733.987126459826,64057.675,64381.36287354018,1.0106138680187096,0.7810191775340244,0
2026-07-11 09:00:00,64239.6,64272.7,64129.0,64143.0,1347.449,26.648416102430645,26.041073958508722,19.238596812672995,9.421947634072389,64061.45352572769,63743.017576068545,63773.30486444561,64042.14000000001,64310.97513555441,0.8395570027934732,0.68758708714171,0
2026-07-11 10:00:00,64143.1,64185.0,64110.2,64163.9,1266.216,26.99272791392117,26.52814801295424,18.785197124313356,9.792229265780028,64071.210332801245,63759.522769163894,63790.3576540987,64055.44000000001,64320.52234590132,0.827665365818459,0.7045779390385558,0
2026-07-11 11:00:00,64163.9,64192.8,64146.3,64176.0,761.804,27.357363907939376,27.00289000518501,18.753960936278514,9.640130125684646,64081.19030110589,63775.855209588844,63793.51997465945,64063.305000000015,64333.09002534058,0.842245105339361,0.7088607398756188,0
2026-07-11 12:00:00,64176.1,64207.0,64112.0,64168.4,1196.286,27.303005463515223,27.147866688718196,18.134234877779118,10.514672449700505,64089.49598671486,63791.2491229383,63792.95638163071,64065.780000000006,64338.6036183693,0.8516984211205838,0.6880702275949753,0
2026-07-11 13:00:00,64168.5,64245.4,64144.4,64213.9,1495.498,27.503200971025404,27.43028243948239,18.859169824475444,10.131356576806683,64101.34398798011,63807.8236671368,63835.56429755784,64086.275,64336.985702442165,0.782416211403031,0.7545264297790432,0
2026-07-11 14:00:00,64213.9,64497.4,64213.9,64321.0,4280.166,28.94994704293572,28.12647625322547,25.81035731737422,9.125712686417526,64122.263608172485,63827.94822920987,63881.90435077533,64112.725,64343.54564922467,0.7200462910433714,0.9511619751083839,0
2026-07-11 15:00:00,64321.0,64461.4,63668.8,64139.0,11703.971,27.380101713447182,27.44165134223629,19.87160458115007,22.850218089966646,64123.8575502513,63840.146337868304,63916.48842221074,64124.65499999999,64332.82157778924,0.6492559774060338,0.5344555791625003,0
2026-07-11 16:00:00,64139.1,64245.3,64050.4,64148.2,2521.736,25.922388193207826,27.43616761807177,18.73033256238772,21.53787743714218,64126.17587879879,63852.22687363818,63990.14694937911,64141.065,64291.9830506209,0.4705816799920427,0.5236386567764444,0
2026-07-11 17:00:00,64148.1,64375.8,64133.4,64289.8,2299.591,24.285315467462976,25.832708590455077,21.23795254667693,19.99944102582101,64141.75912843701,63869.38660408374,64009.49842954995,64156.175,64302.85157045005,0.45724848917520516,0.9555090141186012,0
2026-07-11 18:00:00,64289.8,64368.6,64258.1,64299.7,1059.229,22.765176507842757,24.34378235052529,20.518444862698807,19.321892120778514,64156.80111620491,63886.261639217715,64010.25943709237,64166.665,64323.07056290763,0.4874978710756807,0.9252885815786563,3
2026-07-11 19:00:00,64299.7,64313.1,64205.7,64262.0,899.66,21.230773010319307,22.75804423889114,19.815760605411366,20.331056054686506,64166.82005751872,63900.99647689545,64012.353570565974,64173.29,64334.22642943403,0.5015682675269623,0.7756057168410226,3
2026-07-11 20:00:00,64261.9,64438.9,64261.9,64353.2,1218.353,20.325441841111083,21.54530917447692,22.752751634819376,19.16611603818752,64184.57052823123,63918.72994838975,64011.71905548292,64186.445,64361.17094451708,0.5444325340563057,0.9771901518715157,3
2026-07-11 21:00:00,64353.3,64404.7,64310.0,64325.5,906.265,19.48477718398916,20.35777509715423,22.025587381636143,18.553578500793424,64197.99238268539,63934.681715119565,64047.890210877624,64203.76,64359.62978912238,0.48554723001387545,0.8905182674765026,3
2026-07-11 22:00:00,64325.5,64405.2,64110.5,64169.1,2214.267,18.657304188222387,19.491373014666735,19.89474284596132,23.30781172621494,64195.24072719155,63943.874589036444,64052.71053938002,64205.69,64358.66946061998,0.4765292939612653,0.3804087821603122,3
2026-07-11 23:00:00,64169.1,64223.2,63776.0,63783.0,6265.888,19.302679425487717,19.39372830473844,17.17878484984536,30.33716719674013,64155.97970555426,63937.56578162325,63947.74860987402,64188.98000000001,64430.211390126,0.7516286755950672,-0.3414742372208973,3
2026-07-12 00:00:00,63783.1,63884.9,63657.4,63802.9,4816.995,20.29362425794016,19.475464223081275,15.983373290425178,31.85378421358294,64122.353066930045,63932.2847705792,63877.00486568143,64172.95500000001,64468.905134318586,0.9223515866413712,-0.12519822951264573,3
2026-07-12 01:00:00,63802.9,64146.2,63783.0,64106.0,3478.097,19.76319988300999,19.532939654248853,21.963043608218182,28.450039313623623,64120.79563198433,63939.09713251727,63874.00510086729,64171.17500000001,64468.34489913273,0.9261787683729373,0.3903405085942067,3
2026-07-12 02:00:00,64106.0,64112.7,64002.0,64049.2,1748.455,19.270662963431967,19.782143610686063,21.21881963506166,27.486001647800215,64113.97700036677,63943.4148920264,63862.319233789494,64164.3,64466.28076621051,0.9412734689243352,0.30942494874032733,3
2026-07-12 03:00:00,64049.2,64217.8,64002.9,64201.8,2142.993,18.277909417432163,19.020554650221076,23.050483156311213,25.66767797968154,64122.34109556994,63953.547641358695,63865.72279489714,64167.76,64469.79720510286,0.9413986248011798,0.5563506737330726,3
2026-07-12 04:00:00,64201.9,64238.0,63912.5,63974.3,2506.065,17.747763752184127,18.509213357808047,20.8053882296105,25.87270095892875,64108.2419436109,63954.361459344625,63842.600169710866,64154.49500000001,64466.389830289154,0.9723241693014464,0.21112858806772125,3
2026-07-12 05:00:00,63974.2,63998.6,63867.0,63938.0,1922.293,17.44940424861717,17.863656833024667,19.958974912902175,26.226709809578765,64092.02842517177,63953.71983348798,63817.632714313906,64144.24500000001,64470.857285686114,1.0183681659550403,0.1842663166102927,3
2026-07-12 06:00:00,63938.0,63938.0,63602.8,63728.7,5247.13,18.15996674344574,17.95386524781493,17.955279776312704,31.50644720191643,64057.42571801256,63944.89552629237,63747.046896470056,64122.48500000001,64497.92310352996,1.1710029751028894,-0.02443398298888303,3
2026-07-12 07:00:00,63728.6,63879.0,63708.2,63856.4,1638.415,18.819774774357978,18.134589511487576,17.017792922812742,29.861422428130748,64038.28041153517,63941.42511349659,63713.84589526722,64106.505000000005,64499.16410473279,1.2250210949194063,0.18152400264574503,3
2026-07-12 08:00:00,63856.4,64083.7,63854.1,63951.6,2612.699,18.288763431751907,18.224365087598823,22.08718852478002,27.762931788113768,64030.025134246105,63941.824128653585,63698.25893019353,64095.66500000001,64493.07106980649,1.2400403983841297,0.31874333214114764,3
2026-07-12 09:00:00,63951.6,64024.4,63730.7,63930.0,3030.6,18.27317798592414,18.54647638014106,20.137689870796674,29.02093159198694,64020.49893098457,63941.36043733384,63681.572528399185,64081.47,64481.36747160082,1.248090818143891,0.31061395638029826,3
2026-07-12 10:00:00,63930.1,63930.1,63807.3,63838.9,1174.004,18.258705786226926,18.273734608989415,19.367947821692734,27.911636956214622,64003.20379470033,63937.34238096781,63660.14969168326,64057.365000000005,64454.58030831675,1.2401862246963893,0.22500430443406053,3
2026-07-12 11:00:00,63838.9,64012.8,63796.3,63993.8,1872.65,17.77815504210454,18.02566651401434,20.642091177610414,26.023045982221063,64002.308195205056,63939.55640524359,63653.86554833484,64050.105,64446.344451665165,1.2372796318293686,0.42895079002938324,3
2026-07-12 12:00:00,63993.8,64118.5,63946.0,63998.4,2403.082,16.76761417399271,17.51315998010982,22.871760421499978,24.59508353594856,64001.935986137905,63941.86399719482,63648.52554568375,64042.615,64436.70445431625,1.2307100649036593,0.4439023304027381,3
2026-07-12 13:00:00,63998.5,64073.4,63959.3,63997.3,1262.062,15.829254796460294,16.803704919282417,22.011386410507036,23.66988275198797,64001.49446364858,63944.03795808914,63651.19434743383,64027.990000000005,64404.78565256618,1.176971673064146,0.4592750078311843,3
2026-07-12 14:00:00,63997.3,64271.9,63928.0,64175.0,2804.565,15.428634452954618,16.09812431347366,25.897032413850845,21.094254996141327,64018.018800443955,63953.095293066035,63660.06621562848,64021.755,64383.44378437151,1.1298933756861735,0.711846491544225,3
2026-07-12 15:00:00,64175.0,64238.9,64091.5,64149.9,2903.188,15.056629848270775,15.442942322365536,24.658510160033927,20.085424956355123,64030.57891468739,63960.813124710505,63666.875759982,64016.149999999994,64365.42424001799,1.0912066408804413,0.6914684575551827,3
2026-07-12 16:00:00,64150.0,64184.8,64013.0,64146.8,2987.458,14.256447719659835,14.842541086307227,23.262099721730486,21.535561980231147,64041.647589479064,63968.106727663035,63687.67709997741,64005.83,64323.982900022595,0.9941372528802229,0.7215444209214981,3
2026-07-12 17:00:00,64146.7,64146.8,63983.1,64050.3,1096.969,13.34172974552774,14.199179796899259,21.98456049438189,21.35595140791437,64042.4716285763,63971.32999324488,63710.41962247279,63992.07000000001,64273.72037752722,0.8802665002935957,0.6033728420874734,3
2026-07-12 18:00:00,64050.2,64126.6,63985.1,64124.6,1249.778,12.492348769547938,13.374398244603887,20.915303860683807,20.3172682503556,64050.2933782357,63977.340581745084,63713.42864374856,63989.84500000001,64266.26135625146,0.8639381959792255,0.7437536653536626,3
2026-07-12 19:00:00,64124.7,64248.0,64114.9,64201.9,1298.912,12.395423366459864,12.868576555993801,24.215988006954646,19.363266676440592,64064.73210411801,63986.14683344136,63736.89523802949,64010.79000000001,64284.68476197053,0.855776852529148,0.8488748719125961,3
2026-07-12 20:00:00,64202.0,64227.4,64141.6,64168.5,878.789,12.30542120644951,12.398884987998724,23.451538113774756,18.752007406813945,64074.61476086867,63993.297938012285,63764.969484041394,64029.070000000014,64293.170515958634,0.824939409423314,0.7639714646029542,3
2026-07-12 21:00:00,64168.5,64207.4,63856.3,63889.6,2630.665,12.308151987553824,12.351787677006843,20.587500720916797,26.38571051587034,64056.99430745261,63989.231352207884,63749.72563081649,64018.250000000015,64286.77436918354,0.8388994362811465,0.26045004706427977,3
2026-07-12 22:00:00,63889.5,63895.8,63634.1,63855.0,6060.141,13.253144406283624,12.779282806366567,18.749465535639676,31.610388028805126,64037.756754361886,63983.9673776115,63730.83992399382,64008.54000000001,64286.240076006194,0.8676969542070028,0.2235506698302305,3
2026-07-12 23:00:00,63855.0,63883.6,63693.0,63750.0,2325.941,14.130637366532724,13.219394677043274,17.522453120107556,29.541724338237238,64010.351349184566,63974.79218633262,63701.03277471082,63985.950000000004,64270.86722528919,0.8905618351815909,0.08593237077800772,3
2026-07-13 00:00:00,63749.9,64411.8,63538.0,64041.8,16536.408,13.926980076176322,13.590062241229973,28.004932889086476,22.32769651939173,64013.346458786036,63977.419943731344,63703.39149373792,63989.32500000001,64275.2585062621,0.8936912719804074,0.5917608444809059,3
2026-07-13 01:00:00,64041.8,64044.0,63366.0,63382.1,12315.44,12.9966194309384,13.563628398735563,23.258875165050043,22.84306743339985,63953.22774842547,63954.074063585016,63567.09848049086,63961.53000000001,64355.96151950917,1.2333398513423766,-0.23451280049966453,3
2026-07-13 02:00:00,63382.1,63527.6,63204.0,63344.8,7882.245,12.626694896954525,13.276837486565423,21.395167966993565,25.02407387504837,63895.28224857542,63930.18096305228,63470.437556744866,63942.33500000001,64414.23244325515,1.4760094177203267,-0.13311955652717403,3
2026-07-13 03:00:00,63344.9,63362.4,62705.0,62780.2,15709.528,13.750170672277237,13.373395051607819,18.203924925995345,32.61334164552366,63789.08393918729,63885.08367038356,63186.19402426485,63888.52500000001,64590.85597573517,2.1986138378845332,-0.2890332608780927,3
2026-07-13 04:00:00,62780.1,62884.8,62592.1,62649.8,6758.166,15.056897420560485,13.841796158757505,16.9888948851127,33.011049702790494,63680.58070688373,63836.64117350577,62930.33232946949,63823.435000000005,64716.53767053052,2.7986668863263535,-0.15705491581547443,3
2026-07-13 05:00:00,62649.7,62880.0,62434.9,62764.1,8371.052,16.6181947094849,15.18418269088107,15.314894531190621,33.238355741957335,63593.29683003766,63794.58073532907,62756.58478448608,63765.14000000001,64773.69521551394,3.1633435306938247,0.0037257333055843765,3
2026-07-13 06:00:00,62764.1,62848.2,62675.0,62766.6,2684.94,18.06797076348614,16.562434092023313,14.707589481418042,31.920304138851787,63514.56379860551,63754.26776531617,62609.77782893447,63711.52500000001,64813.272171065546,3.4585490492200184,0.07116976343758569,3
2026-07-13 07:00:00,62766.6,63030.0,62719.4,62952.7,6413.166,18.556487793031373,17.587341251258138,17.82503255990639,29.64965139996887,63461.05296064308,63722.83373530377,62516.278329187924,63659.47000000001,64802.66167081209,3.5915840041146563,0.19087860852854793,3
2026-07-13 08:00:00,62952.8,63260.0,62902.5,63174.9,5653.085,18.057815064213322,18.06289291384973,21.593776876794795,27.247147908937034,63433.80029772469,63701.346137840876,62467.20936968426,63618.29500000001,64769.38063031577,3.6187251805970466,0.30740138338866113,3
2026-07-13 09:00:00,63174.9,63179.3,63064.4,63074.0,3292.544,17.594761816025134,18.075624804528253,21.004676765963648,26.50381810866311,63399.53360270329,63676.744328513785,62411.02986632302,63572.130000000005,64733.23013367699,3.6528589923823036,0.2854922303632326,3
2026-07-13 10:00:00,63074.0,63130.9,62834.4,62844.6,9350.106,17.860518501734656,17.959166782973988,19.52444872339209,30.102638814732067,63346.68278339821,63644.11121759168,62337.51855819214,63505.61,64673.70144180786,3.678703162784708,0.21705554191161885,3
2026-07-13 11:00:00,62844.7,63116.1,62844.7,62881.3,4701.727,18.107292567036357,17.851027191530747,18.255794736980803,28.146638249755597,63302.36061355076,63614.19705219593,62283.663275725026,63442.18,64600.696724274974,3.652197084888867,0.25793185016340237,3
2026-07-13 12:00:00,62881.4,62970.7,62531.0,62597.9,8803.456,19.170423185208463,18.51547084347156,16.397504743163886,32.543784954737525,63235.26912654592,63574.34226583531,62197.49538039194,63364.735,64531.97461960806,3.68419317024859,0.17151774703402783,3
2026-07-13 13:00:00,62597.9,62752.4,62141.2,62300.1,18486.59,20.95057234974542,19.52893245839089,14.229267276143704,36.673635555108575,63146.205400208215,63524.371980900585,62064.839975389994,63277.225000000006,64489.61002461002,3.8319791192171015,0.09702364341133328,3
2026-07-13 14:00:00,62300.1,62777.0,62061.3,62770.3,15429.637,22.744457174741466,20.957440179974967,12.19566138170016,33.02785698045667,63110.404885902666,63494.80053066919,62046.108452086235,63209.51,64372.91154791377,3.6810965562421445,0.3112388621161805,3
2026-07-13 15:00:00,62770.2,62965.0,62543.5,62596.6,9348.486,23.554032333488166,22.252302341616794,14.888999753679759,30.28291495131411,63061.47108724527,63459.57698044687,62034.65434163844,63129.245,64223.83565836157,3.4677768072834234,0.25669214974057414,3
2026-07-13 16:00:00,62596.7,62614.5,62183.9,62258.0,8644.969,24.986644821413883,23.865550998077673,13.64166955545939,34.742144738276835,62984.95003131715,63412.456314547,61988.66872933437,63033.72,64078.77127066563,3.3158483131429652,0.12886031442939744,3
2026-07-13 17:00:00,62258.0,62347.2,61877.0,61877.0,8894.99,26.789427346927965,25.171729840208066,12.418264931387789,37.47993565344955,62879.430980715515,63352.24234142752,61848.21111779389,62933.09,64017.9688822061,3.447721642799053,0.013268247118777233,3
2026-07-13 18:00:00,61877.1,62077.6,61806.0,61997.3,7281.929,28.564398709366262,26.775521765390074,11.762091030113684,36.88081319477889,62795.41850636165,63299.10734764605,61769.661330002076,62840.204999999994,63910.74866999791,3.407193436106449,0.10631918920148736,1
2026-07-13 19:00:00,61997.4,62267.0,61962.5,62258.0,4034.752,29.39563070464923,28.092529025788597,14.786923924386187,34.66903295184537,62744.23579147007,63258.27960852268,61755.786326384194,62765.604999999996,63775.4236736158,3.217745367437476,0.24866527364638516,1
2026-07-13 20:00:00,62257.9,62299.0,62020.0,62179.3,3539.601,30.031915197085656,29.29815695322596,14.601582882420585,32.73209007359207,62690.432382758634,63215.966682698265,61828.25879027374,62672.48,63516.70120972626,2.694073091494895,0.2079083098611591,1
2026-07-13 21:00:00,62179.3,62192.1,61868.0,62034.1,3364.102,30.908168421652167,30.1518995631507,13.64770203509956,33.65758181756124,62627.92453678162,63169.61896965128,61784.491870473306,62605.08000000001,63425.66812952671,2.6214745817007263,0.15209099458376318,1
2026-07-13 22:00:00,62034.0,62199.0,61883.1,61897.9,3177.324,31.68975159500488,30.860833396045265,12.912068573625998,31.497707805680186,62558.39839042146,63119.747637508095,61731.85061179686,62532.73500000001,63333.61938820316,2.561488437066284,0.10366626609846243,1
2026-07-13 23:00:00,61897.9,62333.4,61854.5,62307.0,5107.98,31.786345799306275,31.34725711047922,14.348985375110951,28.510719136856107,62534.4556865718,63087.87518113523,61711.01860870387,62509.075000000004,63307.13139129614,2.5534096970596254,0.37339553808233344,1
2026-07-14 00:00:00,62307.0,62639.3,62240.9,62520.7,5906.236,30.620714408461367,31.155233001733123,19.237932372060712,26.278132601931805,62533.14562118401,63065.63301716914,61707.27237100261,62502.62,63297.967628997394,2.5450057261516124,0.5113660991375469,1
2026-07-14 01:00:00,62520.7,62614.2,62427.0,62505.2,3019.814,29.53834240267681,30.662344100991543,18.504680925698082,25.276544782335392,62530.484133452206,63043.655251789954,61703.87628497768,62489.675,63275.47371502232,2.514971361340317,0.5098784839572773,1
2026-07-14 02:00:00,62505.2,62610.0,62286.9,62516.8,3512.258,28.92916699671008,29.774940702585724,17.280444647827064,26.472992156054133,62529.18088264723,63022.99426152368,61702.05085126785,62477.18500000001,63252.319148732175,2.481335062494132,0.5255536413050479,1
2026-07-14 03:00:00,62516.8,62576.2,62279.0,62538.2,3341.315,28.385879234973235,28.962110818825025,16.21760696171224,25.00825441091961,62530.03984620464,63003.98272185608,61713.35494855835,62456.460000000014,63199.56505144168,2.3795938848972984,0.5549989532714139,1
2026-07-14 04:00:00,62538.3,62744.4,62511.0,62713.6,3346.574,27.159088567639873,28.044127782174975,18.9790094018767,23.771711443435123,62547.521765613725,62992.59516413623,61758.69438498682,62433.39500000001,63108.095615013204,2.1613452704700515,0.7076513595548658,1
2026-07-14 05:00:00,62713.6,62848.0,62669.4,62699.9,3751.791,25.60375251577371,26.994815875373472,20.506994759442815,22.841018162847867,62562.03397841242,62981.1169224054,61796.3812748607,62414.69000000002,63032.99872513933,1.9812923051907017,0.7306372111567098,1
2026-07-14 06:00:00,62699.9,62752.0,62537.0,62600.1,3174.255,24.614044904205745,25.88656673592281,19.516418447230585,24.712345503434346,62565.65931380172,62966.17508231108,61810.853956809035,62402.46500000001,62994.07604319099,1.8961143384030628,0.6670311958123721,1
2026-07-14 07:00:00,62600.1,62633.0,62489.7,62529.7,2683.89,23.854028490543204,24.728890503158457,18.862421418319723,24.99032282014955,62562.234617249174,62949.05841241653,61833.66780419435,62384.885,62936.10219580565,1.7671498338280167,0.6313592909491293,3
2026-07-14 08:00:00,62529.7,62780.0,62458.3,62680.1,3017.401,22.514553204884105,23.564299054544925,20.873327624395927,23.117462574110814,62573.45989179687,62938.511023694315,61829.92047346978,62388.995,62948.06952653023,1.792221613860665,0.7603454335566638,3
2026-07-14 09:00:00,62680.1,62721.2,62502.3,62604.2,2286.405,21.270754725343515,22.56239160794336,19.7866869155149,21.913994858225266,62576.38752114955,62925.40078747101,61838.799800789195,62404.2,62969.6001992108,1.812058160222557,0.6768658733045764,3
2026-07-14 10:00:00,62604.2,62880.0,62577.5,62767.5,3460.434,20.054151729752203,21.284352467318154,22.138599975584732,20.338296251254242,62594.5887096115,62919.20859972705,61839.04022987152,62404.06,62969.079770128476,1.8108429808204076,0.8216170647598411,3
2026-07-14 11:00:00,62767.6,62896.0,62680.7,62810.3,3168.243,18.989773185386262,20.13026395536489,21.37038419855534,19.275939262987077,62615.13264202945,62914.93767424756,61826.77780264767,62414.744999999995,63002.71219735232,1.88406504697671,0.836375057810396,3
2026-07-14 12:00:00,62810.3,63956.0,62756.5,63935.2,42323.953,20.74688000018865,20.400515864970426,37.35762937522949,14.676383669600009,62740.85334278855,62954.947961531965,61605.5127740179,62498.605,63391.697225982105,2.857958912785659,1.304281438246885,3
2026-07-14 13:00:00,63935.2,64162.2,63666.0,63802.8,18520.356,22.69378484740657,20.841779016396416,37.76102427659053,13.266163682435042,62841.99111966583,62988.19706107973,61577.38909886408,62594.895000000004,63612.40090113593,3.251082699750279,1.0935616681198184,3
2026-07-14 14:00:00,63802.8,64310.0,63550.0,64277.3,13029.805,24.71318951023195,22.730034755210298,35.255543564372516,11.451227467969819,62978.68720350718,63038.75011750798,61483.61664026032,62708.895000000004,63934.17335973969,3.9078295343577163,1.1400198728447357,3
2026-07-14 15:00:00,64277.2,64950.0,64163.6,64727.5,25734.552,27.32346128589449,25.00862306665053,41.35754772401571,9.93641057617212,63145.24080317316,63104.97560309591,61331.65109423869,62832.37000000001,64333.08890576133,4.776897340531071,1.1314073850620887,3
2026-07-14 16:00:00,64727.4,64879.0,64589.3,64703.9,8467.888,29.747285077581132,27.23023729390654,39.295311066191395,9.440945267781109,63293.684536204295,63167.678520621565,61275.54571373042,62958.600000000006,64641.65428626959,5.346542922712981,1.018491891271188,0
2026-07-14 17:00:00,64704.0,64704.0,64200.0,64597.5,14211.303,30.512466371728813,28.91796382881165,35.9379097152066,15.233890017373337,63417.85743751817,63223.749951185426,61312.21696794292,63086.770000000004,64861.32303205709,5.625753330078821,0.9256649344113259,0
2026-07-14 18:00:00,64597.5,64631.6,64448.7,64544.0,2451.479,31.222991859151662,30.485138468366397,34.776679066652406,14.741650481878246,63525.10911013549,63275.524462903646,61423.29352006205,63219.075000000004,65014.85647993796,5.681138105668125,0.8688992827918495,0
2026-07-14 19:00:00,64544.0,64687.9,64456.3,64543.0,2680.106,31.972812066672496,31.242639219200655,34.334912874120455,14.119501255086016,63622.0510996464,63325.229385927036,61496.18818390255,63330.875,65165.56181609745,5.793972737933743,0.8303356707436053,0
2026-07-14 20:00:00,64543.1,64576.4,64390.4,64538.6,2370.521,32.40591850222643,31.814455180689045,33.12578104105772,14.869971556832942,63709.341471108644,63372.81254726324,61563.05359494273,63431.77,65300.486405057265,5.89205190098674,0.7961471299242118,0
2026-07-14 21:00:00,64538.6,64877.7,64496.2,64650.0,3377.629,33.310323144057364,32.641567605364926,36.43502638193097,13.796769731196052,63798.92799766972,63422.8983297235,61648.144212337866,63539.009999999995,65429.875787662124,5.9518264060523745,0.7937781219717439,0
2026-07-14 22:00:00,64649.9,65130.0,64485.4,64837.1,12393.571,34.514368825181215,33.46014366370382,36.74908847421768,12.195217008712863,63897.80152170118,63478.357218753954,61743.62107741669,63655.025,65566.4289225833,6.005508355650815,0.8092164314496118,0
2026-07-14 23:00:00,64837.2,65040.3,64750.0,65014.7,4645.404,35.63241124336765,34.47136719371251,34.79040300413468,11.545225529979092,64004.17280534869,63538.60595527341,61851.28136786714,63778.850000000006,65706.41863213287,6.044538689966559,0.8205722430315009,0
2026-07-15 00:00:00,65014.6,65043.3,64743.6,64798.1,4489.662,36.64138005450399,35.5778744398426,32.8441447039607,11.018821247395582,64079.784919125,63587.99787859602,61972.683475647114,63883.075000000004,65793.4665243529,5.980900338165918,0.7394862488488941,0
2026-07-15 01:00:00,64798.1,64830.2,64618.8,64643.7,3480.114,36.99956763938252,36.31598944137508,31.505307818730056,12.976121037493462,64133.49111730357,63629.39796178833,62126.37524426355,63980.26500000001,65834.15475573647,5.795192488610223,0.6789305426461125,0
2026-07-15 02:00:00,64643.7,64732.6,64456.7,64473.0,3174.884,36.62033514577635,36.630857600140175,29.79808774936582,15.456703027400815,64165.82529660799,63662.480394659375,62327.463746181355,64073.909999999996,65820.35625381864,5.451349086761341,0.61425773885895,0
2026-07-15 03:00:00,64473.1,64820.1,64473.0,64760.8,2866.928,36.459893780757184,36.72973071006985,29.484207881025945,14.3995399331517,64222.489554073894,63705.55175173155,62574.56809745316,64185.465,65796.36190254684,5.019506838649029,0.6785759843135826,0
2026-07-15 04:00:00,64760.9,64868.0,64686.6,64723.5,2176.426,36.41703055300793,36.51868284939214,29.370097777323053,13.865790866486822,64270.20483463829,63745.47129087934,62826.50489336005,64287.635,65748.76510663996,4.545602297051225,0.6491533840892247,0
2026-07-15 05:00:00,64723.6,64941.7,64580.0,64920.5,2716.995,35.87780941028603,36.1688515955216,27.204743062165864,15.016377585307376,64332.13770752988,63791.55084809976,63152.00173835183,64403.450000000004,65654.89826164818,3.886277091206065,0.7065806537295569,0
2026-07-15 06:00:00,64920.5,65260.0,64784.7,64784.7,8661.145,36.09853749277256,36.25778402289025,30.96148620346319,13.597672209941717,64375.23887824132,63830.49787366448,63509.09540393854,64504.310000000005,65499.52459606147,3.085730538196487,0.6408691156207053,0
2026-07-15 07:00:00,64784.8,64850.0,64450.9,64528.0,6827.282,34.931709159502624,35.404759284894325,28.52454858927199,19.110468373910035,64389.78755650405,63857.85089822666,63994.06465227654,64590.19500000001,65186.325347723476,1.845884960475715,0.4478343954157675,0
2026-07-15 08:00:00,64528.0,64785.8,64528.0,64745.0,3889.073,33.84822570718054,34.97338159997655,27.043816587725317,18.118428762933092,64423.61731302748,63892.64105908052,64117.6606452862,64630.685000000005,65143.70935471381,1.5875566063203617,0.6114128393219922,0
2026-07-15 09:00:00,64744.9,64899.9,64626.2,64644.6,3146.199,33.13981566103237,34.035762410267495,27.864278781622893,17.103315378738703,64444.663283215334,63922.12964499893,64338.885595834945,64672.77500000001,65006.66440416507,1.0325501083417674,0.45780788541273776,0
2026-07-15 10:00:00,64644.6,64826.8,64582.7,64633.0,2611.385,32.2971733083858,33.07269950778317,26.441436593760542,17.139940532939608,64462.6001133853,63950.0069138225,64412.069486879904,64690.56000000001,64969.05051312012,0.8609927418161427,0.39665716193501444,0
2026-07-15 11:00:00,64633.0,64728.7,64585.6,64707.5,1873.463,31.514719695213984,32.32726767812318,25.61564444168464,16.60464327974539,64485.923912110506,63979.71252504515,64411.484664499556,64689.56000000001,64967.63533550047,0.8597224513521385,0.5322574455726196,0
2026-07-15 12:00:00,64707.4,65241.3,64568.8,65133.7,12263.474,32.03546676835588,32.16632003837084,32.52290588962272,14.33832247335611,64547.61687286189,64024.966935827695,64369.19244578835,64711.05,65052.907554211655,1.0565662408866872,1.1181668282490567,0
2026-07-15 13:00:00,65133.7,65550.5,64852.5,65090.2,18067.99,33.06993832679314,32.29232901100356,34.08152652381158,12.44041695061537,64599.29145639885,64066.740781481516,64359.040606631715,64735.685000000005,65112.329393368294,1.163637623880212,0.970622961926505,0
2026-07-15 14:00:00,65090.2,65497.0,65033.5,65364.8,10429.982,34.03051905962774,33.03299291399181,31.134418815271715,11.364665585224115,64672.197031979915,64117.645064560675,64318.07786869343,64776.725,65235.37213130657,1.4160861985738562,1.1410974361975474,0
2026-07-15 15:00:00,65364.8,65589.7,65230.0,65391.6,7683.692,35.08287191728631,34.07640512203973,30.772965902612157,10.59870708165765,64740.711600362774,64167.60408163673,64298.70287883597,64819.155,65339.60712116403,1.6058590123985148,1.0499497232518549,0
2026-07-15 16:00:00,65391.5,65438.0,64752.0,65089.5,14894.086,34.05108729021566,34.040803174921706,27.031157200358376,17.782554050022412,64773.92954318537,64203.75686274902,64330.4717314344,64846.7,65362.92826856559,1.5921496963317965,0.735167284304919,0
2026-07-15 17:00:00,65089.6,65148.2,64939.5,65023.1,8953.781,33.09300156507863,34.087936741182475,25.995551855450096,17.10127696359122,64797.660062881994,64235.88796617063,64352.09891135674,64865.354999999996,65378.61108864325,1.5825276486754902,0.6536708511505309,0
2026-07-15 18:00:00,65023.1,65130.0,64817.1,64837.4,3429.166,31.745251661473013,32.89816947584434,24.481188997996952,18.383850241964243,64801.444818797994,64259.47667337963,64352.11737070645,64865.37,65378.62262929355,1.5825166164736308,0.4727522097271089,0
2026-07-15 19:00:00,64837.4,64967.9,64708.0,64942.0,2826.502,30.097630799599763,31.595316182339197,23.26867181515626,19.552418014918725,64814.83102653152,64286.24229403141,64351.9171407777,64861.735,65371.5528592223,1.5720142522314506,0.5787192901818307,0
2026-07-15 20:00:00,64942.1,65030.5,64869.8,64939.9,1207.369,28.75769865506864,30.25147515827083,23.76947523871886,18.92816842265526,64826.74235733805,64311.875929559596,64358.78936089137,64868.825000000004,65378.860639108636,1.572513882003047,0.5696765035127859,0
2026-07-15 21:00:00,64939.9,64985.9,64756.7,64800.0,1958.445,27.086933907108605,28.592282353354186,22.658334190665137,20.350076168391833,64824.195466163,64331.018049969025,64376.43334628166,64876.64000000001,65376.846653718356,1.5420239202225918,0.423391662795473,0
2026-07-15 22:00:00,64800.0,64949.7,64739.0,64831.5,2140.517,25.468086514740843,27.112892584904742,21.65611050474554,19.82152545997978,64824.89113605224,64350.644793107494,64430.90267606736,64894.565,65358.227323932646,1.4289712056245192,0.4319925334183894,0
2026-07-15 23:00:00,64831.6,64912.5,64660.0,64721.4,2455.054,23.656957225326877,25.37194556621774,20.486640821321405,20.44068906294937,64815.0348373806,64365.18421298563,64426.2128459868,64892.595,65358.9771540132,1.4373971452773542,0.3164648898688829,0
2026-07-16 00:00:00,64721.4,64814.7,64464.0,64554.3,4878.987,22.669539413051538,24.068812963896193,18.955540171541177,23.08991513978755,64790.20294810626,64372.60051835874,64399.07343136003,64884.135,65369.19656863997,1.495162318616003,0.16000707814803683,3
2026-07-16 01:00:00,64554.3,64807.9,64362.2,64698.6,4747.944,22.091686196472455,22.874321710899665,17.196540986621123,23.06676814190614,64781.47885781042,64385.384811756434,64381.37445513942,64873.04,65364.70554486058,1.5157777248008775,0.32260298507447055,3
2026-07-16 02:00:00,64698.6,64705.0,64550.0,64616.1,1791.299,21.55510820964902,22.11232381135028,16.61896748658535,22.2920336170619,64765.7284903999,64394.43246619736,64360.93211671712,64864.61,65368.28788328288,1.55301290883543,0.2533046335286154,3
2026-07-16 03:00:00,64616.1,64723.3,64521.0,64593.0,2045.084,21.161158611728204,21.62642240410033,15.869787546095765,21.933338606146016,64749.27815798086,64402.21942830727,64372.55814668448,64867.86000000001,65363.161853315534,1.527110200076051,0.2225328371374865,3
2026-07-16 04:00:00,64593.0,64667.0,64512.0,64610.9,2014.066,20.829417073258938,21.19226264145398,15.300656007974947,21.354986818328733,64736.0992857922,64410.40298013835,64355.33136326805,64861.155000000006,65366.97863673196,1.5597120857066298,0.25262622994759415,3
2026-07-16 05:00:00,64610.9,64974.5,64573.4,64897.9,6259.94,19.600709379059243,20.380933995393725,20.87620614149958,19.414651511156038,64751.50887762151,64429.520510329006,64378.246020815095,64873.82,65369.393979184904,1.5278088424110208,0.5242950608904117,3
2026-07-16 06:00:00,64898.0,64951.2,64603.4,64750.0,3438.699,18.459766520159526,19.644591796709232,19.243447617477955,17.89620330601332,64751.36517499089,64442.088333453365,64393.3904351806,64879.67,65365.9495648194,1.4990198464924391,0.3666713456814123,3
2026-07-16 07:00:00,64749.9,64750.0,64005.6,64200.0,12271.054,18.95815395863843,19.279431668848837,16.30422768139915,27.42864082360825,64698.85420594414,64432.594673317944,64284.409857460494,64854.295,65424.1801425395,1.757432233407222,-0.07405865775369187,3
2026-07-16 08:00:00,64200.1,64340.0,63843.1,64096.7,14623.947,19.825050337315876,19.142408428737703,14.691159943125438,27.950438419292663,64641.506186330414,64419.42233318783,64156.03504542666,64802.445,65448.85495457334,1.9950171774331684,-0.04589583205430812,3
2026-07-16 09:00:00,64096.6,64155.9,63985.1,64063.8,3330.267,20.630025546087786,19.794089752363107,14.172131566762598,26.962969034468262,64586.48654953705,64405.47635933733,64041.064018554374,64751.12500000001,65461.18598144564,2.1932004469285524,0.016009879460873733,3
2026-07-16 10:00:00,64063.9,64241.3,64047.7,64186.9,2653.349,20.963597874419335,20.394324105867604,15.409913533322154,25.8482428303074,64548.43068767637,64396.90473740253,64001.34700099154,64692.23,65383.11299900847,2.1359071993915286,0.13428684688634845,3
2026-07-16 11:00:00,64187.0,64245.6,64057.2,64226.6,2957.306,21.251943205161297,20.94098437562454,14.86475426827763,24.774819037875968,64517.78014599291,64390.22612024949,63997.03029331567,64633.98000000001,65270.92970668435,1.9709437874144204,0.18021023031736644,3
2026-07-16 12:00:00,64226.6,64226.6,63833.0,63938.1,6794.898,22.15380776817812,21.558702821298727,13.594575850750807,27.52512873123411,64462.57251304121,64372.49568416128,63905.579749604796,64576.41,65247.24025039521,2.077632529882684,0.02423880734063767,3
2026-07-16 13:00:00,63938.2,64458.7,63930.1,64354.4,11289.067,21.876420654867236,21.564181930014264,16.928834594002602,24.497606122893423,64452.270368942045,64371.786049488284,63899.7984559273,64542.975000000006,65186.15154407271,1.9930179669366126,0.35340339154323364,3
2026-07-16 14:00:00,64354.3,64844.3,64300.1,64510.0,12450.661,20.466756629024353,21.310282198601236,22.79037097167539,21.834888696084796,64457.76842904281,64377.206204410315,63898.491190413966,64526.605,65154.71880958604,1.9468366872425318,0.4867818540632415,3
2026-07-16 15:00:00,64510.0,64874.7,64281.6,64677.7,8163.41,19.258725641969548,20.56757314841839,20.791802922376252,19.364517660151513,64478.71429294349,64388.9902748256,63911.50051582445,64513.39000000001,65115.27948417556,1.865936619283388,0.6364951575994522,3
2026-07-16 16:00:00,64677.7,64687.6,64299.4,64448.4,5409.449,18.136982582561515,19.301869605792934,19.256150378331153,17.934282344818918,64475.82721742507,64391.32006796969,63921.08242293942,64488.81500000001,65056.5475770606,1.7607164189963462,0.4644066576122379,3
2026-07-16 17:00:00,64448.4,64453.1,63958.0,64045.6,7575.592,17.758594889450297,18.50866026570992,17.482654189845867,22.63337359219806,64434.853196717915,64377.76241824539,63870.32078179679,64451.09500000001,65031.869218203225,1.8022167604855002,0.1509013423025909,3
2026-07-16 18:00:00,64045.5,64306.8,64022.3,64217.1,3448.519,17.407234888704163,17.77210873563284,16.539963197607552,21.412948067696064,64414.114797030496,64371.46193125537,63859.6724111339,64420.37500000001,64981.077588866116,1.740761642154701,0.3187318874244138,3
2026-07-16 19:00:00,64217.0,64277.7,64120.2,64241.6,1749.703,17.08097203086847,17.419783460159383,16.02480833374602,20.746018872334638,64397.684816360925,64366.36930650026,63849.01344996042,64396.385,64943.75655003959,1.7000070735013608,0.3586106640098396,3
2026-07-16 20:00:00,64241.7,64249.9,64075.1,64090.1,1258.646,16.93649334696861,17.171864117836385,15.449675474982886,20.92743989097892,64368.39102432656,64355.53521604927,63814.74233666721,64373.175,64931.6076633328,1.7349856157717702,0.24654509076297754,3
2026-07-16 21:00:00,64090.1,64217.6,64077.3,64135.9,1257.933,16.8023345690616,16.941653299965033,14.98480978118582,20.297753598857824,64346.24902200974,64346.922070321845,63799.08070558221,64345.04000000001,64890.99929441781,1.6969739840640403,0.3084655741386093,3
2026-07-16 22:00:00,64136.0,64221.3,63922.6,63939.5,3705.96,17.235670956130377,17.086082151549494,14.017759666860899,22.33018775047559,64307.511019913574,64330.9447342308,63752.27498673286,64311.20999999999,64870.14501326712,1.7382195522899713,0.16748370456590037,3
2026-07-16 23:00:00,63939.6,63978.6,63712.6,63801.0,6353.682,18.290900706609193,17.546617637835396,13.20074954848615,25.63005952606805,64259.2718751599,64310.16258779038,63685.187285925706,64271.61,64858.032714074296,1.8248265885179944,0.09874507867342085,3
2026-07-17 00:00:00,63801.1,63890.4,63580.0,63862.9,6331.479,19.632905463627267,18.434288209878822,12.29985573937686,26.79631039944536,64221.52217276372,64292.62287846527,63643.50372193052,64234.21,64824.916278069475,1.839226412434981,0.1857067431097067,3
2026-07-17 01:00:00,63862.9,64041.6,63435.6,63510.8,8486.817,20.057668058435237,19.174284382522217,13.887276634095965,23.433869815481764,64153.83434678622,64261.96315774114,63576.535117530766,64164.855,64753.17488246924,1.8337760834002887,-0.055866816241927984,3
2026-07-17 02:00:00,63510.7,63628.0,63358.0,63457.5,5328.647,20.687638200408326,20.1602718320178,13.098631947530619,23.735241759583293,64087.51678994944,64230.415582927766,63498.740627119994,64100.23,64701.71937288001,1.8767151783387013,-0.034282091238394506,3
2026-07-17 03:00:00,63457.5,63693.2,63450.1,63538.1,3554.461,20.917747395917804,20.48770772717652,13.814769103645846,22.496488238762332,64035.19138138282,64203.26595222472,63417.822737838826,64067.135,64716.44726216118,2.02697455461736,0.0926189671521381,3
2026-07-17 04:00:00,63538.0,63560.0,63281.0,63460.0,5069.199,21.659728400548392,21.17368330047836,12.977642803463926,24.80599140615103,63980.41124982256,64174.11826782375,63331.90972276505,64035.3,64738.69027723496,2.1968828981357276,0.09105206695383768,3
2026-07-17 05:00:00,63460.1,63460.1,62754.6,62807.3,15626.008,23.55467428603855,22.236210840978178,11.139458933718574,31.86087943115552,63868.68636888707,64120.51755143851,63080.60150442527,63972.475,64864.348495574726,2.7883038621679956,-0.15321764004723062,3
2026-07-17 06:00:00,62807.4,62961.7,62655.0,62915.4,10696.868,25.490764928630917,23.575246664589656,10.446712620094026,31.89905394386344,63777.89719089783,64073.2580396174,62906.90977628297,63908.899999999994,64910.89022371702,3.135682897740454,0.004236679917662311,3
2026-07-17 07:00:00,62915.5,62947.1,62761.3,62792.9,4831.261,27.288563382466684,25.42161883425262,10.039394019380378,30.655305935373985,63684.08793462184,64023.04792041672,62731.18617525745,63837.21499999999,64943.24382474253,3.465153750026663,0.027898832002375383,1
2026-07-17 08:00:00,62792.8,62905.0,62611.0,62857.5,6784.932,29.22944815713452,27.36010654288272,9.41391712633239,31.93045511431386,63605.36527418167,63977.34015883175,62595.356131808636,63783.18499999999,64971.013868191345,3.7245831113368038,0.11034580620629175,1
2026-07-17 09:00:00,62857.4,63039.8,62831.8,62962.2,4213.74,30.267622593704132,28.778092988085408,11.924210610407874,30.48345474009136,63544.11143854532,63937.530740838345,62503.72320415959,63713.575,64923.4267958404,3.7977834263433015,0.1894764290207673,1
2026-07-17 10:00:00,62962.3,63165.9,62962.2,63146.9,4237.483,30.561930104516584,29.895689130825552,14.204032564826445,29.092976892944474,63506.28177773148,63906.52561374665,62471.43020429282,63645.42,64819.40979570718,3.689157195308573,0.2876812891292205,1
2026-07-17 11:00:00,63146.9,63337.4,63031.3,63273.2,5404.24,29.998243122756126,30.132932858230127,17.07908651550652,27.093047206247732,63484.08351318562,63881.689315168354,62497.08633351949,63575.19500000001,64653.303666480526,3.391601603362817,0.35994222596045383,1
2026-07-17 12:00:00,63273.1,63320.0,63037.0,63073.9,5253.453,29.4748194968357,30.018374800676142,15.98501101224734,25.357483701133585,63445.01841669175,63850.011302808816,62489.21268617528,63506.47000000001,64523.72731382474,3.2036336260690654,0.2873841779649585,1
2026-07-17 13:00:00,63073.9,63155.8,62505.1,63128.6,16457.338,30.307526324205583,30.152884723480852,13.7965787246044,33.07692238337807,63414.883329387776,63821.72066348298,62463.20869466825,63460.62000000001,64458.03130533177,3.143402334650254,0.3335591354212827,1
2026-07-17 14:00:00,63128.7,63496.0,63051.4,63142.5,11255.645,29.657081274636113,29.565950385735906,19.536777571727306,30.04976760812736,63388.94205992227,63795.08455903267,62466.94158954366,63406.89000000001,64346.83841045635,2.9648147400269758,0.3593593025644645,1
2026-07-17 15:00:00,63142.5,63432.5,62817.0,63432.4,9297.664,29.586959737566822,29.947243030886202,17.191156242568663,31.014235342209748,63393.08091135824,63780.861635149035,62511.99154950292,63366.43,64220.86845049708,2.6968173857895428,0.5386043020194271,1
2026-07-17 16:00:00,63432.4,63681.3,63272.4,63553.7,9059.142,28.62280743731259,29.13994435597435,20.6443756503066,28.560932876810863,63408.37796741936,63771.95333573143,62549.567416468504,63339.61,64129.6525835315,2.4946240860387245,0.6354926965094796,1
2026-07-17 17:00:00,63553.7,64194.6,63553.7,64011.8,12832.426,26.909493251085028,28.248226494325927,27.646696754222294,25.196662576095825,63465.84673242704,63781.359087271376,62568.134330371846,63333.405000000006,64098.675669628166,2.4166414852577724,0.9432385997033078,1
2026-07-17 18:00:00,64011.8,64356.7,63855.8,64220.1,8585.457,25.70846544875419,27.165636443033392,28.071997421739077,22.92390774954605,63537.6803769578,63798.564613260736,62527.07227592225,63347.435000000005,64167.79772407776,2.590042435270684,1.0318775307477766,1
2026-07-17 19:00:00,64220.1,64226.1,63943.5,64121.4,4380.552,24.59322534658984,25.751359298837436,26.613462731513284,21.73285197300354,63593.27272200944,63811.224824505414,62494.71192132801,63363.455,64232.198078671994,2.742095040972726,0.9362308135787599,1
2026-07-17 20:00:00,64121.4,64165.7,63928.9,64086.1,3417.904,23.510904422838696,24.609684935796444,25.42156247966583,21.035660382261376,63640.208653246635,63822.00424315227,62473.717946997334,63374.615000000005,64275.512053002676,2.8430848944886553,0.8948758615807593,3
2026-07-17 21:00:00,64086.2,64188.2,64031.6,64070.6,1550.761,22.56907693241112,23.58115113950048,25.079892416603084,20.385450475386385,63681.19830531839,63831.75309636198,62450.55971254144,63402.605,64354.650287458564,3.0031740413775134,0.850821021226404,3
2026-07-17 22:00:00,64070.6,64117.5,63891.6,63952.8,1753.78,21.210405904629724,22.360655163734208,23.930777664277706,22.290976558432302,63707.06513338331,63836.500033759556,62444.05781398708,63427.37,64410.68218601293,3.100592649554679,0.7671735423774632,3
2026-07-17 23:00:00,63952.7,63985.0,63860.0,63909.9,1443.556,19.83995952539727,21.204518228904195,23.29475250262747,22.370417943257685,63726.38273972776,63839.37846380821,62440.03535408125,63445.96000000001,64451.88464591876,3.170965167581217,0.7306037544075967,3
2026-07-18 00:00:00,63909.9,63991.0,63859.6,63881.6,1490.455,18.588393730590653,19.89939981761019,22.747714696019596,21.717005410344328,63741.16533594416,63841.03421032553,62442.381019191766,63467.04,64491.698980808236,3.2289483826825243,0.7022916930240533,3
2026-07-18 01:00:00,63881.6,63980.0,63862.0,63929.2,1280.563,17.426225492555936,18.633092508976603,22.122794342477363,21.120400481881525,63759.073399187575,63844.49169227355,62528.14220494363,63523.13500000001,64518.12779505639,3.1326942382688747,0.7040542414063303,3
2026-07-18 02:00:00,63929.2,64014.9,63900.0,63931.5,1347.221,16.485452502028323,17.536923116309488,22.353844000804322,20.5290056616906,63775.49498021733,63847.90378277263,62606.21365459934,63573.94,64541.66634540066,3.044412051229358,0.684742309486242,3
2026-07-18 03:00:00,63931.6,63995.8,63900.0,63989.5,1220.595,15.611877582252681,16.51905153740431,21.80560038880817,20.02551748246515,63795.87641067282,63853.45657560508,62723.08236136564,63633.770000000004,64544.45763863437,2.8622778082592455,0.6953084597334802,3
2026-07-18 04:00:00,63989.5,63992.8,63915.0,63946.3,780.402,14.800700871032443,15.643076686530383,21.347699778830826,19.604997225887434,63810.202466799215,63857.0974942088,62845.25436053326,63688.21000000001,64531.16563946675,2.6471324581637483,0.6530863475587307,3
2026-07-18 05:00:00,63946.3,63973.3,63894.3,63936.3,1075.625,13.939637197286586,14.775757389769634,20.868489239939727,19.753097867050744,63822.21175567548,63860.203474828064,62960.65648561102,63736.91500000001,64513.173514389,2.4358207936138365,0.6284269327190153,3
2026-07-18 06:00:00,63936.3,63979.0,63914.1,63954.1,888.648,13.169779019024835,13.985239945028638,20.633141235714845,19.368442096088284,63834.77254084925,63863.88569150148,63047.644218459165,63777.27500000001,64506.90578154085,2.2880588157485358,0.6211743010804509,3
2026-07-18 07:00:00,63954.2,64000.0,63952.8,63980.1,1583.413,12.57029141269617,13.254964304991379,20.991556347979458,19.077477616115374,63848.61325124456,63868.44311536417,63118.16434615207,63812.62000000001,64507.07565384795,2.1765464381432302,0.6205836535939998,3
2026-07-18 08:00:00,63980.0,63997.8,63930.4,63977.2,1367.761,11.872915348900369,12.521347183962602,20.517561511428255,19.397145111325017,63860.85960826889,63872.70809123224,63254.0496265446,63857.78500000001,64461.52037345542,1.8908747726073258,0.5988968058277981,3
2026-07-18 09:00:00,63977.2,63985.0,63912.0,63961.2,1041.152,11.105216814149703,11.837754113422935,19.991044857932685,19.546197168888586,63870.4158360528,63876.17836216431,63401.90950349161,63899.415,64396.92049650839,1.5571519598681487,0.5620947913476512,3
2026-07-18 10:00:00,63961.1,63990.0,63957.3,63981.2,581.795,10.426004693447844,11.149460021174107,19.933567201214558,19.307187778291297,63880.966708809676,63880.296857765716,63593.64224309208,63941.35,64289.05775690792,1.0875834085702578,0.5573038697128516,3
2026-07-18 11:00:00,63981.2,64073.2,63981.2,64033.3,1101.39,10.348245006622705,10.726730910386204,22.452257330287416,18.617429126666963,63895.474641304,63886.29698099059,63717.7276216371,63971.395,64225.06237836289,0.7930650202731829,0.622020025593211,3
2026-07-18 12:00:00,64033.2,64237.7,64019.4,64181.4,3668.169,11.20513908257431,10.815571888011076,26.877798752540897,17.060001767557733,63922.70562784647,63897.869648402724,63821.79931942821,64002.78,64183.76068057179,0.5655400611404348,0.9934780868202947,3
2026-07-18 13:00:00,64181.5,64185.4,63925.2,64081.3,3187.123,11.29048096812235,10.819362987372529,24.271506768402965,18.916256327878493,63937.80985376586,63905.06299552419,63821.90747377729,64006.255000000005,64190.60252622272,0.5760297215411675,0.703542194293767,3
2026-07-18 14:00:00,64081.2,64167.2,64065.8,64099.0,1539.936,11.369727004702677,11.287433043638494,23.322393940103172,18.176555174772954,63953.16129626435,63912.668368248735,63838.913892649005,64000.200000000004,64161.486107351004,0.5040175104171529,0.8062880046605063,3
2026-07-18 15:00:00,64099.0,64135.6,64000.0,64090.0,1415.443,10.947293425766958,11.118887196944655,22.079004942895384,19.794528619965735,63966.19355376298,63919.622549886044,63841.760599397174,63998.630000000005,64155.499400602836,0.49022737081350287,0.7912295184684555,3
2026-07-18 16:00:00,64090.0,64298.6,64054.5,64278.2,3832.348,11.510589364465083,11.44015818458388,26.265873415346974,17.940326748557876,63995.9084534046,63933.68441067483,63810.59028658671,64008.23500000001,64205.879713413306,0.6175602667791034,1.1829552770163438,3
2026-07-18 17:00:00,64278.3,64466.0,64250.3,64450.0,5266.335,12.818174017750973,11.882733721758965,30.46797689904253,16.471992167259923,64039.15526736606,63953.932080844446,63748.251689620294,64027.205,64306.15831037971,0.8713586994144366,1.2578239516578873,3
2026-07-18 18:00:00,64450.0,64666.0,64424.5,64477.3,4442.025,14.775745115715473,13.143167240090278,35.16985833854734,14.992476003284843,64080.88333714072,63974.4563129682,63712.25080583705,64053.43000000001,64394.609194162964,1.0652956263636661,1.1211838342603384,3
2026-07-18 19:00:00,64477.4,64566.0,64445.5,64526.3,1721.549,16.59348970668251,14.705831862216742,33.55055613876199,14.302187485809084,64123.303971698755,63996.09724187141,63690.36967352723,64084.25000000001,64478.13032647278,1.2292578175535354,1.061147600285831,3
2026-07-18 20:00:00,64526.4,64738.2,64467.2,64665.5,3210.202,18.832087208197876,16.803916161956675,36.55949578091601,12.86731845056844,64174.94168867983,64022.34833042548,63663.92976125931,64123.44500000001,64582.96023874071,1.433220684698708,1.089811778044068,3
2026-07-18 21:00:00,64665.5,64819.2,64584.2,64697.6,3096.293,21.13886566302246,18.866177684852488,36.38033698021061,11.765051272739688,64224.71867071032,64048.82878805585,63645.72882345338,64161.865,64678.00117654662,1.6088565273051862,1.0189860974137797,3
2026-07-18 22:00:00,64697.5,64837.4,64680.6,64774.4,2034.289,23.33192189293061,21.082004550564243,34.943851284163436,11.082849059226296,64277.06927349981,64077.28256107327,63632.40271891203,64204.01,64775.61728108797,1.7805968228089506,0.9989352120518356,3
2026-07-18 23:00:00,64774.3,64818.1,64677.7,64806.7,2054.006,25.341184328552888,23.240024995787675,33.09344533343451,10.605348564472875,64327.51029507125,64105.88716652138,63623.18796889989,64244.87,64866.55203110012,1.9353515108680701,0.951862826890616,3
2026-07-19 00:00:00,64806.7,64878.8,64750.0,64756.5,2842.165,27.392090890213755,25.36200639157218,33.791133941533,10.078108140323224,64368.366457445416,64131.40139528525,63640.46130059256,64285.38,64930.29869940744,2.0064241648954733,0.8652553418228325,0
2026-07-19 01:00:00,64756.5,64771.8,64750.0,64750.0,2790.617,29.2965041260417,27.318844227297294,33.48767906806686,9.987603600410733,64404.71250911728,64155.66016409759,63671.280161813396,64326.064999999995,64980.849838186594,2.0358305398802146,0.8237208433033334,0
2026-07-19 02:00:00,64750.0,64948.8,64672.4,64795.4,5032.332,31.566956909072605,29.47952389964318,36.824521358024995,8.896699663383488,64441.9208415823,64180.74800079965,63705.90755017223,64368.12999999999,65030.35244982775,2.0576097203002712,0.8226030770409123,0
2026-07-19 03:00:00,64795.5,64815.8,64594.6,64686.8,2849.995,32.89828701785523,31.097395571948468,33.65624778022747,11.157331224706082,64465.24266619351,64200.59317723889,63753.109588581654,64403.465,65053.82041141834,2.019628637739732,0.7178308929436665,0
2026-07-19 04:00:00,64686.8,64775.2,64580.4,64692.2,1668.466,33.99398357002063,32.78047023954662,31.117179914833937,10.865539470298108,64486.85765036556,64219.87187617069,63809.23169771247,64439.21500000001,65069.19830228755,1.9552792574755575,0.7007870677535178,0
2026-07-19 05:00:00,64692.2,64789.8,64643.4,64695.1,1325.774,35.06427467268841,33.981280845271826,29.90042362500658,10.240284106361418,64506.690255092646,64238.50827318361,63878.50801103089,64475.91,65073.311988969115,1.8531013799389933,0.6834526868400903,0
2026-07-19 06:00:00,64695.0,64737.7,64670.0,64682.3,934.088,36.05811641087992,35.026049990450275,29.067423725079774,9.954998662154967,64523.41499270287,64255.91187031366,63954.944329139435,64510.965000000004,65066.98567086057,1.7238020570939194,0.6540725093320893,0
2026-07-19 07:00:00,64682.2,64759.3,64643.4,64692.2,1918.387,36.668936741356774,35.86660570702259,27.647382105116858,10.589888320567647,64539.489755302595,64273.02120873273,64030.61722461121,64543.91,65057.202775388796,1.5905227166708447,0.6444497245141154,0
2026-07-19 08:00:00,64692.1,64723.5,64600.0,64678.1,2064.203,36.7300122156278,36.394064313253864,26.179714709815887,11.893226696500266,64552.69073098806,64288.90665152753,64081.92115646443,64568.744999999995,65055.56884353556,1.507924131204864,0.6123147535315963,0
2026-07-19 09:00:00,64678.2,64694.0,64467.2,64495.2,3177.976,35.421142274895736,36.04503950812625,23.692334041391785,16.326528935251837,64547.215423274916,64296.99658676175,64157.802118628664,64589.44,65021.07788137134,1.3365586738988235,0.3908344192351707,0
2026-07-19 10:00:00,64495.1,64677.7,64454.6,64561.4,2700.58,34.08731051905309,35.40866136734044,21.525744104210606,15.349982621507568,64548.56633534397,64307.365348065214,64247.0631793601,64612.56000000001,64978.056820639926,1.1313491390525725,0.4300130710980747,0
2026-07-19 11:00:00,64561.4,64610.0,64415.0,64445.7,2748.941,32.47134177410396,33.94624202449985,19.819716561115335,15.742906983813155,64538.76954150168,64312.790236376386,64346.39176830048,64630.345000000016,64914.298231699555,0.8786994149560523,0.17486723272197524,0
2026-07-19 12:00:00,64445.7,64445.7,64259.5,64417.5,4959.504,30.61211048463258,32.349710501842836,18.32613642468678,20.849897140957008,64527.22006135866,64316.89650161653,64384.61234499458,64637.31000000001,64890.007655005444,0.781894094928862,0.0650731305850708,0
2026-07-19 13:00:00,64417.4,64497.9,64273.4,64453.0,2219.753,28.46837481791778,30.46985829601087,18.765135393828576,18.991604530004345,64520.15148408641,64322.23389371,64385.22736384842,64637.46000000001,64889.692636151594,0.7804534279397363,0.13434549387742833,0
2026-07-19 14:00:00,64453.0,64633.0,64389.0,64561.1,2455.842,27.345499887674492,28.978805186153537,22.22292470179741,17.197552659040742,64524.051342744846,64331.601191995884,64397.98081528006,64641.65000000001,64885.319184719956,0.7539076886804319,0.3347144303605982,0
2026-07-19 15:00:00,64561.0,64594.7,64466.6,64545.2,1616.379,26.302830309591442,27.38560256375461,21.096190782810726,16.325612256752756,64526.06550057867,64339.97761583918,64400.669039375294,64642.59500000001,64884.52096062472,0.7485032450343746,0.2987090766354451,0
2026-07-19 16:00:00,64545.3,64624.8,64474.2,64510.7,1470.209,25.54122471439686,26.443362301035677,21.029267589417852,15.340852753392156,64524.60211957118,64346.672611296475,64386.20292453165,64634.855,64883.507075468355,0.7694055334953611,0.25034392983418197,0
2026-07-19 17:00:00,64510.7,64733.0,64365.7,64520.0,3957.134,23.892310787475676,25.09757054853356,18.153226025769346,17.28276578514783,64524.163822469156,64353.46976379465,64374.09367559883,64625.975000000006,64877.85632440118,0.779504910838641,0.28963307372638436,0
2026-07-19 18:00:00,64520.0,64529.1,64262.9,64399.8,3442.309,22.772868345721747,24.157046530059304,16.402373693248336,19.340477759906392,64512.319648900666,64355.2866358027,64346.28771391463,64607.245,64868.202286085376,0.8078266952425326,0.10253073766997013,3
2026-07-19 19:00:00,64399.8,64442.2,64319.5,64438.1,1085.17,21.733386078378814,22.812848432927247,15.652973585291555,18.45684003817983,64505.251110910125,64358.534218712404,64335.20805774279,64588.814999999995,64842.4219422572,0.7852967801226998,0.2028571089999105,3
2026-07-19 20:00:00,64438.1,64534.3,64438.0,64515.9,1059.316,20.34904664192648,21.560957493824112,18.626900752125643,17.77060076784665,64506.26529082345,64364.705425821725,64334.0778099367,64576.784999999996,64819.49219006329,0.7516855788447646,0.3745710829907494,3
2026-07-19 21:00:00,64516.0,64539.0,64305.0,64393.7,1677.019,19.691770675512455,20.712578376945636,16.975283160871527,21.234609908233793,64495.544786935505,64365.842467946364,64317.49366269787,64558.969999999994,64800.44633730212,0.748079894403913,0.15779255672323572,3
2026-07-19 22:00:00,64393.6,64874.9,64319.3,64642.7,6743.994,19.585069235575386,19.967057938750933,25.01167233800593,17.30999606442026,64509.55956913212,64376.69962606612,64332.7644739786,64551.335,64769.9055260214,0.6771990882029063,0.7090057650111795,3
2026-07-19 23:00:00,64642.8,64748.1,64534.9,64694.7,2054.877,19.485989327062395,19.588880001287425,23.236908242845924,16.081723156982065,64527.191991119544,64389.17022896549,64332.10268791498,64551.73,64771.35731208503,0.6804691743661206,0.8254831984299073,3
2026-07-20 00:00:00,64694.8,65084.6,64380.0,64526.0,9897.467,20.765582813034538,20.17532602430496,28.18089651615399,12.839242303854958,64527.07846815578,64394.5361023394,64333.82347933028,64543.420000000006,64753.01652066973,0.6494744798764054,0.45844396666427584,3
2026-07-20 01:00:00,64526.0,65011.0,64470.0,64594.7,5478.733,21.953776764294386,20.71988304567839,24.153978215566916,11.004574632106896,64533.51861404571,64402.385666953545,64339.56675062807,64538.40000000001,64737.233249371944,0.6161703710409163,0.6415759189618084,3
2026-07-20 02:00:00,64594.7,64940.0,64551.6,64800.1,4762.318,23.057099719035673,21.911341266035105,21.750930005307865,9.909743663132042,64558.90731746993,64417.98230746517,64321.9221312424,64544.29,64766.657868757604,0.6890396307949255,1.0751955114496534,3
2026-07-20 03:00:00,64800.1,64887.0,64610.2,64839.4,2578.628,24.08161389129544,23.01769532779491,20.207925832099228,9.20674954637891,64585.62090628232,64434.50849148614,64300.75491602851,64551.65,64802.54508397149,0.7773467726122847,1.0734468676012383,3
2026-07-20 04:00:00,64839.3,64843.4,64503.0,64511.3,3108.675,24.135986258110286,23.596542988572978,18.472437768654466,11.120672558306167,64578.542724731626,64437.519923192565,64299.11334153972,64543.310000000005,64787.50665846029,0.7566908435910247,0.43445856261540944,3
2026-07-20 05:00:00,64511.4,64536.1,64046.0,64101.7,9123.542,23.273191080337536,23.677402485816486,16.301676797660807,20.771540380390395,64533.129131900045,64424.35051443992,64209.67397475706,64523.635,64837.59602524294,0.9731659576926845,-0.17195442439633113,3
2026-07-20 06:00:00,64101.8,64198.3,63736.1,63890.0,10191.102,23.587200521752013,23.86159338993115,14.56353744912235,25.70578700777636,64471.878738385756,64403.39559230502,64068.103922843875,64490.06500000001,64912.026077156144,1.3086080070042871,-0.2110430706597763,3
2026-07-20 07:00:00,63890.0,64285.5,63865.0,64250.0,5480.1,23.413246925035573,23.343219002686553,15.147473126212025,23.274412887430596,64450.74742996806,64397.380078881295,64045.11735841095,64480.280000000006,64915.44264158906,1.349754193341148,0.23540927231355765,3
2026-07-20 08:00:00,64250.0,64337.0,63858.1,64031.4,8326.137,22.97957811090332,23.283389316327664,14.69075932085437,20.855076823829037,64410.80957949491,64383.02791892517,63982.031149315546,64460.975000000006,64939.918850684466,1.4859962967809899,0.0515392885970896,3
2026-07-20 09:00:00,64031.4,64260.0,63984.5,64176.6,3055.595,22.576885640637652,22.99506628283661,13.801929303880014,19.593289200570403,64388.5039052573,64374.932706418294,63951.57985311134,64447.155000000006,64942.73014688867,1.537927149425499,0.2270292894038236,3
2026-07-20 10:00:00,64176.6,64393.2,64137.0,64280.5,3345.929,21.480464091521252,22.230021101212287,15.983670124721083,18.473914215589556,64378.217819042315,64371.22946302935,63935.24981853483,64433.125000000015,64931.0001814652,1.5454013179251636,0.3467236310606422,3
2026-07-20 11:00:00,64280.5,65048.3,64237.1,64970.8,13005.77,21.83066947274429,22.203777556690973,26.54454808945045,15.46185593413929,64434.65421722876,64394.74203310663,63902.87022474192,64454.405000000006,65005.93977525809,1.7113951335307045,0.9681436449391198,3
2026-07-20 12:00:00,64970.8,64982.0,64571.0,64627.2,10164.095,22.155860183879966,21.81816213770061,24.376016528581545,14.198714347784133,64452.99191082602,64403.85803180833,63903.753157522515,64460.23000000001,65016.706842477506,1.7265741759763984,0.650024212379277,3
2026-07-20 13:00:00,64627.1,64737.5,64174.5,64315.0,9833.494,20.829778213440644,21.33022384309247,21.75429434958918,20.246178094435702,64439.84982408068,64400.37340310997,63890.59428202279,64449.98,65009.36571797722,1.7358755362754703,0.3793497977673602,3
2026-07-20 14:00:00,64315.0,64550.0,64034.3,64393.0,7606.114,19.56094755334644,20.858403868613202,19.667643963082696,20.911872386528287,64435.38793607299,64400.084250046835,63890.11761194029,64449.64,65009.16238805971,1.736308808116574,0.44938540332906673,3
2026-07-20 15:00:00,64393.0,65688.0,64386.8,65570.1,26658.588,20.592675828129465,20.711227020785053,33.683266508189014,16.58833598928856,64543.45575168509,64445.96722063323,63755.34068962678,64506.24,65257.13931037322,2.328144720179694,1.2083905826676251,3
2026-07-20 16:00:00,65570.1,65615.5,65301.8,65478.6,10648.534,21.550709226142274,20.555828389744356,31.967305638076816,15.743259534159934,64632.51710866746,64486.462623745654,63686.548008084035,64554.375,65422.201991915965,2.688669797874938,1.0324938084488013,3
2026-07-20 17:00:00,65478.6,65642.0,65313.9,65560.0,6542.949,22.48566177927738,21.539168803703422,30.67083338248074,14.888915783240385,64720.848812603894,64528.5621286968,63639.92509433811,64612.689999999995,65585.45490566187,3.0110645622767893,0.9869162088837122,3
2026-07-20 18:00:00,65560.0,65788.0,65168.0,65215.8,11084.442,23.605926647774766,22.57831793695852,29.962489681601056,13.408178788543593,64767.987020927336,64555.512633453785,63631.78972432921,64641.345,65650.90027567079,3.123559002897576,0.7845089386602975,3
2026-07-20 19:00:00,65215.7,65256.1,65011.4,65119.3,7696.738,24.066730820883308,23.276196300080343,28.747313947097638,15.459876807244802,64801.44539988664,64577.62194194579,63630.684677644196,64662.575000000004,65694.46532235581,3.1916153118115327,0.7213050118336677,3
2026-07-20 20:00:00,65119.3,65435.3,65030.2,65344.7,4390.078,24.831701401794362,24.218814024784564,29.79172089617034,14.417411876506803,64853.18393323077,64607.70343441851,63630.30358163298,64703.51000000001,65776.71641836704,3.31730509942051,0.7987263163108966,3
2026-07-20 21:00:00,65344.8,65416.4,65241.6,65258.5,1872.846,25.542031226926056,24.804381023904682,28.88658155035088,13.979378545038912,64891.78546339927,64633.224868362886,63636.93353292239,64736.70000000001,65836.46646707764,3.3976599581925697,0.7372321832045614,3
2026-07-20 22:00:00,65258.4,65258.5,65061.2,65118.7,2625.107,25.49864499582547,25.165173198809917,27.85776837671349,16.737984964817894,64913.39637164696,64652.26310881925,63639.84411885921,64752.630000000005,65865.4158811408,3.4370368621036493,0.6644835750543082,0
2026-07-20 23:00:00,65118.8,65244.9,65098.8,65224.8,2029.166,25.458357781232067,25.50019450407906,27.08840481878684,16.27572267980947,64943.05386006153,64674.715535924384,63639.61048894498,64771.9,65904.18951105502,3.496236828177106,0.6999930210331131,0
2026-07-21 00:00:00,65224.7,65561.0,65115.3,65538.9,4344.322,26.113791015102343,25.806218005463904,30.734707401858184,14.921829320860473,64999.80111148424,64708.60512275088,63648.3259044116,64823.28,65998.2340955884,3.6250991791479863,0.8045310462285009,0
2026-07-21 01:00:00,65538.8,65634.4,65202.1,65205.1,4372.902,26.868554259190123,26.163456020211093,29.63501746844953,13.728918979520705,65019.35338658098,64728.075510093986,63743.20686907214,64878.45,66013.69313092786,3.499600039544281,0.643867860153014,0
2026-07-21 02:00:00,65205.1,65479.5,65145.1,65386.4,3325.329,27.32035545712663,26.717073236114487,27.78465639960676,13.935997929319523,65054.31020690661,64753.89215675696,63897.88683266322,64953.270000000004,66008.65316733679,3.2496690846720484,0.7052003544328758,0
2026-07-21 03:00:00,65386.4,65572.2,65380.0,65539.5,3014.818,27.94396709711168,27.4062606781509,28.545456749476074,13.417445201690132,65100.51875862979,64784.70030747238,63985.9712437393,65017.745,66049.5187562607,3.173822027388676,0.7528437057223254,0
2026-07-21 04:00:00,65539.5,65723.0,65453.5,65494.2,4594.005,28.84141845303552,28.080886955081077,30.003642713473514,12.703650287568294,65138.012210188856,64812.523824826414,64150.13615320832,65090.885,66031.63384679168,2.8905701521547322,0.714358487589679,0
2026-07-21 05:00:00,65494.2,65927.9,65460.1,65724.9,6383.305,30.068061788994324,29.006014443053004,31.251613111336482,11.554586451274478,65193.906285408964,64848.30328267636,64291.70537124569,65168.3,66044.89462875431,2.6902485679519286,0.8174785594973104,0
2026-07-21 06:00:00,65724.8,65970.0,65604.8,65892.4,5914.487,31.28447349511983,30.062945974077675,29.85772333613583,10.738013819292103,65260.429496322395,64889.24825198317,64420.93529216848,65248.895000000004,66076.85470783153,2.537850511741317,0.8886088863462726,0
2026-07-21 07:00:00,65892.5,66240.0,65828.2,66166.9,10295.944,32.87399057923424,31.47102618411428,32.679937824816186,9.889327088588114,65346.760020482165,64939.35224210148,64396.7823375102,65308.700000000004,66220.6176624898,2.792637619458978,0.9705468680455492,0
2026-07-21 08:00:00,66166.8,66337.8,66103.4,66200.0,9095.828,34.50041957835212,32.892446536735974,33.097839630450565,9.432345099453238,65428.02097091243,64988.78940907789,64451.91337534781,65387.34000000001,66322.76662465221,2.861185742231453,0.9343793401765432,0
2026-07-21 09:00:00,66199.9,66320.4,66110.0,66261.2,3769.983,36.010675077533016,34.44233282838363,31.682612518947472,9.029028428067884,65507.371354635055,65038.687863623854,64616.41614719258,65484.65,66352.88385280743,2.651717166717457,0.9472009456260136,0
2026-07-21 10:00:00,66261.3,66390.0,66145.5,66161.1,6340.189,37.52732395310354,36.01387176572783,31.519243717278503,8.57041561225206,65569.6312256222,65082.70402583469,64820.47786850782,65573.05500000001,66325.6321314922,2.2953852965739894,0.8906875291533507,0
2026-07-21 11:00:00,66161.0,66333.0,66117.1,66317.9,3759.054,38.760408828875015,37.38554195320401,30.066954639941788,8.781621038123575,65640.89491842009,65131.14308364509,64787.473016143056,65610.44499999999,66433.41698385692,2.508661490885888,0.9298171832560165,0
2026-07-21 12:00:00,66317.9,66618.0,66236.0,66527.7,7956.073,40.37133652986111,38.94933024148233,33.661792154541665,8.072859591840858,65725.35254523723,65185.910021541364,64746.8401536427,65662.9,66578.95984635729,2.790190035338972,0.9720215624769887,0
2026-07-21 13:00:00,66527.7,66777.0,66290.4,66748.8,11900.874,42.087630499456495,40.424019664165755,33.563497819329896,7.268144123195948,65822.82373140511,65247.199824618176,64687.78289384412,65722.34,66756.89710615587,3.148266194283019,0.996086679938842,0
2026-07-21 14:00:00,66748.7,66924.1,66609.0,66804.3,13494.794,43.86855472848981,42.11994562917546,34.41625658186252,6.7957410091647805,65916.29766174748,65308.26257659394,64689.9288718329,65801.765,66913.60112816711,3.379350472337956,0.9508465656952108,0
2026-07-21 15:00:00,66804.3,66804.4,66487.9,66648.5,6212.963,44.791255192545925,43.439442846001214,32.155496698094396,8.862735304742118,65986.03121777152,65360.82090692359,64753.74785483303,65878.225,67002.70214516699,3.4138052297765356,0.8425036263790004,0
2026-07-21 16:00:00,66648.5,66736.7,66428.5,66507.1,4088.719,45.29692721058904,44.58274096953943,30.083170952807446,9.533658618326243,66035.65681607899,65405.773028220705,64807.82401266971,65936.34500000002,67064.86598733031,3.423062007244408,0.7528774415397483,0
2026-07-21 17:00:00,66507.1,66537.1,65939.0,66181.1,12541.97,43.405134600814165,44.09819489668004,26.512286223268156,18.116747893833097,66049.50854788099,65436.17800750617,64895.97605311521,65982.47500000002,67068.97394688483,3.2932955209237202,0.5914059790713465,0
2026-07-21 18:00:00,66181.1,66333.0,66071.2,66287.5,4476.6,41.64847003459464,43.472698622591835,25.10742043143934,17.15675526396719,66072.17440046376,65469.563183682396,65026.70977364751,66040.91500000001,67055.1202263525,3.0714451074837363,0.6215656326712169,0
2026-07-21 19:00:00,66287.6,66467.4,66230.0,66409.5,3604.885,40.39319548037505,41.89916504059461,26.657535638973982,16.312629074282057,66104.30064803864,65506.423450988965,65150.2975294593,66100.15000000001,67050.00247054071,2.8739797732401726,0.6628410777433132,0
2026-07-21 20:00:00,66409.5,66465.6,66326.3,66373.8,1670.198,39.227583394314,40.438026714454324,25.85373096183594,15.820754366735734,66129.96725298734,65540.43821761684,65223.02000025265,66141.895,67060.76999974735,2.7784961399952426,0.6261896340980903,0
2026-07-21 21:00:00,66373.8,66380.8,66261.7,66352.4,2220.28,37.83615349799628,39.11467448918566,25.155328358596925,16.85860051081405,66151.1513241314,65572.27985614167,65389.90858611313,66199.26000000001,67008.61141388689,2.4451977677299643,0.5946066179488932,0
2026-07-21 22:00:00,66352.4,66352.6,66172.0,66271.2,2432.153,36.12016044570003,37.67387192000702,24.092518689647683,18.244784241324727,66162.58453135697,65599.68848923415,65530.20127908012,66243.5,66956.79872091989,2.1535659224524286,0.5194168299953426,0
2026-07-21 23:00:00,66271.3,66544.8,66200.0,66522.4,3085.24,35.15858201332426,36.49736775566027,26.622141733711917,16.786568977102196,66196.85267122774,65635.87325436223,65651.816399956,66292.645,66933.473600044,1.9333324233600828,0.6792640028739474,0
2026-07-22 00:00:00,66522.3,66711.0,66503.9,66591.7,4924.6,34.74763386478918,35.43389715524461,29.258402141895157,15.961384602641536,66234.45717872985,65673.35665615195,65815.92155399754,66347.52,66879.11844600247,1.6024666664329363,0.7296658331454771,0
2026-07-22 01:00:00,66591.8,66629.3,66253.0,66399.9,3861.949,33.21791544780451,34.18824873056438,26.69100644336382,20.411499987860786,66250.21363789843,65701.84855198914,65937.68601708641,66381.27,66824.8539829136,1.3364733242180957,0.5209994056566499,0
2026-07-22 02:00:00,66399.9,66513.8,66264.9,66283.2,2039.117,31.797462632033024,33.2725482484111,25.120819474830583,19.210725811092196,66253.35519619382,65724.64664798956,66017.57455553085,66400.81000000001,66784.04544446917,1.154309546733418,0.3465564684877682,0
2026-07-22 03:00:00,66283.2,66343.4,66141.7,66176.7,2975.392,29.943679476820375,31.58079746231244,23.894106661648053,21.255347508407027,66246.05470131822,65742.37423042135,66019.30074951494,66401.30000000002,66783.2992504851,1.1505776256943208,0.20602036559651338,0
2026-07-22 04:00:00,66176.6,66399.0,66161.4,66349.3,1913.639,28.431529206911495,30.11449591947226,23.86532213581515,20.01541265229917,66255.88758690696,65766.17524099306,66037.64888382213,66408.765,66779.88111617787,1.1176720909592965,0.4198835655368097,0
2026-07-22 05:00:00,66349.2,66349.3,65909.1,65954.5,7960.255,26.79931023112,28.371494853970187,21.37720990595908,23.904117897075448,66227.18400720153,65773.56052566001,65974.38796417041,66393.43000000001,66812.4720358296,1.2622997059486034,-0.023730273421183747,0
2026-07-22 06:00:00,65954.4,66000.0,65800.1,65906.8,6026.171,25.67380062118012,27.052664914045806,20.34014906516071,25.389721743567595,66196.67124461092,65778.78560308511,65918.75574330645,66380.715,66842.67425669354,1.391847788001519,-0.012940257320548276,0
2026-07-22 07:00:00,65906.7,65941.5,65668.6,65813.4,6294.319,25.072841450172408,25.936075840646204,18.986012685923313,26.907383735991633,66160.16922131463,65780.14303041511,65828.56151029204,66355.49,66882.41848970797,1.5881986244332256,-0.014386686797340027,0
2026-07-22 08:00:00,65813.4,66140.5,65813.4,65953.5,5831.709,23.658239008574373,24.666019814877245,22.29792436123459,24.778079996190996,66140.48643833229,65786.94134294786,65777.2712908093,66326.78,66876.2887091907,1.6569738774917293,0.16035115207750622,0
2026-07-22 09:00:00,65953.4,66053.2,65816.4,65896.4,3223.673,22.344679598519054,23.70876052434573,21.00218834487273,23.338221731931355,66117.24011087207,65791.23383930285,65740.27419000074,66284.16,66828.04580999927,1.6410732518878262,0.1435281148440576,3
2026-07-22 10:00:00,65896.3,66077.3,65861.4,66016.2,7121.677,21.018470616059744,22.338354812317057,20.47107477176997,22.0784926922865,66107.61724316997,65800.05604168313,65747.32840356103,66244.755,66742.18159643898,1.5017840927601827,0.27026258584059676,3
2026-07-22 11:00:00,66016.2,66057.9,65872.1,65981.4,3175.036,19.786990846633245,21.065835222576148,19.495797431874582,21.026635187885855,66095.59655334425,65807.16756946026,65739.13724975823,66211.40000000001,66683.66275024178,1.4265300242610017,0.25649148711997055,3
2026-07-22 12:00:00,65981.3,65986.0,65505.0,65604.2,7832.203,20.018774733439013,20.51862267474938,17.209931844261227,27.509754458824943,66048.79688159717,65799.2080569324,65643.1278785843,66166.255,66689.3821214157,1.5812505072735408,-0.037206901526112335,3
2026-07-22 13:00:00,65604.1,65956.0,65531.7,65924.9,8594.386,20.234002628330085,20.010496737481667,15.485137245341642,24.752702522909967,66036.99717858792,65804.13715273899,65619.41476834772,66153.44499999999,66687.47523165226,1.614519793042591,0.28601866855656516,3
2026-07-22 14:00:00,65924.9,66190.4,65556.3,65770.2,10598.179,19.29970222583045,19.65923847963473,18.46867394236811,21.314695423942705,66011.5879234843,65802.80628400412,65571.24416957622,66127.58,66683.91583042378,1.682613609703477,0.17880911092156523,3
2026-07-22 15:00:00,65770.2,66100.0,65770.0,66014.8,6873.918,18.432137566366507,19.333070097348298,17.13483058167099,19.775306886074464,66011.89383553342,65811.11976306279,65565.79791921064,66107.845,66649.89208078936,1.639887310770327,0.41417258454330097,3
2026-07-22 16:00:00,66014.8,66363.6,65877.0,66199.7,7769.463,17.70726925869983,18.50348574226514,20.945442771450477,17.740690722931394,66029.7801369112,65826.358203727,65569.62956711967,66099.14,66628.65043288033,1.6021704151682705,0.5949556361458176,3
2026-07-22 17:00:00,66199.8,66249.3,65912.6,65997.5,3809.016,17.03417725872363,17.73315741254507,19.453944909281613,16.47739910501833,66026.70583815775,65833.0696467181,65563.97151885048,66081.395,66598.81848114953,1.5660186385276103,0.41893004177775234,3
2026-07-22 18:00:00,65997.5,66052.8,65701.2,65860.5,4340.972,16.13970146877906,16.923485363739445,18.01157942669409,19.713554976580845,66010.87671071416,65834.1453468468,65542.55538157905,66060.86,66579.16461842095,1.5691730880311048,0.3067159804494798,3
2026-07-22 19:00:00,65860.6,65924.0,65650.2,65891.1,3197.039,15.512274554335129,16.27322590652938,16.957213442127042,19.649934449302503,65999.46940493186,65836.37886265673,65554.25244910513,66029.295,66504.33755089487,1.438884213120459,0.3545446089622229,3
2026-07-22 20:00:00,65891.2,65954.3,65753.0,65887.8,2320.046,14.786258279674223,15.46297987422664,16.872828444776275,18.779533409641644,65988.83422350978,65838.39537784665,65596.51294630488,65994.1,66391.68705369513,1.204916965895818,0.36631858480795143,3
2026-07-22 21:00:00,65887.8,66103.1,65853.2,66034.5,2201.826,14.025349119918594,14.768811837126862,19.258508289632978,17.729593970345903,65993.18334508028,65846.085755186,65626.05078482101,65975.83,66325.60921517899,1.060325319678406,0.5838671902931329,3
2026-07-22 22:00:00,66034.5,66046.0,65891.8,66013.8,1660.556,13.318790614431222,14.052524447052722,18.56864587120065,17.094499061110902,65995.14683602501,65852.66278439439,65642.99295888557,65962.36,66281.72704111443,0.9683311546597989,0.5805342965581282,3
2026-07-22 23:00:00,66013.9,66116.5,65808.5,66082.0,2265.474,12.482839157719825,13.254094138819209,17.24023037599551,17.80639822431279,66003.4185659274,65861.65640069265,65649.01132649135,65957.625,66266.23867350865,0.9357937721640144,0.701505977661283,3
2026-07-23 00:00:00,66082.0,66284.1,66020.0,66023.8,4469.351,12.25130551750792,12.78504806596957,20.104465885804174,16.70295646350651,66005.35965488669,65868.01497321451,65690.84578845293,65941.35,66191.85421154708,0.7597788384589379,0.6645680914719954,3
2026-07-23 01:00:00,66023.8,66180.0,65715.9,65793.8,5399.416,12.063790914457929,12.273315036088878,17.99421500412573,21.827492852078752,65985.21111632606,65865.10458210806,65674.4183266407,65933.315,66192.2116733593,0.7853288534310674,0.23055853095806217,3
2026-07-23 02:00:00,65793.7,65808.9,65616.3,65777.4,3027.886,12.260339667395003,12.255822592451462,17.18791946238416,23.166638248095808,65965.41958143786,65861.66518673128,65658.85058155324,65926.845,66194.83941844676,0.8130054409452185,0.22117889457146356,3
2026-07-23 03:00:00,65777.4,65788.2,65548.0,65626.8,3847.55,12.690371349107918,12.377081131782923,16.212242929317913,23.46567755602564,65933.1700974914,65852.45478725163,65621.37632497607,65917.51500000001,66213.65367502396,0.8985128611840028,0.009157323040459847,3
2026-07-23 04:00:00,65626.7,65710.0,65558.0,65585.3,2534.037,13.089686482127053,12.67501307476103,15.608437187331532,22.59172625208195,65900.03961201603,65841.97812892804,65568.60000536827,65899.10500000001,66229.60999463176,1.0030636823724537,0.0252643604529257,3
2026-07-23 05:00:00,65585.4,65764.8,65543.1,65663.9,2512.364,13.152330288226795,12.921350818667356,16.11190474303658,21.343138128733948,65877.55012515736,65834.99467289164,65540.62324752186,65887.48000000001,66234.33675247816,1.0528760622751203,0.1777055680729495,3
2026-07-23 06:00:00,65663.9,65793.7,65593.9,65763.2,2021.415,13.045295014426511,13.067490748276782,16.02803565576208,20.256586137921534,65866.65963704714,65832.17919552335,65529.28790506614,65874.83,66220.37209493386,1.0490868665129265,0.3384711998383697,3
2026-07-23 07:00:00,65763.3,65763.3,65313.7,65405.3,8530.657,14.049273507705102,13.600801897965948,14.267821871844914,24.876256049467877,65822.72062399503,65815.43883491459,65446.11617946748,65846.02500000001,66245.93382053255,1.2146787009011861,-0.05103185697820039,3
2026-07-23 08:00:00,65405.3,65637.2,65383.6,65605.9,3577.763,14.981539251463795,14.013417132945154,13.375536143086805,23.320536581055244,65802.07104075741,65807.22162570225,65446.41693407286,65846.11000000002,66245.80306592716,1.2140218030409062,0.199506921088544,3
2026-07-23 09:00:00,65605.8,65732.3,65573.8,65607.9,3031.028,15.262616793705195,14.655945150705149,15.258830898987991,22.378553754557014,65783.57856068527,65799.40509136098,65418.75549775087,65830.26000000001,66241.76450224915,1.2501986237002236,0.22982069602559235,3
2026-07-23 10:00:00,65607.9,65756.6,65555.1,65704.2,2837.969,15.375729270179926,15.17863426082186,15.091178264933696,21.205844158192026,65776.01869776286,65795.67155836643,65412.38046461409,65826.95999999999,66241.53953538589,1.2596040752478905,0.35194638239231085,3
2026-07-23 11:00:00,65704.1,65709.4,65511.0,65525.4,2374.826,15.676222115645741,15.469419454675467,14.296763172041954,21.25964214991649,65752.15025035688,65785.07267372462,65376.964725096324,65802.49,66228.0152749037,1.2933409507867695,0.17441416956639608,3
2026-07-23 12:00:00,65525.4,65557.8,64927.3,65138.0,15552.526,17.789330240175136,16.582529755177532,12.114283630387472,32.146677914102604,65693.65975032288,65759.69727475502,65270.920178811066,65749.405,66227.88982118893,1.4554803079630394,-0.13889696488259282,3
2026-07-23 13:00:00,65138.0,65215.3,64839.1,64858.6,14102.63,19.944627685142795,17.810424900394267,11.032127068164286,31.369363791921238,65614.13025029213,65724.36012672541,65084.68070349004,65692.46,66300.23929650997,1.85037764306578,-0.18598914506323252,3
2026-07-23 14:00:00,64858.7,65197.0,64801.0,64884.6,11702.687,22.029461787273643,19.90939601372439,10.017698662520724,29.36957329923583,65544.65117883573,65691.42835704991,64943.07716478936,65643.66500000001,66344.25283521065,2.1345177336172227,-0.04173435638643581,3
2026-07-23 15:00:00,64884.7,65003.6,64696.2,64940.4,10141.344,24.192049930708606,22.0683388079257,9.302609344887154,29.706700047586335,65487.10344751804,65661.97626461658,64839.46462836295,65596.13,66352.79537163707,2.3070427222979775,0.0666974962913115,3
2026-07-23 16:00:00,64940.4,64940.5,64688.0,64731.4,4677.967,26.21798226222845,24.123722024751046,8.75009052519748,28.135184813309348,65415.13169061156,65625.48307776886,64702.85861390419,65538.31000000001,66373.76138609584,2.54950543001742,0.017081416447934757,3
2026-07-23 17:00:00,64731.5,64877.6,64636.0,64654.4,4543.014,28.216057724066214,26.204053827387412,8.245455735836334,27.75385752896159,65342.68105341046,65587.40138844459,64580.15887980614,65469.30500000001,66358.45112019387,2.716222877862734,0.04174854869617616,1
2026-07-23 18:00:00,64654.4,64924.9,64654.3,64842.5,3309.665,29.711561767932054,27.96477201508025,8.846039886010086,25.948775060360603,65295.04476260946,65558.1895692899,64518.307319004685,65410.740000000005,66303.17268099533,2.7287038214070654,0.1816342497866317,1
2026-07-23 19:00:00,64842.5,64908.1,64670.0,64820.7,3454.039,31.10024409437891,29.658150909222563,8.332509888229684,24.442397678971535,65249.86907093237,65529.268409709905,64476.9723487778,65347.67500000001,66218.37765122222,2.6648313079913275,0.19738520994492292,1
2026-07-23 20:00:00,64820.7,65176.0,64809.7,65117.7,5482.38,30.507227231577456,30.109394499754757,14.018437545608464,22.29782110316054,65237.28154036738,65513.12847207422,64487.278480176916,65302.37000000001,66117.4615198231,2.496361218813633,0.386718242363696,1
2026-07-23 21:00:00,65117.6,65183.1,64979.9,65137.4,2461.061,29.912555678903033,30.50639988664097,13.494262298684806,21.187256213852017,65227.76901271335,65498.39402218896,64485.505695395805,65269.55000000001,66053.59430460421,2.4024811098106293,0.4157254257036428,1
2026-07-23 22:00:00,65137.4,65193.5,64976.7,65158.2,3003.047,29.291822546644433,29.899524889110943,13.023487014755457,20.04040203924422,65221.143392454935,65485.05308014233,64490.9251781058,65238.59000000001,65986.25482189422,2.2920937497092244,0.4462392788546976,1
2026-07-23 23:00:00,65158.2,65189.5,65018.8,65069.6,2173.156,28.715427495261444,29.31399158708224,12.451968352722618,19.16095525612904,65206.71068841161,65468.76080248969,64482.706029599954,65210.73000000002,65938.75397040008,2.2328349043173206,0.4030732463915539,1
2026-07-24 00:00:00,65069.6,65084.0,64733.2,64953.1,4831.001,29.306030254247055,29.298926400445744,11.349674724901568,24.671813825016063,65182.557289515265,65448.53881023519,64464.80376868561,65179.12000000001,65893.43623131441,2.1918560155902638,0.34179275922085894,1
2026-07-24 01:00:00,64953.0,65146.4,64912.4,65053.2,3089.748,29.414530704173426,29.064979099717434,12.265470847450105,23.1966970708197,65170.23754765667,65433.03532748087,64470.2165322751,65148.585000000014,65826.95346772492,2.082527096252075,0.42969528763629566,1
2026-07-24 02:00:00,65053.2,65164.8,64890.5,65091.8,3231.376,29.597842297054303,29.45193627565068,11.404670023082945,22.129054622371186,65162.767305022695,65419.653549932606,64501.344938550654,65115.015000000014,65728.68506144937,1.884880350405694,0.48108511278423616,1
2026-07-24 03:00:00,65091.8,65436.8,65045.0,65425.4,7118.962,28.046009716513613,28.73027021034352,17.05776481214065,19.972886633732756,65187.77994263958,65419.87890091564,64500.285906329096,65116.020000000004,65731.75409367091,1.891190811941233,0.7512285767347423,1
2026-07-24 04:00:00,65425.5,65440.0,65235.4,65281.9,3917.507,26.58723108479113,28.092536690922717,16.252880429603508,18.93531486732035,65196.74375762629,65414.467963624826,64522.50403032172,65099.82000000001,65677.1359696783,1.7736330751092495,0.6576952739601627,1
2026-07-24 05:00:00,65282.0,65365.9,65213.0,65282.3,1810.83,25.345539050675303,26.695774383594458,15.600642093384351,18.763346417507076,65204.891971185694,65409.284906227775,64549.83436301378,65083.54,65617.24563698622,1.6400633308705042,0.6862075142417265,1
2026-07-24 06:00:00,65282.4,65490.0,65245.6,65441.6,3572.79,23.600215727630463,25.0937234062108,17.87364518684596,17.55092293326501,65227.435592977534,65410.55216480708,64590.81844175449,65070.409999999996,65550.0015582455,1.4740695755428677,0.8869855438635501,1
2026-07-24 07:00:00,65441.6,65780.0,65338.0,65470.0,12855.234,23.3174595616276,24.33149930615145,23.209779094435568,15.589055742795516,65250.536965074905,65412.883452461705,64598.58919857301,65067.64,65536.69080142699,1.441732945676183,0.9289087650803559,3
2026-07-24 08:00:00,65470.1,65477.2,65274.5,65274.6,3662.526,22.69022866839582,23.145222198013144,21.995497009918193,16.412433083833683,65252.82868268682,65407.46057197301,64597.19924113595,65074.47,65551.74075886405,1.4668448590178231,0.7096608647011257,3
2026-07-24 09:00:00,65274.6,65290.7,64919.7,65088.1,7663.998,21.70267800917381,22.510068785400705,19.93930596915645,23.818198454981285,65237.14023671665,65394.93662797407,64619.617252252465,65085.945,65552.27274774753,1.4329599047767725,0.5023106066606712,3
2026-07-24 10:00:00,65088.2,65132.2,64878.0,64927.8,3324.749,20.949761716276385,21.8199951923361,18.652666338339277,23.339802705986365,65207.67926179126,65376.61754452411,64625.31729841283,65088.105,65550.89270158717,1.4220346454614736,0.32680503452207105,3
2026-07-24 11:00:00,64927.7,65073.6,64821.9,65045.7,4034.095,20.474209132124294,21.08844357064905,17.45183933491347,23.272117670233055,65192.25266543019,65363.64038591532,64635.285617514455,65093.37000000001,65551.45438248556,1.4074686330898358,0.4479681017050215,3
2026-07-24 12:00:00,65045.7,65110.1,64707.5,64746.6,4732.922,20.47231011777997,20.711035917028177,15.709700840212216,23.785538445086164,65149.80955443684,65339.44272372257,64638.53050320795,65094.130000000005,65549.72949679206,1.399817454483395,0.11860142246971665,3
2026-07-24 13:00:00,64746.5,64774.5,63882.3,64129.1,29360.681,22.505472858332883,21.48984099522859,12.687121544186928,37.0045115367303,65052.59912068095,65291.978303184434,64467.85005184995,65067.865000000005,65667.87994815006,1.8442742762500526,-0.282284677152105,3
2026-07-24 14:00:00,64129.1,64170.0,63666.0,64031.4,18282.036,24.728270806244694,22.60029046201233,11.35772611566262,37.62400524734788,64955.34206156847,65242.5438599223,64273.28063326534,65027.310000000005,65781.33936673467,2.3191159736875573,-0.16039205098390824,3
2026-07-24 15:00:00,64031.3,64305.8,63824.3,64065.1,15421.724,26.150956662185035,24.32821476025896,12.997068623512188,33.962640718722895,64870.55710332386,65196.369590905735,64124.38319992051,64989.53,65854.67680007948,2.6624190083525408,-0.034261930989666345,3
2026-07-24 16:00:00,64065.1,64176.5,63854.3,63930.4,5378.185,27.472022099843926,26.10014645304431,12.145339439259141,31.736987141568797,64781.01833157873,65146.72372459571,63947.13853191737,64930.16499999999,65913.19146808262,3.027950007774113,-0.008513774786765523,1
2026-07-24 17:00:00,63930.3,64177.9,63882.6,64154.9,3685.779,28.691510854262486,27.42123375822376,11.436290383270313,29.808908329183744,64721.38801428552,65107.828676572346,63844.858336592166,64881.03999999999,65917.22166340782,3.1940969608619953,0.1496077735964563,1
2026-07-24 18:00:00,64154.9,64262.3,64104.1,64242.8,3081.464,29.376110038345114,28.424066069094522,12.855621024499476,28.79948907375391,64675.80820340119,65073.90598337343,63770.170166575175,64835.27,65900.36983342482,3.2855568687377152,0.22187114230648666,1
2026-07-24 19:00:00,64242.7,64266.9,64113.4,64199.5,2530.206,29.986730433129104,29.339120643695793,12.518692345414046,27.815262119729308,64630.445517362976,65039.615552652904,63696.31814520149,64791.765,65887.2118547985,3.381438535587062,0.2296696789051733,1
2026-07-24 20:00:00,64199.5,64260.1,64105.0,64139.6,2090.567,30.575765474945666,29.97593775664539,12.069843401017627,27.012147274405574,64583.69832523317,65004.32082509789,63621.00204832098,64751.090000000004,65881.17795167903,3.4905603957524813,0.22945026133077215,1
2026-07-24 21:00:00,64139.6,64195.1,64098.7,64112.2,1832.95,31.14036118252013,30.563545807824617,11.786969219398177,26.532242126440455,64538.793722830014,64969.335694701906,63548.83620134591,64704.04000000001,65859.2437986541,3.570731591579432,0.2438374074386046,1
2026-07-24 22:00:00,64112.2,64187.6,64098.7,64132.7,1039.951,31.66462862526785,31.120197050106757,11.518860701503929,25.928734983889814,64500.11813017954,64936.52645177242,63489.08857953752,64656.085000000014,65823.0814204625,3.609857975355272,0.2757555246859309,1
2026-07-24 23:00:00,64132.8,64155.0,64102.2,64116.5,988.191,32.151448393533585,31.645904788026858,11.353679006233385,25.55691414918692,64463.58307016244,64904.368551702915,63459.02927020226,64590.64000000001,65722.25072979774,3.5039464844991146,0.29050216319319044,1
2026-07-25 00:00:00,64116.5,64155.0,64005.4,64049.6,6490.967,32.91654843810585,32.29058853168685,10.877716772822364,27.19809409903091,64424.15611109936,64870.84821634202,63421.963052651474,64529.025,65636.08694734854,3.431206181554831,0.28346965987393324,1
2026-07-25 01:00:00,64049.6,64135.0,63977.0,64039.2,2142.025,33.716840914606905,32.934144654070245,10.382660342763076,26.778326899943497,64387.49362432799,64838.234560799196,63398.987228785554,64466.87,65534.75277121445,3.312966090069049,0.29975798302577805,1
2026-07-25 02:00:00,64039.1,64072.3,63988.4,64010.5,1372.173,34.45996964278646,33.688259040446155,10.119296093982523,26.09907382657108,64351.58946963008,64805.77438194433,63414.172024688014,64395.31500000001,65376.457975312005,3.047249556313205,0.30389453439360276,1
2026-07-25 03:00:00,64010.5,64073.7,63988.4,64052.9,1221.84,35.137078114792075,34.42695951469949,9.890199966783516,25.393816030220393,64323.14285347484,64776.249896377885,63474.14255240273,64324.46000000001,65174.777447597284,2.6438385882983777,0.34031845943691624,1
2026-07-25 04:00:00,64053.0,64181.0,64052.9,64146.9,1255.783,34.79941014466093,34.62968989372369,12.9834392344423,24.330508786155473,64306.35781981057,64751.569508284636,63542.65460826771,64268.075000000004,64993.4953917323,2.2574828691610747,0.41647946392116275,1
2026-07-25 05:00:00,64147.0,64166.6,63940.7,63990.1,1755.924,34.96164831356744,35.049363214179756,12.027035667515499,26.19695275803599,64276.23802744766,64721.70795894014,63590.081877362674,64213.174999999996,64836.26812263732,1.9407018034455434,0.320993851564431,1
2026-07-25 06:00:00,63990.0,64032.0,63933.2,63982.9,1842.202,35.14305812500361,34.97123413483227,11.62374074933669,25.573054330455847,64248.30107245265,64692.735097805235,63634.425715317484,64165.92999999999,64697.4342846825,1.6566557507465693,0.3278188856846907,1
2026-07-25 07:00:00,63982.9,64005.5,63966.8,63972.9,1138.406,35.31151009276578,35.136579203166605,11.461616224171491,25.216368872671048,64222.07239888573,64664.506270440324,63772.76086536278,64112.28999999999,64451.819134637204,1.0591701985288953,0.29473042843741315,1
2026-07-25 08:00:00,63973.0,63973.1,63760.5,63844.3,3567.434,36.267866110555524,35.70546211777957,10.587938634179771,30.690972335177356,64186.09407518233,64632.34131865835,63874.497272053864,64067.174999999996,64259.85272794613,0.601486573884774,-0.07836212409122884,1
2026-07-25 09:00:00,63844.4,64000.0,63794.2,63973.9,2160.102,36.895210076157966,36.10336008446187,10.770723932779083,28.431669298222015,64165.885115641155,64606.52009047567,63864.74738826908,64059.41499999999,64254.082611730904,0.607772055773256,0.28035637454113416,1
2026-07-25 10:00:00,63973.8,64039.7,63959.3,64039.6,1751.971,37.0887408076554,36.678303459105464,11.93052371752369,27.577556970026105,64153.85796177057,64584.28793006486,63865.37140249322,64059.82500000001,64254.2785975068,0.607099996001525,0.4479953051542112,1
2026-07-25 11:00:00,64039.6,64078.5,64014.7,64031.3,1213.513,36.889371151688906,36.892290613923436,13.154082316349323,26.88730257693013,64142.18577493527,64562.60212888585,63863.287321018746,64058.13500000002,64252.98267898129,0.6083463996610898,0.4311385176864406,1
2026-07-25 12:00:00,64031.2,64088.2,64006.2,64088.2,1166.645,36.60705750495765,36.847899156306525,13.109721951303204,25.987002205626677,64137.04427256048,64543.9981238315,63880.39417365754,64066.025000000016,64251.65582634249,0.5794984981274319,0.5597287649818198,1
2026-07-25 13:00:00,64088.1,64236.8,64072.2,64136.9,2768.49,34.985084228607015,35.937227690147964,18.31852220419118,24.232932570782875,64137.030532316625,64528.03349152439,63881.141237832744,64065.125000000015,64249.108762167285,0.5743647957208244,0.6950579745584614,1
2026-07-25 14:00:00,64136.8,64187.4,64079.2,64177.7,1570.678,33.47896618628142,35.04301184561953,17.48312719271974,23.127817717231856,64140.90381495313,64514.29492322932,63889.16371326421,64061.87000000001,64234.576286735806,0.5391859049253364,0.835338111279013,1
2026-07-25 15:00:00,64177.7,64243.6,64135.5,64150.0,1961.221,31.599601278812088,33.29234275370955,19.097014895431514,22.046094328120304,64141.77011829093,64500.00884780856,63893.717564811326,64059.39500000001,64225.0724351887,0.5172619416361492,0.7734379606275328,1
2026-07-25 16:00:00,64150.1,64219.0,64092.2,64180.9,1548.05,30.16444019985608,31.82170319306875,18.031657194249735,22.721233389387177,64145.4967736918,64487.49477534548,63890.62419208041,64061.46000000001,64232.2958079196,0.5333497173482991,0.8495754240709564,1
2026-07-25 17:00:00,64180.8,64330.2,64162.1,64236.6,2620.615,28.09971507909098,29.849658178951536,21.581444927612377,21.045080259337322,64154.17327143543,64477.65576454763,63880.76383414748,64067.68000000001,64254.596165852534,0.5834959712994955,0.9518603279431325,1
2026-07-25 18:00:00,64236.7,64417.1,64236.7,64391.4,2559.51,26.802286849449096,28.48336352465259,23.66927244998479,19.3909312385765,64176.76629320349,64474.27318554576,63845.23195024997,64080.615000000005,64315.998049750044,0.7346466626452898,1.160168606724294,1
2026-07-25 19:00:00,64391.3,64410.0,64351.4,64359.6,1546.182,25.597532064781635,26.848623571936308,23.036219060076835,18.87230546416826,64194.17902718411,64469.7761978773,63826.503563582926,64092.770000000004,64359.03643641708,0.8308782298442641,1.0010582700367723,1
2026-07-25 20:00:00,64359.7,64367.8,64282.9,64303.9,1212.571,23.894873862883028,25.34858035616606,22.1134221240543,21.34835693524458,64204.62864364276,64463.27124894093,63824.04381215631,64105.48500000001,64386.9261878437,0.8780564965500063,0.8524981569332135,1
2026-07-25 21:00:00,64304.0,64407.1,64233.0,64318.5,1521.137,22.463033388807872,24.030282726794752,20.316156536997983,21.94274704846285,64215.473534724406,64457.59394506089,63824.4657220887,64119.45000000001,64414.43427791132,0.9201085720832277,0.8373908626747812,3
2026-07-25 22:00:00,64318.6,64393.0,64318.5,64377.6,868.254,21.133467234309514,22.51417054859627,19.582705413262268,21.15057297502357,64230.91415046494,64454.45692760753,63826.151383397926,64137.80500000001,64449.45861660209,0.9718250152217758,0.8847139696539453,3
2026-07-25 23:00:00,64377.7,64393.4,64331.9,64338.1,991.941,19.895070639477996,21.179052014142933,18.993974332282832,20.49286100086535,64241.122326611134,64449.893910838604,63830.81737767976,64152.065,64473.31262232024,1.001519194495888,0.7895507811954249,3
2026-07-26 00:00:00,64338.0,64482.7,64317.9,64482.6,1921.435,19.015759215844493,20.074613225077,21.89207355304771,18.805295820081817,64264.120200267214,64451.17650257042,63815.28406033881,64168.85,64522.41593966119,1.1019862118806498,0.9436937566733059,3
2026-07-26 01:00:00,64482.7,64514.1,64422.6,64434.3,1584.646,18.46240205127956,19.17873634537878,22.475147932530213,17.922800516446998,64280.327800241765,64450.51467894021,63829.06592967337,64191.06,64553.05407032662,1.1278644419538348,0.8359723541611205,3
2026-07-26 02:00:00,64434.3,64500.0,64394.0,64490.6,1140.605,17.649488975554902,18.3326240956997,21.2320817124107,18.423803046239765,64300.35372402827,64452.086652315105,63844.83562118227,64216.445,64588.05437881773,1.1573651541057166,0.8688752432355422,3
2026-07-26 03:00:00,64490.6,64553.9,64453.2,64518.8,1560.582,17.365576816863413,17.91398943407149,22.961528717952138,17.437126268242157,64321.15813126367,64454.70286202824,63867.28889657835,64243.740000000005,64620.19110342166,1.171946413523421,0.8653329708691386,3
2026-07-26 04:00:00,64518.9,64566.0,64452.9,64493.1,1510.232,17.205934316615995,17.42771164608545,22.215504226459053,16.376334495359153,64337.53354733379,64456.208632144786,63934.44161683166,64276.18,64617.91838316834,1.0633437866666628,0.8173772843262146,3
2026-07-26 05:00:00,64493.2,64493.2,64359.3,64386.0,2022.339,16.044653073220886,16.705114945042148,20.61642068469442,20.229205411803417,64342.14939996867,64453.45535245283,63983.256609438016,64296.785,64610.31339056199,0.9752537100011678,0.6422757917394373,3
2026-07-26 06:00:00,64386.0,64428.7,64256.4,64408.9,3152.044,15.748660621408504,16.47729746901225,18.74649462529344,23.81118092071569,64348.50659997165,64451.708083729194,64022.699772186665,64315.25,64607.800227813335,0.9097382901048674,0.6600579850851386,3
2026-07-26 07:00:00,64409.0,64439.1,64313.5,64341.2,1444.629,15.364592111626575,15.70462259242373,18.050799457416815,22.22844215796968,64347.810733307684,64447.374433386874,64070.47159333947,64330.744999999995,64591.01840666052,0.8091726799076437,0.5200846489354138,3
2026-07-26 08:00:00,64341.3,64467.5,64320.2,64450.1,1158.466,14.703392303533473,15.226026462470989,18.146029388854508,20.506869112948774,64357.55256823076,64447.481318352104,64110.1397351799,64348.84,64587.54026482009,0.7418945386431027,0.7121070122739926,3
2026-07-26 09:00:00,64450.0,64525.2,64450.0,64512.3,1615.264,13.807584767396616,14.586088439511595,20.53866037902933,19.669328754388246,64372.290418875455,64450.02322743634,64140.31516340893,64367.60999999999,64594.90483659106,0.7062397892078435,0.818287036718586,3
2026-07-26 10:00:00,64512.3,64557.3,64472.4,64490.9,1709.222,13.287526863475858,13.995459583504665,21.355692399642425,18.738814502609323,64383.58656945875,64451.626238125114,64168.24056161417,64383.26999999999,64598.29943838581,0.6679668130737069,0.7502680581969784,3
2026-07-26 11:00:00,64491.0,64507.2,64470.0,64481.4,968.837,12.777382017757585,13.2924833925771,20.889377889613602,18.470515995297248,64392.9021342722,64452.793836630015,64211.01973568863,64399.83999999999,64588.66026431135,0.5863997932645854,0.7159725819086902,3
2026-07-26 12:00:00,64481.5,64639.0,64405.9,64434.2,3951.26,13.47481824737817,13.381172555427014,25.468139994735566,16.098418652884117,64396.83526434151,64452.0646665661,64253.965594624846,64412.505,64571.04440537515,0.49226281566025587,0.5684214752435297,3
2026-07-26 13:00:00,64434.2,64548.3,64379.7,64491.8,2041.798,13.806891623880098,13.292136820818842,23.152110695431077,16.04761327871552,64405.879524880416,64453.62291493606,64286.489296439184,64425.26500000001,64564.04070356083,0.4308114326291801,0.7397213571712685,3
2026-07-26 14:00:00,64491.9,64748.3,64491.8,64687.2,5026.726,15.452223884230234,14.463521065804201,30.260779608125024,13.966695302308109,64432.67195108228,64462.782800624846,64259.66534600841,64440.05500000001,64620.4446539916,0.5598680944378305,1.185030971930089,3
2026-07-26 15:00:00,64687.2,64819.3,64640.0,64733.6,3665.271,17.342627943846864,15.574759783863481,31.091222145486093,12.724570463589401,64461.33176526492,64473.403082953286,64240.017527206626,64458.755000000005,64677.49247279338,0.6786897227331753,1.1282531211732871,3
2026-07-26 16:00:00,64733.5,64909.0,64670.1,64700.0,4283.747,19.506963972355425,17.47959392829283,31.82183458260274,11.284527320259896,64484.06207333493,64482.28923656296,64247.47869372604,64478.560000000005,64709.64130627397,0.7167694386287834,0.9791387143568069,3
2026-07-26 17:00:00,64700.0,64769.1,64639.9,64663.2,2119.427,21.152788594832685,19.247708269339775,29.854096239070184,12.032131142816167,64501.122828255415,64489.38377630559,64263.56325117592,64495.795000000006,64728.02674882409,0.7201453949798985,0.8604266015470572,3
2026-07-26 18:00:00,64663.3,64749.4,64634.0,64706.8,1135.743,22.607664116959548,21.05731404465749,28.178068020980245,11.643667100979593,64520.71113032633,64497.90990272498,64268.8971523682,64512.255000000005,64755.61284763181,0.7544546307730433,0.899709731765747,3
2026-07-26 19:00:00,64706.8,64729.4,64638.8,64665.5,791.484,23.95861995893449,22.55570427688359,26.90117161369193,11.11603132844075,64534.500546485724,64504.482063402436,64290.60510807638,64528.625000000015,64766.64489192365,0.7377187780574447,0.7875284895177993,3
2026-07-26 20:00:00,64665.6,64676.2,64606.3,64621.3,748.268,24.768093505995058,23.687878811477304,25.925063458110927,12.399755820819564,64542.76716110613,64509.06315895528,64295.11635389695,64535.56000000001,64776.003646103076,0.7451508783779474,0.6782954163888347,3
2026-07-26 21:00:00,64621.2,64897.1,64621.2,64821.7,1929.004,26.646119272082217,25.302369615508354,33.159604552257015,10.742824738075255,64569.332193381735,64521.323427231546,64287.88731781378,64554.93000000001,64821.972682186235,0.8273347432526917,0.9994894408189628,3
2026-07-26 22:00:00,64821.7,65480.0,64821.7,65384.7,13652.278,29.8203062050093,27.29419985550218,47.316278815155705,7.996988550837886,64646.98627020252,64555.18133204599,64144.687880917125,64599.635,65054.58211908288,1.4085129709568085,1.3628090684282153,0
2026-07-26 23:00:00,65384.7,65555.0,65245.6,65375.1,6629.856,32.878580399684765,29.76234983588349,44.672910868284546,7.080921895158859,64716.330434945135,64587.335005299086,64072.81680869575,64642.45,65212.08319130424,1.7624121341448074,1.1430892820013785,0
2026-07-27 00:00:00,65375.2,65398.8,65033.0,65106.0,5619.723,33.982944775430376,31.901625490219836,38.986674960379396,13.57737873592808,64753.44182209322,64607.67480901285,64072.204392648,64673.095,65273.985607352006,1.8582398363709196,0.8602194764765235,0
2026-07-27 01:00:00,65106.0,65196.7,64872.0,65179.8,5474.232,33.91748928733552,33.398034843510146,34.75752802642046,17.483284318786428,64794.04736284624,64630.111091012346,64087.375538250395,64712.785,65338.19446174961,1.932877596751889,0.8733673925347291,0
2026-07-27 02:00:00,65179.9,65254.4,65088.0,65145.7,2410.619,34.039433382680556,34.01118907905547,34.75289350685754,16.495723905712982,64827.53809019422,64650.33026391382,64112.88555605336,64749.62500000001,65386.36444394665,1.9667741518090467,0.8110181124833684,0
2026-07-27 03:00:00,65145.6,65344.0,65143.5,65261.5,2331.283,34.428904548399636,34.17319691786758,35.431395609512435,15.369206668647012,64868.86779589001,64674.29770454465,64150.22153142113,64795.64000000001,65441.058468578885,1.9921663512510366,0.860897636711382,0
2026-07-27 04:00:00,65261.5,65484.6,65216.0,65257.2,3606.45,35.18888838597723,34.614160884328896,36.94838325296248,13.990777001950828,64905.85181532906,64697.15661809192,64180.69226248611,64835.995,65491.297737513894,2.021416460143449,0.8213819933043278,0
2026-07-27 05:00:00,65257.2,65468.2,65251.0,65434.3,2052.379,35.89458766372785,35.161746106063745,34.271640986670235,12.977208860606277,64956.18021386915,64726.064201696165,64193.780630342226,64882.095,65570.40936965778,2.121739039584882,0.9011284845575386,0
2026-07-27 06:00:00,65434.2,65722.5,65377.5,65388.0,6825.399,37.18553837176062,36.187213378868925,38.62013222863367,11.546341220188467,64997.30590778637,64752.022468296316,64229.11785157741,64926.95,65624.78214842259,2.149591651610276,0.8303444825823667,0
2026-07-27 07:00:00,65388.0,65421.3,65190.0,65195.9,4161.868,37.130794637837624,36.512691150782736,35.77234948681279,16.672422020401534,65016.219630854335,64769.42943032391,64288.11473036351,64962.675,65637.2352696365,2.0767626014060996,0.672871877056796,0
2026-07-27 08:00:00,65196.0,65234.0,65092.3,65133.0,3777.889,36.494204451824935,36.83987141179278,34.11280306490157,19.09760657533091,65027.341570772965,64783.68709972297,64367.37551243372,64997.61500000001,65627.8544875663,1.9392695795570156,0.6074075828878832,0
2026-07-27 09:00:00,65132.9,65315.7,65066.3,65234.4,3233.697,36.16639664934757,36.6485956435926,34.003349950988465,17.554023859910902,65047.061421175546,64801.36211542011,64443.697012008466,65034.74500000001,65625.79298799155,1.8176375966155938,0.6688991452948259,0
2026-07-27 10:00:00,65234.5,65412.8,65202.1,65314.7,2361.136,36.161994575112466,36.3280995134687,34.83090031941805,16.35158348483714,65072.55080963502,64821.49301285461,64486.23731639891,65066.12,65646.0026836011,1.7824412569893275,0.7143364572091581,0
2026-07-27 11:00:00,65314.7,65314.8,65061.1,65073.1,2731.686,35.30272008036181,35.73455836485469,31.989484928791587,19.55152923061543,65072.6031134793,64831.359953526975,64524.71957271741,65083.09500000001,65641.4704272826,1.7158846772194751,0.49104992849644924,0
2026-07-27 12:00:00,65073.1,65240.2,64968.1,64970.6,3904.523,33.9833895285705,35.072692051841486,29.23485228450628,20.811075499794335,65062.888531243174,64836.82034750631,64564.854978969575,65096.625,65628.39502103042,1.6337867624640172,0.3815042264362734,0
